{
  "type": "FeatureCollection",
  "features": [
    {
      "type": "Feature",
      "geometry": {
        "type": "Point",
        "coordinates": [
          77.152001,
          28.5336472
        ]
      },
      "properties": {
        "id": 248852583,
        "name": "ICICI, SBI, Citibank,",
        "operator": "Unknown Bank",
        "amenity": "bank"
      }
    },
    {
      "type": "Feature",
      "geometry": {
        "type": "Point",
        "coordinates": [
          77.102391,
          28.4400152
        ]
      },
      "properties": {
        "id": 249132375,
        "name": "HDFC Bank",
        "operator": "Unknown Bank",
        "amenity": "bank"
      }
    },
    {
      "type": "Feature",
      "geometry": {
        "type": "Point",
        "coordinates": [
          77.0474903,
          28.4740435
        ]
      },
      "properties": {
        "id": 266376686,
        "name": "HSBC Bank",
        "operator": "Unknown Bank",
        "amenity": "atm"
      }
    },
    {
      "type": "Feature",
      "geometry": {
        "type": "Point",
        "coordinates": [
          77.0475761,
          28.4740963
        ]
      },
      "properties": {
        "id": 266376703,
        "name": "HDFC Bank",
        "operator": "Unknown Bank",
        "amenity": "atm"
      }
    },
    {
      "type": "Feature",
      "geometry": {
        "type": "Point",
        "coordinates": [
          77.0481254,
          28.4730702
        ]
      },
      "properties": {
        "id": 266376782,
        "name": "Standard Chartered Bank",
        "operator": "Unknown Bank",
        "amenity": "bank"
      }
    },
    {
      "type": "Feature",
      "geometry": {
        "type": "Point",
        "coordinates": [
          77.0448914,
          28.4758053
        ]
      },
      "properties": {
        "id": 266437720,
        "name": "ICICI Bank",
        "operator": "Unknown Bank",
        "amenity": "bank"
      }
    },
    {
      "type": "Feature",
      "geometry": {
        "type": "Point",
        "coordinates": [
          77.0450545,
          28.4760015
        ]
      },
      "properties": {
        "id": 266437737,
        "name": "HDFC Bank",
        "operator": "Unknown Bank",
        "amenity": "bank"
      }
    },
    {
      "type": "Feature",
      "geometry": {
        "type": "Point",
        "coordinates": [
          77.1682153,
          28.5101062
        ]
      },
      "properties": {
        "id": 266442366,
        "name": "AXIS Bank",
        "operator": "Axis Bank",
        "amenity": "atm"
      }
    },
    {
      "type": "Feature",
      "geometry": {
        "type": "Point",
        "coordinates": [
          77.164161,
          28.5583495
        ]
      },
      "properties": {
        "id": 266443204,
        "name": "Standard Chartered",
        "operator": "Unknown Bank",
        "amenity": "bank"
      }
    },
    {
      "type": "Feature",
      "geometry": {
        "type": "Point",
        "coordinates": [
          77.0633541,
          28.4767072
        ]
      },
      "properties": {
        "id": 266587260,
        "name": "Citi Bank",
        "operator": "Citibank",
        "amenity": "atm"
      }
    },
    {
      "type": "Feature",
      "geometry": {
        "type": "Point",
        "coordinates": [
          77.043077,
          28.4109126
        ]
      },
      "properties": {
        "id": 266734429,
        "name": "ICICI Bank",
        "operator": "Unknown Bank",
        "amenity": "atm"
      }
    },
    {
      "type": "Feature",
      "geometry": {
        "type": "Point",
        "coordinates": [
          77.1019571,
          28.4717609
        ]
      },
      "properties": {
        "id": 267120725,
        "name": "Unknown",
        "operator": "Unknown Bank",
        "amenity": "atm"
      }
    },
    {
      "type": "Feature",
      "geometry": {
        "type": "Point",
        "coordinates": [
          77.0851086,
          28.4810092
        ]
      },
      "properties": {
        "id": 267127244,
        "name": "HSBC",
        "operator": "Unknown Bank",
        "amenity": "bank"
      }
    },
    {
      "type": "Feature",
      "geometry": {
        "type": "Point",
        "coordinates": [
          77.0831985,
          28.4795112
        ]
      },
      "properties": {
        "id": 271336389,
        "name": "Lord Krishna Bank",
        "operator": "Unknown Bank",
        "amenity": "bank"
      }
    },
    {
      "type": "Feature",
      "geometry": {
        "type": "Point",
        "coordinates": [
          77.0848883,
          28.4808629
        ]
      },
      "properties": {
        "id": 271336428,
        "name": "Kotak Mahindra Bank;india",
        "operator": "Unknown Bank",
        "amenity": "bank"
      }
    },
    {
      "type": "Feature",
      "geometry": {
        "type": "Point",
        "coordinates": [
          77.047729,
          28.4741534
        ]
      },
      "properties": {
        "id": 271336441,
        "name": "State Bank of India",
        "operator": "Unknown Bank",
        "amenity": "atm"
      }
    },
    {
      "type": "Feature",
      "geometry": {
        "type": "Point",
        "coordinates": [
          77.0384039,
          28.4557573
        ]
      },
      "properties": {
        "id": 271336448,
        "name": "HDFC Bank",
        "operator": "HDFC Bank",
        "amenity": "atm"
      }
    },
    {
      "type": "Feature",
      "geometry": {
        "type": "Point",
        "coordinates": [
          77.0382109,
          28.4560738
        ]
      },
      "properties": {
        "id": 271336454,
        "name": "State Bank of India",
        "operator": "State Bank of India",
        "amenity": "atm"
      }
    },
    {
      "type": "Feature",
      "geometry": {
        "type": "Point",
        "coordinates": [
          77.0706974,
          28.4748625
        ]
      },
      "properties": {
        "id": 277793690,
        "name": "Unknown",
        "operator": "Unknown Bank",
        "amenity": "atm"
      }
    },
    {
      "type": "Feature",
      "geometry": {
        "type": "Point",
        "coordinates": [
          77.1570574,
          28.525047
        ]
      },
      "properties": {
        "id": 279161182,
        "name": "ICICI Bank",
        "operator": "Unknown Bank",
        "amenity": "bank"
      }
    },
    {
      "type": "Feature",
      "geometry": {
        "type": "Point",
        "coordinates": [
          77.194235,
          28.64725
        ]
      },
      "properties": {
        "id": 280741143,
        "name": "Axis Bank",
        "operator": "Canara Bank",
        "amenity": "bank"
      }
    },
    {
      "type": "Feature",
      "geometry": {
        "type": "Point",
        "coordinates": [
          77.076436,
          28.4590293
        ]
      },
      "properties": {
        "id": 297255247,
        "name": "ICICI Bank",
        "operator": "Unknown Bank",
        "amenity": "bank"
      }
    },
    {
      "type": "Feature",
      "geometry": {
        "type": "Point",
        "coordinates": [
          77.0763889,
          28.4590161
        ]
      },
      "properties": {
        "id": 297255248,
        "name": "HDFC Bank",
        "operator": "HDFC Bank Limited",
        "amenity": "bank"
      }
    },
    {
      "type": "Feature",
      "geometry": {
        "type": "Point",
        "coordinates": [
          77.1723786,
          28.6458869
        ]
      },
      "properties": {
        "id": 355436037,
        "name": "ICICI Bank",
        "operator": "ICICI Bank",
        "amenity": "atm"
      }
    },
    {
      "type": "Feature",
      "geometry": {
        "type": "Point",
        "coordinates": [
          77.2193166,
          28.5691433
        ]
      },
      "properties": {
        "id": 355436079,
        "name": "Unknown",
        "operator": "Unknown Bank",
        "amenity": "atm"
      }
    },
    {
      "type": "Feature",
      "geometry": {
        "type": "Point",
        "coordinates": [
          77.0507109,
          28.4529381
        ]
      },
      "properties": {
        "id": 412744824,
        "name": "Unknown",
        "operator": "ICICI Bank",
        "amenity": "atm"
      }
    },
    {
      "type": "Feature",
      "geometry": {
        "type": "Point",
        "coordinates": [
          77.0328074,
          28.4633607
        ]
      },
      "properties": {
        "id": 477905114,
        "name": "Punjab National Bank",
        "operator": "Unknown Bank",
        "amenity": "bank"
      }
    },
    {
      "type": "Feature",
      "geometry": {
        "type": "Point",
        "coordinates": [
          77.0921113,
          28.4930082
        ]
      },
      "properties": {
        "id": 482663982,
        "name": "Standard Chartered",
        "operator": "Unknown Bank",
        "amenity": "bank"
      }
    },
    {
      "type": "Feature",
      "geometry": {
        "type": "Point",
        "coordinates": [
          77.093327,
          28.4941065
        ]
      },
      "properties": {
        "id": 482663990,
        "name": "Unknown",
        "operator": "ABN Amro Bank",
        "amenity": "atm"
      }
    },
    {
      "type": "Feature",
      "geometry": {
        "type": "Point",
        "coordinates": [
          77.0930212,
          28.4937082
        ]
      },
      "properties": {
        "id": 482663991,
        "name": "Citibank",
        "operator": "Citibank",
        "amenity": "atm"
      }
    },
    {
      "type": "Feature",
      "geometry": {
        "type": "Point",
        "coordinates": [
          77.0929044,
          28.493598
        ]
      },
      "properties": {
        "id": 482663996,
        "name": "Kotak Mahindra Bank",
        "operator": "Kotak Mahindra Bank",
        "amenity": "atm"
      }
    },
    {
      "type": "Feature",
      "geometry": {
        "type": "Point",
        "coordinates": [
          77.1024943,
          28.4717376
        ]
      },
      "properties": {
        "id": 482849107,
        "name": "Unknown",
        "operator": "ICICI Bank",
        "amenity": "atm"
      }
    },
    {
      "type": "Feature",
      "geometry": {
        "type": "Point",
        "coordinates": [
          77.1033552,
          28.49498
        ]
      },
      "properties": {
        "id": 484198838,
        "name": "Unknown",
        "operator": "ICICI Bank",
        "amenity": "atm"
      }
    },
    {
      "type": "Feature",
      "geometry": {
        "type": "Point",
        "coordinates": [
          77.1035209,
          28.4948344
        ]
      },
      "properties": {
        "id": 484198839,
        "name": "State Bank of India",
        "operator": "Unknown Bank",
        "amenity": "bank"
      }
    },
    {
      "type": "Feature",
      "geometry": {
        "type": "Point",
        "coordinates": [
          77.2519691,
          28.5502602
        ]
      },
      "properties": {
        "id": 495944542,
        "name": "Barclays",
        "operator": "Unknown Bank",
        "amenity": "bank"
      }
    },
    {
      "type": "Feature",
      "geometry": {
        "type": "Point",
        "coordinates": [
          77.1206341,
          28.8753116
        ]
      },
      "properties": {
        "id": 496712265,
        "name": "Unknown",
        "operator": "HDFC Bank",
        "amenity": "atm"
      }
    },
    {
      "type": "Feature",
      "geometry": {
        "type": "Point",
        "coordinates": [
          77.0837751,
          28.4795667
        ]
      },
      "properties": {
        "id": 537979936,
        "name": "HDFC Bank",
        "operator": "HDFC",
        "amenity": "bank"
      }
    },
    {
      "type": "Feature",
      "geometry": {
        "type": "Point",
        "coordinates": [
          77.0828744,
          28.4793231
        ]
      },
      "properties": {
        "id": 537979940,
        "name": "IndusInd Bank",
        "operator": "Unknown Bank",
        "amenity": "bank"
      }
    },
    {
      "type": "Feature",
      "geometry": {
        "type": "Point",
        "coordinates": [
          77.0828708,
          28.4794447
        ]
      },
      "properties": {
        "id": 537979943,
        "name": "ABN Amro",
        "operator": "ABN Amro",
        "amenity": "bank"
      }
    },
    {
      "type": "Feature",
      "geometry": {
        "type": "Point",
        "coordinates": [
          77.0866532,
          28.4796183
        ]
      },
      "properties": {
        "id": 537979957,
        "name": "Axis Bank",
        "operator": "Axis Bank",
        "amenity": "atm"
      }
    },
    {
      "type": "Feature",
      "geometry": {
        "type": "Point",
        "coordinates": [
          77.0895234,
          28.4801441
        ]
      },
      "properties": {
        "id": 537979966,
        "name": "Axis Bank",
        "operator": "Axis Bank",
        "amenity": "bank"
      }
    },
    {
      "type": "Feature",
      "geometry": {
        "type": "Point",
        "coordinates": [
          77.1847884,
          28.5403461
        ]
      },
      "properties": {
        "id": 560416144,
        "name": "Indian Bank",
        "operator": "Unknown Bank",
        "amenity": "bank"
      }
    },
    {
      "type": "Feature",
      "geometry": {
        "type": "Point",
        "coordinates": [
          77.1847626,
          28.5403687
        ]
      },
      "properties": {
        "id": 560764785,
        "name": "Indian Bank",
        "operator": "Indian Bank",
        "amenity": "atm"
      }
    },
    {
      "type": "Feature",
      "geometry": {
        "type": "Point",
        "coordinates": [
          77.2186625,
          28.5683654
        ]
      },
      "properties": {
        "id": 563126330,
        "name": "Unknown",
        "operator": "HDFC Bank",
        "amenity": "atm"
      }
    },
    {
      "type": "Feature",
      "geometry": {
        "type": "Point",
        "coordinates": [
          77.0052866,
          28.4387396
        ]
      },
      "properties": {
        "id": 565507015,
        "name": "Unknown",
        "operator": "Unknown Bank",
        "amenity": "atm"
      }
    },
    {
      "type": "Feature",
      "geometry": {
        "type": "Point",
        "coordinates": [
          77.024146,
          28.4616667
        ]
      },
      "properties": {
        "id": 581891474,
        "name": "Unknown",
        "operator": "Unknown Bank",
        "amenity": "atm"
      }
    },
    {
      "type": "Feature",
      "geometry": {
        "type": "Point",
        "coordinates": [
          77.0934463,
          28.636867
        ]
      },
      "properties": {
        "id": 610885993,
        "name": "Unknown",
        "operator": "Unknown Bank",
        "amenity": "atm"
      }
    },
    {
      "type": "Feature",
      "geometry": {
        "type": "Point",
        "coordinates": [
          77.0965516,
          28.636705
        ]
      },
      "properties": {
        "id": 610886000,
        "name": "Punjab Bank",
        "operator": "Unknown Bank",
        "amenity": "atm"
      }
    },
    {
      "type": "Feature",
      "geometry": {
        "type": "Point",
        "coordinates": [
          77.0973217,
          28.6365657
        ]
      },
      "properties": {
        "id": 610886098,
        "name": "HDFC Bank",
        "operator": "HDFC Bank",
        "amenity": "atm"
      }
    },
    {
      "type": "Feature",
      "geometry": {
        "type": "Point",
        "coordinates": [
          77.2070915,
          28.6460886
        ]
      },
      "properties": {
        "id": 616563684,
        "name": "Unknown",
        "operator": "Unknown Bank",
        "amenity": "atm"
      }
    },
    {
      "type": "Feature",
      "geometry": {
        "type": "Point",
        "coordinates": [
          77.2965476,
          28.4307541
        ]
      },
      "properties": {
        "id": 626215083,
        "name": "ICICI Bank",
        "operator": "ICICI Bank",
        "amenity": "bank"
      }
    },
    {
      "type": "Feature",
      "geometry": {
        "type": "Point",
        "coordinates": [
          77.1682199,
          28.5099957
        ]
      },
      "properties": {
        "id": 712874691,
        "name": "Unknown",
        "operator": "Unknown Bank",
        "amenity": "atm"
      }
    },
    {
      "type": "Feature",
      "geometry": {
        "type": "Point",
        "coordinates": [
          77.1682149,
          28.5098513
        ]
      },
      "properties": {
        "id": 712874694,
        "name": "HDFC Bank",
        "operator": "HDFC Bank",
        "amenity": "atm"
      }
    },
    {
      "type": "Feature",
      "geometry": {
        "type": "Point",
        "coordinates": [
          77.2059863,
          28.5203641
        ]
      },
      "properties": {
        "id": 738197286,
        "name": "Unknown",
        "operator": "Unknown Bank",
        "amenity": "atm"
      }
    },
    {
      "type": "Feature",
      "geometry": {
        "type": "Point",
        "coordinates": [
          77.2071199,
          28.5232994
        ]
      },
      "properties": {
        "id": 738197289,
        "name": "Unknown",
        "operator": "Unknown Bank",
        "amenity": "atm"
      }
    },
    {
      "type": "Feature",
      "geometry": {
        "type": "Point",
        "coordinates": [
          77.0910155,
          28.4219471
        ]
      },
      "properties": {
        "id": 765413625,
        "name": "HDFC Bank",
        "operator": "Unknown Bank",
        "amenity": "bank"
      }
    },
    {
      "type": "Feature",
      "geometry": {
        "type": "Point",
        "coordinates": [
          77.2206204,
          28.6630585
        ]
      },
      "properties": {
        "id": 913325776,
        "name": "Unknown",
        "operator": "Unknown Bank",
        "amenity": "atm"
      }
    },
    {
      "type": "Feature",
      "geometry": {
        "type": "Point",
        "coordinates": [
          77.2176037,
          28.6345525
        ]
      },
      "properties": {
        "id": 928563678,
        "name": "HDFC Bank",
        "operator": "HDFC Bank",
        "amenity": "atm"
      }
    },
    {
      "type": "Feature",
      "geometry": {
        "type": "Point",
        "coordinates": [
          77.2865244,
          28.6183692
        ]
      },
      "properties": {
        "id": 1305481202,
        "name": "Bank of Baroda ATM",
        "operator": "Bank of Baroda",
        "amenity": "atm"
      }
    },
    {
      "type": "Feature",
      "geometry": {
        "type": "Point",
        "coordinates": [
          77.2865333,
          28.6183527
        ]
      },
      "properties": {
        "id": 1305481209,
        "name": "ICICI Bank ATM",
        "operator": "ICICI Bank",
        "amenity": "atm"
      }
    },
    {
      "type": "Feature",
      "geometry": {
        "type": "Point",
        "coordinates": [
          77.2896502,
          28.613238
        ]
      },
      "properties": {
        "id": 1305488160,
        "name": "Unknown",
        "operator": "Unknown Bank",
        "amenity": "atm"
      }
    },
    {
      "type": "Feature",
      "geometry": {
        "type": "Point",
        "coordinates": [
          77.2885716,
          28.6152525
        ]
      },
      "properties": {
        "id": 1305498657,
        "name": "Punjab National Bank",
        "operator": "Punjab National Bank",
        "amenity": "bank"
      }
    },
    {
      "type": "Feature",
      "geometry": {
        "type": "Point",
        "coordinates": [
          77.2884671,
          28.6154439
        ]
      },
      "properties": {
        "id": 1305816831,
        "name": "State Bank of India",
        "operator": "Unknown Bank",
        "amenity": "bank"
      }
    },
    {
      "type": "Feature",
      "geometry": {
        "type": "Point",
        "coordinates": [
          77.0749768,
          28.4516306
        ]
      },
      "properties": {
        "id": 1358147112,
        "name": "Unknown",
        "operator": "Standard Chartered",
        "amenity": "atm"
      }
    },
    {
      "type": "Feature",
      "geometry": {
        "type": "Point",
        "coordinates": [
          77.0749759,
          28.4516536
        ]
      },
      "properties": {
        "id": 1358147152,
        "name": "Unknown",
        "operator": "HDFC Bank",
        "amenity": "atm"
      }
    },
    {
      "type": "Feature",
      "geometry": {
        "type": "Point",
        "coordinates": [
          77.0812383,
          28.4672361
        ]
      },
      "properties": {
        "id": 1371226150,
        "name": "Axis Bank",
        "operator": "Unknown Bank",
        "amenity": "bank"
      }
    },
    {
      "type": "Feature",
      "geometry": {
        "type": "Point",
        "coordinates": [
          77.0815273,
          28.4675617
        ]
      },
      "properties": {
        "id": 1371226161,
        "name": "Standard Chartered",
        "operator": "Standard Chartered",
        "amenity": "atm"
      }
    },
    {
      "type": "Feature",
      "geometry": {
        "type": "Point",
        "coordinates": [
          77.0869209,
          28.4625378
        ]
      },
      "properties": {
        "id": 1372597046,
        "name": "RBL Bank",
        "operator": "RBL Bank",
        "amenity": "atm"
      }
    },
    {
      "type": "Feature",
      "geometry": {
        "type": "Point",
        "coordinates": [
          77.2584634,
          28.57316
        ]
      },
      "properties": {
        "id": 1387005593,
        "name": "Canara Bank",
        "operator": "Unknown Bank",
        "amenity": "bank"
      }
    },
    {
      "type": "Feature",
      "geometry": {
        "type": "Point",
        "coordinates": [
          77.0726,
          28.477754
        ]
      },
      "properties": {
        "id": 1389058661,
        "name": "Punjab National Bank",
        "operator": "Punjab National Bank",
        "amenity": "atm"
      }
    },
    {
      "type": "Feature",
      "geometry": {
        "type": "Point",
        "coordinates": [
          77.050616,
          28.417248
        ]
      },
      "properties": {
        "id": 1389062000,
        "name": "HDFC Bank",
        "operator": "Unknown Bank",
        "amenity": "bank"
      }
    },
    {
      "type": "Feature",
      "geometry": {
        "type": "Point",
        "coordinates": [
          77.0564,
          28.417564
        ]
      },
      "properties": {
        "id": 1389062584,
        "name": "Unknown",
        "operator": "Unknown Bank",
        "amenity": "atm"
      }
    },
    {
      "type": "Feature",
      "geometry": {
        "type": "Point",
        "coordinates": [
          77.063349,
          28.4572283
        ]
      },
      "properties": {
        "id": 1390057661,
        "name": "HDFC",
        "operator": "HDFC Bank",
        "amenity": "atm"
      }
    },
    {
      "type": "Feature",
      "geometry": {
        "type": "Point",
        "coordinates": [
          77.0633617,
          28.4568866
        ]
      },
      "properties": {
        "id": 1390058506,
        "name": "ICICI",
        "operator": "ICICI Bank",
        "amenity": "atm"
      }
    },
    {
      "type": "Feature",
      "geometry": {
        "type": "Point",
        "coordinates": [
          77.0633534,
          28.4571018
        ]
      },
      "properties": {
        "id": 1390059649,
        "name": "Axis Bank",
        "operator": "Axis Bank",
        "amenity": "atm"
      }
    },
    {
      "type": "Feature",
      "geometry": {
        "type": "Point",
        "coordinates": [
          77.0633723,
          28.4569906
        ]
      },
      "properties": {
        "id": 1390062512,
        "name": "Citi Bank",
        "operator": "Citibank",
        "amenity": "atm"
      }
    },
    {
      "type": "Feature",
      "geometry": {
        "type": "Point",
        "coordinates": [
          77.2790244,
          28.6608921
        ]
      },
      "properties": {
        "id": 1414804464,
        "name": "Unknown",
        "operator": "Unknown Bank",
        "amenity": "atm"
      }
    },
    {
      "type": "Feature",
      "geometry": {
        "type": "Point",
        "coordinates": [
          77.1047634,
          28.4350802
        ]
      },
      "properties": {
        "id": 1463412595,
        "name": "Axis Bank",
        "operator": "Unknown Bank",
        "amenity": "bank"
      }
    },
    {
      "type": "Feature",
      "geometry": {
        "type": "Point",
        "coordinates": [
          77.2671483,
          28.5654375
        ]
      },
      "properties": {
        "id": 1528709488,
        "name": "ICICI Bank",
        "operator": "Unknown Bank",
        "amenity": "bank"
      }
    },
    {
      "type": "Feature",
      "geometry": {
        "type": "Point",
        "coordinates": [
          77.2679745,
          28.5669263
        ]
      },
      "properties": {
        "id": 1528709694,
        "name": "HDFC Bank",
        "operator": "Unknown Bank",
        "amenity": "bank"
      }
    },
    {
      "type": "Feature",
      "geometry": {
        "type": "Point",
        "coordinates": [
          77.234434,
          28.6563806
        ]
      },
      "properties": {
        "id": 1534482799,
        "name": "State Bank of India",
        "operator": "Unknown Bank",
        "amenity": "bank"
      }
    },
    {
      "type": "Feature",
      "geometry": {
        "type": "Point",
        "coordinates": [
          77.0971354,
          28.5045702
        ]
      },
      "properties": {
        "id": 1556459151,
        "name": "Unknown",
        "operator": "Citibank",
        "amenity": "atm"
      }
    },
    {
      "type": "Feature",
      "geometry": {
        "type": "Point",
        "coordinates": [
          77.0846576,
          28.5560688
        ]
      },
      "properties": {
        "id": 1556460104,
        "name": "Unknown",
        "operator": "Citibank",
        "amenity": "atm"
      }
    },
    {
      "type": "Feature",
      "geometry": {
        "type": "Point",
        "coordinates": [
          77.0505014,
          28.4526131
        ]
      },
      "properties": {
        "id": 1562504506,
        "name": "Unknown",
        "operator": "Unknown Bank",
        "amenity": "atm"
      }
    },
    {
      "type": "Feature",
      "geometry": {
        "type": "Point",
        "coordinates": [
          77.077978,
          28.5938906
        ]
      },
      "properties": {
        "id": 1667607457,
        "name": "Unknown",
        "operator": "Axis Bank",
        "amenity": "atm"
      }
    },
    {
      "type": "Feature",
      "geometry": {
        "type": "Point",
        "coordinates": [
          77.0214331,
          28.5948825
        ]
      },
      "properties": {
        "id": 1667692837,
        "name": "Unknown",
        "operator": "Unknown Bank",
        "amenity": "atm"
      }
    },
    {
      "type": "Feature",
      "geometry": {
        "type": "Point",
        "coordinates": [
          77.0505943,
          28.4172356
        ]
      },
      "properties": {
        "id": 1668936691,
        "name": "Standard Chartered",
        "operator": "Standard Chartered",
        "amenity": "atm"
      }
    },
    {
      "type": "Feature",
      "geometry": {
        "type": "Point",
        "coordinates": [
          77.2492056,
          28.5361818
        ]
      },
      "properties": {
        "id": 1672070592,
        "name": "Axis Bank",
        "operator": "Axis Bank",
        "amenity": "atm"
      }
    },
    {
      "type": "Feature",
      "geometry": {
        "type": "Point",
        "coordinates": [
          77.0216901,
          28.5949697
        ]
      },
      "properties": {
        "id": 1678499548,
        "name": "Unknown",
        "operator": "Unknown Bank",
        "amenity": "bank"
      }
    },
    {
      "type": "Feature",
      "geometry": {
        "type": "Point",
        "coordinates": [
          77.2528542,
          28.5265729
        ]
      },
      "properties": {
        "id": 1681209509,
        "name": "Unknown",
        "operator": "SBI",
        "amenity": "atm"
      }
    },
    {
      "type": "Feature",
      "geometry": {
        "type": "Point",
        "coordinates": [
          76.9864054,
          28.612799
        ]
      },
      "properties": {
        "id": 1776136486,
        "name": "SBI Bank",
        "operator": "Unknown Bank",
        "amenity": "atm"
      }
    },
    {
      "type": "Feature",
      "geometry": {
        "type": "Point",
        "coordinates": [
          76.9878833,
          28.6126342
        ]
      },
      "properties": {
        "id": 1776140020,
        "name": "Unknown",
        "operator": "Unknown Bank",
        "amenity": "atm"
      }
    },
    {
      "type": "Feature",
      "geometry": {
        "type": "Point",
        "coordinates": [
          76.9856919,
          28.6136137
        ]
      },
      "properties": {
        "id": 1776142035,
        "name": "Axis Bank",
        "operator": "Unknown Bank",
        "amenity": "atm"
      }
    },
    {
      "type": "Feature",
      "geometry": {
        "type": "Point",
        "coordinates": [
          76.9849623,
          28.6089326
        ]
      },
      "properties": {
        "id": 1776157295,
        "name": "Punjab National Bank",
        "operator": "Unknown Bank",
        "amenity": "atm"
      }
    },
    {
      "type": "Feature",
      "geometry": {
        "type": "Point",
        "coordinates": [
          76.9849892,
          28.6089373
        ]
      },
      "properties": {
        "id": 1776157296,
        "name": "Punjab National Bank",
        "operator": "Unknown Bank",
        "amenity": "bank"
      }
    },
    {
      "type": "Feature",
      "geometry": {
        "type": "Point",
        "coordinates": [
          76.9861241,
          28.6064404
        ]
      },
      "properties": {
        "id": 1777020138,
        "name": "State Bank of India",
        "operator": "Unknown Bank",
        "amenity": "atm"
      }
    },
    {
      "type": "Feature",
      "geometry": {
        "type": "Point",
        "coordinates": [
          76.9860677,
          28.6065605
        ]
      },
      "properties": {
        "id": 1777021387,
        "name": "Punjab & Sind Bank",
        "operator": "Unknown Bank",
        "amenity": "atm"
      }
    },
    {
      "type": "Feature",
      "geometry": {
        "type": "Point",
        "coordinates": [
          76.9861294,
          28.6064169
        ]
      },
      "properties": {
        "id": 1777026722,
        "name": "State Bank of India",
        "operator": "Unknown Bank",
        "amenity": "bank"
      }
    },
    {
      "type": "Feature",
      "geometry": {
        "type": "Point",
        "coordinates": [
          76.9860785,
          28.6065299
        ]
      },
      "properties": {
        "id": 1777026723,
        "name": "Punjab & Sind Bank",
        "operator": "Unknown Bank",
        "amenity": "bank"
      }
    },
    {
      "type": "Feature",
      "geometry": {
        "type": "Point",
        "coordinates": [
          76.9856118,
          28.6074459
        ]
      },
      "properties": {
        "id": 1777027039,
        "name": "Vijaya Bank",
        "operator": "Unknown Bank",
        "amenity": "bank"
      }
    },
    {
      "type": "Feature",
      "geometry": {
        "type": "Point",
        "coordinates": [
          76.9826748,
          28.6095639
        ]
      },
      "properties": {
        "id": 1792718298,
        "name": "ICICI Bank",
        "operator": "Unknown Bank",
        "amenity": "bank"
      }
    },
    {
      "type": "Feature",
      "geometry": {
        "type": "Point",
        "coordinates": [
          76.9827902,
          28.6095027
        ]
      },
      "properties": {
        "id": 1792718303,
        "name": "Axis Bank",
        "operator": "Unknown Bank",
        "amenity": "bank"
      }
    },
    {
      "type": "Feature",
      "geometry": {
        "type": "Point",
        "coordinates": [
          76.9825246,
          28.6096487
        ]
      },
      "properties": {
        "id": 1792719260,
        "name": "HDFC",
        "operator": "Unknown Bank",
        "amenity": "atm"
      }
    },
    {
      "type": "Feature",
      "geometry": {
        "type": "Point",
        "coordinates": [
          76.9824763,
          28.6096675
        ]
      },
      "properties": {
        "id": 1792719261,
        "name": "HDFC Bank",
        "operator": "Unknown Bank",
        "amenity": "bank"
      }
    },
    {
      "type": "Feature",
      "geometry": {
        "type": "Point",
        "coordinates": [
          76.9827982,
          28.6095168
        ]
      },
      "properties": {
        "id": 1792719262,
        "name": "Axis",
        "operator": "Unknown Bank",
        "amenity": "atm"
      }
    },
    {
      "type": "Feature",
      "geometry": {
        "type": "Point",
        "coordinates": [
          76.9826587,
          28.6095686
        ]
      },
      "properties": {
        "id": 1792719263,
        "name": "ICICI",
        "operator": "Unknown Bank",
        "amenity": "atm"
      }
    },
    {
      "type": "Feature",
      "geometry": {
        "type": "Point",
        "coordinates": [
          77.2466668,
          28.5666266
        ]
      },
      "properties": {
        "id": 1796124925,
        "name": "Unknown",
        "operator": "Unknown Bank",
        "amenity": "bank"
      }
    },
    {
      "type": "Feature",
      "geometry": {
        "type": "Point",
        "coordinates": [
          76.9074628,
          28.5706835
        ]
      },
      "properties": {
        "id": 1811342229,
        "name": "Bank of Baroda",
        "operator": "Unknown Bank",
        "amenity": "bank"
      }
    },
    {
      "type": "Feature",
      "geometry": {
        "type": "Point",
        "coordinates": [
          77.24538,
          28.5296847
        ]
      },
      "properties": {
        "id": 1833070237,
        "name": "Axis Bank",
        "operator": "Unknown Bank",
        "amenity": "bank"
      }
    },
    {
      "type": "Feature",
      "geometry": {
        "type": "Point",
        "coordinates": [
          77.0408019,
          28.5960809
        ]
      },
      "properties": {
        "id": 1928815022,
        "name": "Unknown",
        "operator": "Punjan National Bank",
        "amenity": "atm"
      }
    },
    {
      "type": "Feature",
      "geometry": {
        "type": "Point",
        "coordinates": [
          77.225608,
          28.6168137
        ]
      },
      "properties": {
        "id": 1966254710,
        "name": "Unknown",
        "operator": "Andhra Bank",
        "amenity": "atm"
      }
    },
    {
      "type": "Feature",
      "geometry": {
        "type": "Point",
        "coordinates": [
          77.0867293,
          28.529322
        ]
      },
      "properties": {
        "id": 2009753174,
        "name": "Unknown",
        "operator": "Unknown Bank",
        "amenity": "atm"
      }
    },
    {
      "type": "Feature",
      "geometry": {
        "type": "Point",
        "coordinates": [
          77.1640421,
          28.5580982
        ]
      },
      "properties": {
        "id": 2025439615,
        "name": "Axis Bank",
        "operator": "Unknown Bank",
        "amenity": "bank"
      }
    },
    {
      "type": "Feature",
      "geometry": {
        "type": "Point",
        "coordinates": [
          77.1294958,
          28.4775402
        ]
      },
      "properties": {
        "id": 2036039195,
        "name": "Unknown",
        "operator": "Punjab National Bank",
        "amenity": "atm"
      }
    },
    {
      "type": "Feature",
      "geometry": {
        "type": "Point",
        "coordinates": [
          77.2316333,
          28.666437
        ]
      },
      "properties": {
        "id": 2093534294,
        "name": "Unknown",
        "operator": "Unknown Bank",
        "amenity": "atm"
      }
    },
    {
      "type": "Feature",
      "geometry": {
        "type": "Point",
        "coordinates": [
          77.2195527,
          28.6272942
        ]
      },
      "properties": {
        "id": 2327524046,
        "name": "Yes Bank",
        "operator": "Yes Bank",
        "amenity": "atm"
      }
    },
    {
      "type": "Feature",
      "geometry": {
        "type": "Point",
        "coordinates": [
          77.2195823,
          28.6278063
        ]
      },
      "properties": {
        "id": 2327524049,
        "name": "Central Bank of India",
        "operator": "Central Bank of India",
        "amenity": "atm"
      }
    },
    {
      "type": "Feature",
      "geometry": {
        "type": "Point",
        "coordinates": [
          77.2197267,
          28.6286284
        ]
      },
      "properties": {
        "id": 2327524052,
        "name": "ICICI Bank",
        "operator": "ICICI Bank",
        "amenity": "atm"
      }
    },
    {
      "type": "Feature",
      "geometry": {
        "type": "Point",
        "coordinates": [
          77.0992852,
          28.4249884
        ]
      },
      "properties": {
        "id": 2399657393,
        "name": "Unknown",
        "operator": "ICICI Bank",
        "amenity": "atm"
      }
    },
    {
      "type": "Feature",
      "geometry": {
        "type": "Point",
        "coordinates": [
          77.0992377,
          28.4252244
        ]
      },
      "properties": {
        "id": 2399657399,
        "name": "Unknown",
        "operator": "State Bank of India",
        "amenity": "atm"
      }
    },
    {
      "type": "Feature",
      "geometry": {
        "type": "Point",
        "coordinates": [
          77.0544612,
          28.5646484
        ]
      },
      "properties": {
        "id": 2408447793,
        "name": "Unknown",
        "operator": "Many like OBC, KOtak, SBI",
        "amenity": "atm"
      }
    },
    {
      "type": "Feature",
      "geometry": {
        "type": "Point",
        "coordinates": [
          77.0597397,
          28.5603703
        ]
      },
      "properties": {
        "id": 2408448503,
        "name": "HDFC Bank",
        "operator": "Unknown Bank",
        "amenity": "bank"
      }
    },
    {
      "type": "Feature",
      "geometry": {
        "type": "Point",
        "coordinates": [
          77.2197715,
          28.6261056
        ]
      },
      "properties": {
        "id": 2410180164,
        "name": "State Bank of India",
        "operator": "State Bank of India",
        "amenity": "atm"
      }
    },
    {
      "type": "Feature",
      "geometry": {
        "type": "Point",
        "coordinates": [
          77.1340584,
          28.6706967
        ]
      },
      "properties": {
        "id": 2429366907,
        "name": "HSBC",
        "operator": "Unknown Bank",
        "amenity": "bank"
      }
    },
    {
      "type": "Feature",
      "geometry": {
        "type": "Point",
        "coordinates": [
          77.1338794,
          28.6686219
        ]
      },
      "properties": {
        "id": 2429367098,
        "name": "ICICI Bank",
        "operator": "Unknown Bank",
        "amenity": "bank"
      }
    },
    {
      "type": "Feature",
      "geometry": {
        "type": "Point",
        "coordinates": [
          77.1642441,
          28.5580499
        ]
      },
      "properties": {
        "id": 2429555541,
        "name": "Punjab National Bank",
        "operator": "Unknown Bank",
        "amenity": "bank"
      }
    },
    {
      "type": "Feature",
      "geometry": {
        "type": "Point",
        "coordinates": [
          77.1326497,
          28.6704978
        ]
      },
      "properties": {
        "id": 2443104106,
        "name": "HDFC Bank",
        "operator": "Unknown Bank",
        "amenity": "bank"
      }
    },
    {
      "type": "Feature",
      "geometry": {
        "type": "Point",
        "coordinates": [
          77.13376,
          28.6700091
        ]
      },
      "properties": {
        "id": 2443110507,
        "name": "State Bank of India",
        "operator": "Unknown Bank",
        "amenity": "bank"
      }
    },
    {
      "type": "Feature",
      "geometry": {
        "type": "Point",
        "coordinates": [
          77.1287499,
          28.6704645
        ]
      },
      "properties": {
        "id": 2443134499,
        "name": "Indian Overseas Bank",
        "operator": "Unknown Bank",
        "amenity": "bank"
      }
    },
    {
      "type": "Feature",
      "geometry": {
        "type": "Point",
        "coordinates": [
          77.1427218,
          28.669552
        ]
      },
      "properties": {
        "id": 2443178801,
        "name": "Syndicate Bank",
        "operator": "Unknown Bank",
        "amenity": "bank"
      }
    },
    {
      "type": "Feature",
      "geometry": {
        "type": "Point",
        "coordinates": [
          77.097321,
          28.678872
        ]
      },
      "properties": {
        "id": 2445474569,
        "name": "ICICI Bank",
        "operator": "Unknown Bank",
        "amenity": "bank"
      }
    },
    {
      "type": "Feature",
      "geometry": {
        "type": "Point",
        "coordinates": [
          77.1542998,
          28.6544805
        ]
      },
      "properties": {
        "id": 2445975391,
        "name": "State Bank of India",
        "operator": "Unknown Bank",
        "amenity": "bank"
      }
    },
    {
      "type": "Feature",
      "geometry": {
        "type": "Point",
        "coordinates": [
          77.1855851,
          28.6356162
        ]
      },
      "properties": {
        "id": 2446009483,
        "name": "Axis Bank",
        "operator": "Axis Bank",
        "amenity": "atm"
      }
    },
    {
      "type": "Feature",
      "geometry": {
        "type": "Point",
        "coordinates": [
          77.070711,
          28.4745865
        ]
      },
      "properties": {
        "id": 2450211342,
        "name": "ICICI Bank",
        "operator": "ICICI Bank",
        "amenity": "atm"
      }
    },
    {
      "type": "Feature",
      "geometry": {
        "type": "Point",
        "coordinates": [
          77.2106033,
          28.641178
        ]
      },
      "properties": {
        "id": 2569698442,
        "name": "Unknown",
        "operator": "Unknown Bank",
        "amenity": "atm"
      }
    },
    {
      "type": "Feature",
      "geometry": {
        "type": "Point",
        "coordinates": [
          77.229277,
          28.505296
        ]
      },
      "properties": {
        "id": 2577043075,
        "name": "State Bank of India",
        "operator": "Unknown Bank",
        "amenity": "bank"
      }
    },
    {
      "type": "Feature",
      "geometry": {
        "type": "Point",
        "coordinates": [
          77.2796752,
          28.5612991
        ]
      },
      "properties": {
        "id": 2583924590,
        "name": "Indian Bank",
        "operator": "Unknown Bank",
        "amenity": "bank"
      }
    },
    {
      "type": "Feature",
      "geometry": {
        "type": "Point",
        "coordinates": [
          77.2332097,
          28.5504441
        ]
      },
      "properties": {
        "id": 2591734238,
        "name": "ICICI Bank",
        "operator": "Unknown Bank",
        "amenity": "bank"
      }
    },
    {
      "type": "Feature",
      "geometry": {
        "type": "Point",
        "coordinates": [
          77.2315377,
          28.5514186
        ]
      },
      "properties": {
        "id": 2591734243,
        "name": "Standard Chartered",
        "operator": "Unknown Bank",
        "amenity": "bank"
      }
    },
    {
      "type": "Feature",
      "geometry": {
        "type": "Point",
        "coordinates": [
          77.2343175,
          28.5510045
        ]
      },
      "properties": {
        "id": 2593805928,
        "name": "Central Bank of India",
        "operator": "Unknown Bank",
        "amenity": "bank"
      }
    },
    {
      "type": "Feature",
      "geometry": {
        "type": "Point",
        "coordinates": [
          77.2362568,
          28.5499509
        ]
      },
      "properties": {
        "id": 2593805944,
        "name": "Citibank",
        "operator": "Citibank",
        "amenity": "atm"
      }
    },
    {
      "type": "Feature",
      "geometry": {
        "type": "Point",
        "coordinates": [
          77.2062192,
          28.5216669
        ]
      },
      "properties": {
        "id": 2654012105,
        "name": "Unknown",
        "operator": "Yes Bank",
        "amenity": "atm"
      }
    },
    {
      "type": "Feature",
      "geometry": {
        "type": "Point",
        "coordinates": [
          77.2679539,
          28.5501635
        ]
      },
      "properties": {
        "id": 2663023646,
        "name": "State Bank of India",
        "operator": "Unknown Bank",
        "amenity": "bank"
      }
    },
    {
      "type": "Feature",
      "geometry": {
        "type": "Point",
        "coordinates": [
          77.2185038,
          28.5311318
        ]
      },
      "properties": {
        "id": 2726664993,
        "name": "Unknown",
        "operator": "Unknown Bank",
        "amenity": "atm"
      }
    },
    {
      "type": "Feature",
      "geometry": {
        "type": "Point",
        "coordinates": [
          77.2714498,
          28.5487558
        ]
      },
      "properties": {
        "id": 2812608848,
        "name": "HDFC Bank",
        "operator": "HDFC Bank",
        "amenity": "bank"
      }
    },
    {
      "type": "Feature",
      "geometry": {
        "type": "Point",
        "coordinates": [
          77.0464895,
          28.4773727
        ]
      },
      "properties": {
        "id": 2882969075,
        "name": "Oriental Bank of Commerce",
        "operator": "Unknown Bank",
        "amenity": "bank"
      }
    },
    {
      "type": "Feature",
      "geometry": {
        "type": "Point",
        "coordinates": [
          77.0377421,
          28.4648055
        ]
      },
      "properties": {
        "id": 2906771276,
        "name": "state bank of india SBI",
        "operator": "Unknown Bank",
        "amenity": "bank"
      }
    },
    {
      "type": "Feature",
      "geometry": {
        "type": "Point",
        "coordinates": [
          77.1934888,
          28.5381741
        ]
      },
      "properties": {
        "id": 2991892684,
        "name": "State Bank of India",
        "operator": "State Bank of India",
        "amenity": "atm"
      }
    },
    {
      "type": "Feature",
      "geometry": {
        "type": "Point",
        "coordinates": [
          77.1934236,
          28.5381856
        ]
      },
      "properties": {
        "id": 2991892685,
        "name": "ICICI Bank",
        "operator": "ICICI Bank",
        "amenity": "atm"
      }
    },
    {
      "type": "Feature",
      "geometry": {
        "type": "Point",
        "coordinates": [
          77.1194361,
          28.7474738
        ]
      },
      "properties": {
        "id": 3012834801,
        "name": "State Bank of India",
        "operator": "Unknown Bank",
        "amenity": "bank"
      }
    },
    {
      "type": "Feature",
      "geometry": {
        "type": "Point",
        "coordinates": [
          77.1407293,
          28.7942432
        ]
      },
      "properties": {
        "id": 3013041216,
        "name": "Indian Bank",
        "operator": "Unknown Bank",
        "amenity": "bank"
      }
    },
    {
      "type": "Feature",
      "geometry": {
        "type": "Point",
        "coordinates": [
          77.2626517,
          28.7281033
        ]
      },
      "properties": {
        "id": 3067911683,
        "name": "HDFC Bank ATM",
        "operator": "Unknown Bank",
        "amenity": "bank"
      }
    },
    {
      "type": "Feature",
      "geometry": {
        "type": "Point",
        "coordinates": [
          77.225769,
          28.6168699
        ]
      },
      "properties": {
        "id": 3085540679,
        "name": "Andhra Bank",
        "operator": "Unknown Bank",
        "amenity": "bank"
      }
    },
    {
      "type": "Feature",
      "geometry": {
        "type": "Point",
        "coordinates": [
          77.2152163,
          28.6413641
        ]
      },
      "properties": {
        "id": 3185191993,
        "name": "Yes Bank",
        "operator": "Yes Bank",
        "amenity": "atm"
      }
    },
    {
      "type": "Feature",
      "geometry": {
        "type": "Point",
        "coordinates": [
          77.226556,
          28.698851
        ]
      },
      "properties": {
        "id": 3206897061,
        "name": "Unknown",
        "operator": "Unknown Bank",
        "amenity": "bank"
      }
    },
    {
      "type": "Feature",
      "geometry": {
        "type": "Point",
        "coordinates": [
          77.2310003,
          28.6563624
        ]
      },
      "properties": {
        "id": 3245909911,
        "name": "Bank of India",
        "operator": "Unknown Bank",
        "amenity": "bank"
      }
    },
    {
      "type": "Feature",
      "geometry": {
        "type": "Point",
        "coordinates": [
          77.2329064,
          28.656061
        ]
      },
      "properties": {
        "id": 3249138712,
        "name": "ICICI Bank",
        "operator": "Unknown Bank",
        "amenity": "bank"
      }
    },
    {
      "type": "Feature",
      "geometry": {
        "type": "Point",
        "coordinates": [
          77.2319328,
          28.6565694
        ]
      },
      "properties": {
        "id": 3249138802,
        "name": "Citibank",
        "operator": "Citibank",
        "amenity": "atm"
      }
    },
    {
      "type": "Feature",
      "geometry": {
        "type": "Point",
        "coordinates": [
          77.2319301,
          28.6565435
        ]
      },
      "properties": {
        "id": 3249138803,
        "name": "Kotak Bank ATM",
        "operator": "Kotak Bank",
        "amenity": "atm"
      }
    },
    {
      "type": "Feature",
      "geometry": {
        "type": "Point",
        "coordinates": [
          77.2352453,
          28.6559387
        ]
      },
      "properties": {
        "id": 3249139754,
        "name": "ICICI Bank",
        "operator": "ICICI Bank",
        "amenity": "atm"
      }
    },
    {
      "type": "Feature",
      "geometry": {
        "type": "Point",
        "coordinates": [
          77.2348625,
          28.6562423
        ]
      },
      "properties": {
        "id": 3256129557,
        "name": "DCB Bank",
        "operator": "Unknown Bank",
        "amenity": "bank"
      }
    },
    {
      "type": "Feature",
      "geometry": {
        "type": "Point",
        "coordinates": [
          77.2330386,
          28.6563318
        ]
      },
      "properties": {
        "id": 3256131875,
        "name": "HDFC Bank",
        "operator": "Unknown Bank",
        "amenity": "bank"
      }
    },
    {
      "type": "Feature",
      "geometry": {
        "type": "Point",
        "coordinates": [
          77.2147522,
          28.6412802
        ]
      },
      "properties": {
        "id": 3269421783,
        "name": "AXIS Bank",
        "operator": "Axis Bank",
        "amenity": "atm"
      }
    },
    {
      "type": "Feature",
      "geometry": {
        "type": "Point",
        "coordinates": [
          77.2413829,
          28.601773
        ]
      },
      "properties": {
        "id": 3424252688,
        "name": "ICICI Bank",
        "operator": "Unknown Bank",
        "amenity": "bank"
      }
    },
    {
      "type": "Feature",
      "geometry": {
        "type": "Point",
        "coordinates": [
          77.2413799,
          28.6017433
        ]
      },
      "properties": {
        "id": 3424254855,
        "name": "HDFC",
        "operator": "HDFC Bank",
        "amenity": "atm"
      }
    },
    {
      "type": "Feature",
      "geometry": {
        "type": "Point",
        "coordinates": [
          77.2408638,
          28.6012973
        ]
      },
      "properties": {
        "id": 3424254856,
        "name": "Standard Chartered",
        "operator": "Standard Chartered",
        "amenity": "atm"
      }
    },
    {
      "type": "Feature",
      "geometry": {
        "type": "Point",
        "coordinates": [
          77.2430581,
          28.5325515
        ]
      },
      "properties": {
        "id": 3508300442,
        "name": "State Bank of India",
        "operator": "Unknown Bank",
        "amenity": "bank"
      }
    },
    {
      "type": "Feature",
      "geometry": {
        "type": "Point",
        "coordinates": [
          77.2119768,
          28.7055816
        ]
      },
      "properties": {
        "id": 3555955506,
        "name": "Unknown",
        "operator": "Axis Bank",
        "amenity": "atm"
      }
    },
    {
      "type": "Feature",
      "geometry": {
        "type": "Point",
        "coordinates": [
          77.057587,
          28.5561723
        ]
      },
      "properties": {
        "id": 3556106101,
        "name": "Punjab National Bank",
        "operator": "Unknown Bank",
        "amenity": "bank"
      }
    },
    {
      "type": "Feature",
      "geometry": {
        "type": "Point",
        "coordinates": [
          77.1932278,
          28.5438803
        ]
      },
      "properties": {
        "id": 3635905010,
        "name": "State Bank of India",
        "operator": "Unknown Bank",
        "amenity": "bank"
      }
    },
    {
      "type": "Feature",
      "geometry": {
        "type": "Point",
        "coordinates": [
          77.2579217,
          28.5358945
        ]
      },
      "properties": {
        "id": 3782897318,
        "name": "ICICI Bank",
        "operator": "Unknown Bank",
        "amenity": "bank"
      }
    },
    {
      "type": "Feature",
      "geometry": {
        "type": "Point",
        "coordinates": [
          77.2578667,
          28.5359493
        ]
      },
      "properties": {
        "id": 3782942476,
        "name": "ICICI Bank",
        "operator": "Unknown Bank",
        "amenity": "bank"
      }
    },
    {
      "type": "Feature",
      "geometry": {
        "type": "Point",
        "coordinates": [
          77.0643221,
          28.5696878
        ]
      },
      "properties": {
        "id": 3783148688,
        "name": "IDBI Bank",
        "operator": "Unknown Bank",
        "amenity": "bank"
      }
    },
    {
      "type": "Feature",
      "geometry": {
        "type": "Point",
        "coordinates": [
          77.0641526,
          28.5695676
        ]
      },
      "properties": {
        "id": 3783151754,
        "name": "ICICI Bank",
        "operator": "Unknown Bank",
        "amenity": "bank"
      }
    },
    {
      "type": "Feature",
      "geometry": {
        "type": "Point",
        "coordinates": [
          77.2217935,
          28.6319496
        ]
      },
      "properties": {
        "id": 3813668638,
        "name": "Federal Bank",
        "operator": "Federal Bank",
        "amenity": "bank"
      }
    },
    {
      "type": "Feature",
      "geometry": {
        "type": "Point",
        "coordinates": [
          77.2223143,
          28.6322316
        ]
      },
      "properties": {
        "id": 3813671938,
        "name": "State Bank of India",
        "operator": "Unknown Bank",
        "amenity": "bank"
      }
    },
    {
      "type": "Feature",
      "geometry": {
        "type": "Point",
        "coordinates": [
          77.1468543,
          28.5423944
        ]
      },
      "properties": {
        "id": 4047437859,
        "name": "SBI",
        "operator": "Unknown Bank",
        "amenity": "atm"
      }
    },
    {
      "type": "Feature",
      "geometry": {
        "type": "Point",
        "coordinates": [
          77.1480219,
          28.5366824
        ]
      },
      "properties": {
        "id": 4047437967,
        "name": "Kotak",
        "operator": "Unknown Bank",
        "amenity": "atm"
      }
    },
    {
      "type": "Feature",
      "geometry": {
        "type": "Point",
        "coordinates": [
          77.1519572,
          28.5332679
        ]
      },
      "properties": {
        "id": 4047437970,
        "name": "ICICI",
        "operator": "Unknown Bank",
        "amenity": "atm"
      }
    },
    {
      "type": "Feature",
      "geometry": {
        "type": "Point",
        "coordinates": [
          77.2066236,
          28.6787342
        ]
      },
      "properties": {
        "id": 4052563413,
        "name": "Unknown",
        "operator": "Unknown Bank",
        "amenity": "atm"
      }
    },
    {
      "type": "Feature",
      "geometry": {
        "type": "Point",
        "coordinates": [
          77.0629964,
          28.5020612
        ]
      },
      "properties": {
        "id": 4068249294,
        "name": "Oriental Bank of Commerce",
        "operator": "Unknown Bank",
        "amenity": "bank"
      }
    },
    {
      "type": "Feature",
      "geometry": {
        "type": "Point",
        "coordinates": [
          77.0092034,
          28.473737
        ]
      },
      "properties": {
        "id": 4078505380,
        "name": "Kotak Bank",
        "operator": "Unknown Bank",
        "amenity": "bank"
      }
    },
    {
      "type": "Feature",
      "geometry": {
        "type": "Point",
        "coordinates": [
          77.0090961,
          28.4739634
        ]
      },
      "properties": {
        "id": 4078505381,
        "name": "Indian Bank",
        "operator": "Unknown Bank",
        "amenity": "bank"
      }
    },
    {
      "type": "Feature",
      "geometry": {
        "type": "Point",
        "coordinates": [
          77.009418,
          28.4746801
        ]
      },
      "properties": {
        "id": 4078505382,
        "name": "state bank",
        "operator": "Unknown Bank",
        "amenity": "atm"
      }
    },
    {
      "type": "Feature",
      "geometry": {
        "type": "Point",
        "coordinates": [
          77.0092678,
          28.4736238
        ]
      },
      "properties": {
        "id": 4078505901,
        "name": "HDFC Bank",
        "operator": "Unknown Bank",
        "amenity": "bank"
      }
    },
    {
      "type": "Feature",
      "geometry": {
        "type": "Point",
        "coordinates": [
          77.0485867,
          28.4013635
        ]
      },
      "properties": {
        "id": 4101251295,
        "name": "Unknown",
        "operator": "Unknown Bank",
        "amenity": "atm"
      }
    },
    {
      "type": "Feature",
      "geometry": {
        "type": "Point",
        "coordinates": [
          77.0486618,
          28.4013948
        ]
      },
      "properties": {
        "id": 4101264092,
        "name": "Unknown",
        "operator": "Unknown Bank",
        "amenity": "atm"
      }
    },
    {
      "type": "Feature",
      "geometry": {
        "type": "Point",
        "coordinates": [
          77.0486745,
          28.40141
        ]
      },
      "properties": {
        "id": 4101264093,
        "name": "IndusInd Bank",
        "operator": "Unknown Bank",
        "amenity": "bank"
      }
    },
    {
      "type": "Feature",
      "geometry": {
        "type": "Point",
        "coordinates": [
          77.050289,
          28.4020622
        ]
      },
      "properties": {
        "id": 4101294192,
        "name": "HDFC Bank",
        "operator": "Unknown Bank",
        "amenity": "bank"
      }
    },
    {
      "type": "Feature",
      "geometry": {
        "type": "Point",
        "coordinates": [
          77.2129442,
          28.6294722
        ]
      },
      "properties": {
        "id": 4122549693,
        "name": "Unknown",
        "operator": "Unknown Bank",
        "amenity": "bank"
      }
    },
    {
      "type": "Feature",
      "geometry": {
        "type": "Point",
        "coordinates": [
          77.207037,
          28.6334535
        ]
      },
      "properties": {
        "id": 4122549695,
        "name": "IndusInd Bank",
        "operator": "Unknown Bank",
        "amenity": "atm"
      }
    },
    {
      "type": "Feature",
      "geometry": {
        "type": "Point",
        "coordinates": [
          77.2163119,
          28.6321307
        ]
      },
      "properties": {
        "id": 4122549792,
        "name": "Punjab National Bank",
        "operator": "Unknown Bank",
        "amenity": "bank"
      }
    },
    {
      "type": "Feature",
      "geometry": {
        "type": "Point",
        "coordinates": [
          77.212874,
          28.6294413
        ]
      },
      "properties": {
        "id": 4122564391,
        "name": "Unknown",
        "operator": "Unknown Bank",
        "amenity": "atm"
      }
    },
    {
      "type": "Feature",
      "geometry": {
        "type": "Point",
        "coordinates": [
          77.2076665,
          28.6333793
        ]
      },
      "properties": {
        "id": 4122592290,
        "name": "Unknown",
        "operator": "Unknown Bank",
        "amenity": "bank"
      }
    },
    {
      "type": "Feature",
      "geometry": {
        "type": "Point",
        "coordinates": [
          77.2047952,
          28.5567725
        ]
      },
      "properties": {
        "id": 4123192590,
        "name": "Unknown",
        "operator": "Unknown Bank",
        "amenity": "bank"
      }
    },
    {
      "type": "Feature",
      "geometry": {
        "type": "Point",
        "coordinates": [
          77.2057891,
          28.5576373
        ]
      },
      "properties": {
        "id": 4123255990,
        "name": "Unknown",
        "operator": "Unknown Bank",
        "amenity": "bank"
      }
    },
    {
      "type": "Feature",
      "geometry": {
        "type": "Point",
        "coordinates": [
          77.2059386,
          28.5572521
        ]
      },
      "properties": {
        "id": 4123294290,
        "name": "Unknown",
        "operator": "Unknown Bank",
        "amenity": "bank"
      }
    },
    {
      "type": "Feature",
      "geometry": {
        "type": "Point",
        "coordinates": [
          77.2019329,
          28.5546377
        ]
      },
      "properties": {
        "id": 4123294293,
        "name": "Axis Bank",
        "operator": "Unknown Bank",
        "amenity": "bank"
      }
    },
    {
      "type": "Feature",
      "geometry": {
        "type": "Point",
        "coordinates": [
          77.1950523,
          28.5696397
        ]
      },
      "properties": {
        "id": 4211254606,
        "name": "Unknown",
        "operator": "muthoot bank",
        "amenity": "atm"
      }
    },
    {
      "type": "Feature",
      "geometry": {
        "type": "Point",
        "coordinates": [
          77.1973432,
          28.5726525
        ]
      },
      "properties": {
        "id": 4211254607,
        "name": "Unknown",
        "operator": "SBT",
        "amenity": "atm"
      }
    },
    {
      "type": "Feature",
      "geometry": {
        "type": "Point",
        "coordinates": [
          77.0391796,
          28.5118779
        ]
      },
      "properties": {
        "id": 4212577536,
        "name": "Axis Bank",
        "operator": "Unknown Bank",
        "amenity": "bank"
      }
    },
    {
      "type": "Feature",
      "geometry": {
        "type": "Point",
        "coordinates": [
          77.0531667,
          28.5045742
        ]
      },
      "properties": {
        "id": 4212600962,
        "name": "Punjab National Bank",
        "operator": "Punjab National Bank",
        "amenity": "bank"
      }
    },
    {
      "type": "Feature",
      "geometry": {
        "type": "Point",
        "coordinates": [
          77.2607687,
          28.5358998
        ]
      },
      "properties": {
        "id": 4220719291,
        "name": "HDFC Bank",
        "operator": "Unknown Bank",
        "amenity": "bank"
      }
    },
    {
      "type": "Feature",
      "geometry": {
        "type": "Point",
        "coordinates": [
          77.2610083,
          28.5374894
        ]
      },
      "properties": {
        "id": 4220719292,
        "name": "Axis Bank",
        "operator": "Unknown Bank",
        "amenity": "bank"
      }
    },
    {
      "type": "Feature",
      "geometry": {
        "type": "Point",
        "coordinates": [
          77.2621625,
          28.5402881
        ]
      },
      "properties": {
        "id": 4220739790,
        "name": "Oriental Bank of Commerce",
        "operator": "Unknown Bank",
        "amenity": "bank"
      }
    },
    {
      "type": "Feature",
      "geometry": {
        "type": "Point",
        "coordinates": [
          77.0643097,
          28.602378
        ]
      },
      "properties": {
        "id": 4228870589,
        "name": "Unknown",
        "operator": "Unknown Bank",
        "amenity": "atm"
      }
    },
    {
      "type": "Feature",
      "geometry": {
        "type": "Point",
        "coordinates": [
          77.2160495,
          28.7138437
        ]
      },
      "properties": {
        "id": 4237000390,
        "name": "Bank of India",
        "operator": "Unknown Bank",
        "amenity": "bank"
      }
    },
    {
      "type": "Feature",
      "geometry": {
        "type": "Point",
        "coordinates": [
          77.2311301,
          28.5607706
        ]
      },
      "properties": {
        "id": 4237331291,
        "name": "Unknown",
        "operator": "Unknown Bank",
        "amenity": "atm"
      }
    },
    {
      "type": "Feature",
      "geometry": {
        "type": "Point",
        "coordinates": [
          77.2051383,
          28.5600369
        ]
      },
      "properties": {
        "id": 4295475992,
        "name": "HDFC Bank",
        "operator": "Unknown Bank",
        "amenity": "bank"
      }
    },
    {
      "type": "Feature",
      "geometry": {
        "type": "Point",
        "coordinates": [
          77.2215631,
          28.6316411
        ]
      },
      "properties": {
        "id": 4341161389,
        "name": "Punjab National Bank",
        "operator": "Unknown Bank",
        "amenity": "bank"
      }
    },
    {
      "type": "Feature",
      "geometry": {
        "type": "Point",
        "coordinates": [
          77.2151897,
          28.644321
        ]
      },
      "properties": {
        "id": 4351002694,
        "name": "Unknown",
        "operator": "Yes Bank",
        "amenity": "atm"
      }
    },
    {
      "type": "Feature",
      "geometry": {
        "type": "Point",
        "coordinates": [
          77.2620577,
          28.5399824
        ]
      },
      "properties": {
        "id": 4352652610,
        "name": "Vijaya Bank",
        "operator": "Unknown Bank",
        "amenity": "bank"
      }
    },
    {
      "type": "Feature",
      "geometry": {
        "type": "Point",
        "coordinates": [
          77.2620761,
          28.5387124
        ]
      },
      "properties": {
        "id": 4352698004,
        "name": "The Kangra Co-Operative Bank",
        "operator": "Unknown Bank",
        "amenity": "bank"
      }
    },
    {
      "type": "Feature",
      "geometry": {
        "type": "Point",
        "coordinates": [
          77.0514424,
          28.5829447
        ]
      },
      "properties": {
        "id": 4353515889,
        "name": "Unknown",
        "operator": "sbi",
        "amenity": "atm"
      }
    },
    {
      "type": "Feature",
      "geometry": {
        "type": "Point",
        "coordinates": [
          77.0566548,
          28.4490382
        ]
      },
      "properties": {
        "id": 4357793821,
        "name": "HDFC Bank",
        "operator": "HDFC",
        "amenity": "bank"
      }
    },
    {
      "type": "Feature",
      "geometry": {
        "type": "Point",
        "coordinates": [
          77.0570273,
          28.4489464
        ]
      },
      "properties": {
        "id": 4357795875,
        "name": "Axis Bank",
        "operator": "Axis Bank",
        "amenity": "atm"
      }
    },
    {
      "type": "Feature",
      "geometry": {
        "type": "Point",
        "coordinates": [
          77.0566378,
          28.449216
        ]
      },
      "properties": {
        "id": 4357795876,
        "name": "State Bank of India",
        "operator": "State Bank of India",
        "amenity": "atm"
      }
    },
    {
      "type": "Feature",
      "geometry": {
        "type": "Point",
        "coordinates": [
          77.211746,
          28.6453308
        ]
      },
      "properties": {
        "id": 4373353502,
        "name": "Unknown",
        "operator": "Unknown Bank",
        "amenity": "atm"
      }
    },
    {
      "type": "Feature",
      "geometry": {
        "type": "Point",
        "coordinates": [
          77.2184328,
          28.6135345
        ]
      },
      "properties": {
        "id": 4385547591,
        "name": "Unknown",
        "operator": "Unknown Bank",
        "amenity": "atm"
      }
    },
    {
      "type": "Feature",
      "geometry": {
        "type": "Point",
        "coordinates": [
          77.0320047,
          28.632716
        ]
      },
      "properties": {
        "id": 4404214389,
        "name": "axix bank ATM",
        "operator": "Unknown Bank",
        "amenity": "atm"
      }
    },
    {
      "type": "Feature",
      "geometry": {
        "type": "Point",
        "coordinates": [
          77.2058387,
          28.6804
        ]
      },
      "properties": {
        "id": 4409712395,
        "name": "Unknown",
        "operator": "Unknown Bank",
        "amenity": "atm"
      }
    },
    {
      "type": "Feature",
      "geometry": {
        "type": "Point",
        "coordinates": [
          77.1945193,
          28.6451684
        ]
      },
      "properties": {
        "id": 4414245490,
        "name": "Unknown",
        "operator": "State Bank of Mysore",
        "amenity": "bank"
      }
    },
    {
      "type": "Feature",
      "geometry": {
        "type": "Point",
        "coordinates": [
          77.208325,
          28.6576906
        ]
      },
      "properties": {
        "id": 4416529192,
        "name": "Unknown",
        "operator": "Unknown Bank",
        "amenity": "atm"
      }
    },
    {
      "type": "Feature",
      "geometry": {
        "type": "Point",
        "coordinates": [
          77.1242522,
          28.5385875
        ]
      },
      "properties": {
        "id": 4419897291,
        "name": "Home",
        "operator": "my self",
        "amenity": "atm"
      }
    },
    {
      "type": "Feature",
      "geometry": {
        "type": "Point",
        "coordinates": [
          77.2361501,
          28.6223326
        ]
      },
      "properties": {
        "id": 4435749475,
        "name": "Canara Bank",
        "operator": "Unknown Bank",
        "amenity": "bank"
      }
    },
    {
      "type": "Feature",
      "geometry": {
        "type": "Point",
        "coordinates": [
          77.0582992,
          28.6224974
        ]
      },
      "properties": {
        "id": 4459952392,
        "name": "Unknown",
        "operator": "Bank of India ATM",
        "amenity": "atm"
      }
    },
    {
      "type": "Feature",
      "geometry": {
        "type": "Point",
        "coordinates": [
          76.953435,
          28.633421
        ]
      },
      "properties": {
        "id": 4462855350,
        "name": "State Bank Of India",
        "operator": "Unknown Bank",
        "amenity": "bank"
      }
    },
    {
      "type": "Feature",
      "geometry": {
        "type": "Point",
        "coordinates": [
          77.1302511,
          28.6838443
        ]
      },
      "properties": {
        "id": 4472287196,
        "name": "Punjab and Sindh Bank",
        "operator": "Unknown Bank",
        "amenity": "bank"
      }
    },
    {
      "type": "Feature",
      "geometry": {
        "type": "Point",
        "coordinates": [
          77.1259071,
          28.6891334
        ]
      },
      "properties": {
        "id": 4475158895,
        "name": "Punjab National Bank",
        "operator": "Unknown Bank",
        "amenity": "bank"
      }
    },
    {
      "type": "Feature",
      "geometry": {
        "type": "Point",
        "coordinates": [
          77.1216542,
          28.6883534
        ]
      },
      "properties": {
        "id": 4475201991,
        "name": "Unknown",
        "operator": "Punjab National Bank ATM",
        "amenity": "atm"
      }
    },
    {
      "type": "Feature",
      "geometry": {
        "type": "Point",
        "coordinates": [
          77.2060927,
          28.5269577
        ]
      },
      "properties": {
        "id": 4483488493,
        "name": "Yes Bank",
        "operator": "Unknown Bank",
        "amenity": "bank"
      }
    },
    {
      "type": "Feature",
      "geometry": {
        "type": "Point",
        "coordinates": [
          77.2633242,
          28.6927852
        ]
      },
      "properties": {
        "id": 4485176593,
        "name": "Unknown",
        "operator": "Unknown Bank",
        "amenity": "atm"
      }
    },
    {
      "type": "Feature",
      "geometry": {
        "type": "Point",
        "coordinates": [
          77.0695922,
          28.7122809
        ]
      },
      "properties": {
        "id": 4492207289,
        "name": "Rohini sec 20",
        "operator": "Unknown Bank",
        "amenity": "bank"
      }
    },
    {
      "type": "Feature",
      "geometry": {
        "type": "Point",
        "coordinates": [
          77.0927011,
          28.4942205
        ]
      },
      "properties": {
        "id": 4496525913,
        "name": "ICICI Bank",
        "operator": "Unknown Bank",
        "amenity": "bank"
      }
    },
    {
      "type": "Feature",
      "geometry": {
        "type": "Point",
        "coordinates": [
          77.0930222,
          28.4949474
        ]
      },
      "properties": {
        "id": 4496534357,
        "name": "Deutsche Bank",
        "operator": "Unknown Bank",
        "amenity": "bank"
      }
    },
    {
      "type": "Feature",
      "geometry": {
        "type": "Point",
        "coordinates": [
          77.0851809,
          28.5533046
        ]
      },
      "properties": {
        "id": 4497803089,
        "name": "ICICI Bank",
        "operator": "ICICI Bank",
        "amenity": "atm"
      }
    },
    {
      "type": "Feature",
      "geometry": {
        "type": "Point",
        "coordinates": [
          77.2510098,
          28.5084236
        ]
      },
      "properties": {
        "id": 4497951991,
        "name": "Unknown",
        "operator": "sbi bank atm",
        "amenity": "atm"
      }
    },
    {
      "type": "Feature",
      "geometry": {
        "type": "Point",
        "coordinates": [
          77.1231657,
          28.7028399
        ]
      },
      "properties": {
        "id": 4500378702,
        "name": "ICICI Bank",
        "operator": "Unknown Bank",
        "amenity": "bank"
      }
    },
    {
      "type": "Feature",
      "geometry": {
        "type": "Point",
        "coordinates": [
          77.2095729,
          28.6437322
        ]
      },
      "properties": {
        "id": 4507814689,
        "name": "Unknown",
        "operator": "Unknown Bank",
        "amenity": "atm"
      }
    },
    {
      "type": "Feature",
      "geometry": {
        "type": "Point",
        "coordinates": [
          77.0997134,
          28.7029327
        ]
      },
      "properties": {
        "id": 4511531989,
        "name": "Unknown",
        "operator": "icic",
        "amenity": "atm"
      }
    },
    {
      "type": "Feature",
      "geometry": {
        "type": "Point",
        "coordinates": [
          77.0997615,
          28.7029518
        ]
      },
      "properties": {
        "id": 4511544389,
        "name": "Unknown",
        "operator": "ICICI Bank",
        "amenity": "atm"
      }
    },
    {
      "type": "Feature",
      "geometry": {
        "type": "Point",
        "coordinates": [
          77.1022914,
          28.7057871
        ]
      },
      "properties": {
        "id": 4511556291,
        "name": "Unknown",
        "operator": "HDFC Bank",
        "amenity": "atm"
      }
    },
    {
      "type": "Feature",
      "geometry": {
        "type": "Point",
        "coordinates": [
          77.1858643,
          28.5403996
        ]
      },
      "properties": {
        "id": 4532673693,
        "name": "Unknown",
        "operator": "Yes Bank",
        "amenity": "atm"
      }
    },
    {
      "type": "Feature",
      "geometry": {
        "type": "Point",
        "coordinates": [
          77.1809133,
          28.5493889
        ]
      },
      "properties": {
        "id": 4532843494,
        "name": "Unknown",
        "operator": "SBI BANK,AXIS BANK",
        "amenity": "atm"
      }
    },
    {
      "type": "Feature",
      "geometry": {
        "type": "Point",
        "coordinates": [
          77.2145324,
          28.6266262
        ]
      },
      "properties": {
        "id": 4541197689,
        "name": "State Bank of India",
        "operator": "Unknown Bank",
        "amenity": "bank"
      }
    },
    {
      "type": "Feature",
      "geometry": {
        "type": "Point",
        "coordinates": [
          77.0348741,
          28.6444573
        ]
      },
      "properties": {
        "id": 4541550390,
        "name": "Unknown",
        "operator": "Unknown Bank",
        "amenity": "atm"
      }
    },
    {
      "type": "Feature",
      "geometry": {
        "type": "Point",
        "coordinates": [
          77.1420464,
          28.647204
        ]
      },
      "properties": {
        "id": 4574602991,
        "name": "Unknown",
        "operator": "Unknown Bank",
        "amenity": "atm"
      }
    },
    {
      "type": "Feature",
      "geometry": {
        "type": "Point",
        "coordinates": [
          77.1430207,
          28.6483037
        ]
      },
      "properties": {
        "id": 4574622590,
        "name": "Unknown",
        "operator": "Unknown Bank",
        "amenity": "bank"
      }
    },
    {
      "type": "Feature",
      "geometry": {
        "type": "Point",
        "coordinates": [
          77.0567573,
          28.6220992
        ]
      },
      "properties": {
        "id": 4587732796,
        "name": "Unknown",
        "operator": "punjab and sindh bank",
        "amenity": "atm"
      }
    },
    {
      "type": "Feature",
      "geometry": {
        "type": "Point",
        "coordinates": [
          77.2418175,
          28.6441975
        ]
      },
      "properties": {
        "id": 4599210189,
        "name": "Unknown",
        "operator": "Unknown Bank",
        "amenity": "atm"
      }
    },
    {
      "type": "Feature",
      "geometry": {
        "type": "Point",
        "coordinates": [
          77.22613,
          28.4302171
        ]
      },
      "properties": {
        "id": 4618648391,
        "name": "Unknown",
        "operator": "Unknown Bank",
        "amenity": "atm"
      }
    },
    {
      "type": "Feature",
      "geometry": {
        "type": "Point",
        "coordinates": [
          77.1853088,
          28.5406103
        ]
      },
      "properties": {
        "id": 4674829992,
        "name": "Unknown",
        "operator": "HDFC Bank",
        "amenity": "atm"
      }
    },
    {
      "type": "Feature",
      "geometry": {
        "type": "Point",
        "coordinates": [
          77.2817747,
          28.7059612
        ]
      },
      "properties": {
        "id": 4682629293,
        "name": "Unknown",
        "operator": "fjjdi",
        "amenity": "atm"
      }
    },
    {
      "type": "Feature",
      "geometry": {
        "type": "Point",
        "coordinates": [
          77.1285737,
          28.5432647
        ]
      },
      "properties": {
        "id": 4692007665,
        "name": "Oriental Bank of Commerce",
        "operator": "Unknown Bank",
        "amenity": "atm"
      }
    },
    {
      "type": "Feature",
      "geometry": {
        "type": "Point",
        "coordinates": [
          77.128262,
          28.5441966
        ]
      },
      "properties": {
        "id": 4692007666,
        "name": "Axis Bank",
        "operator": "Axis Bank",
        "amenity": "atm"
      }
    },
    {
      "type": "Feature",
      "geometry": {
        "type": "Point",
        "coordinates": [
          77.2053756,
          28.6246459
        ]
      },
      "properties": {
        "id": 4713325589,
        "name": "Unknown",
        "operator": "State Bank of India",
        "amenity": "atm"
      }
    },
    {
      "type": "Feature",
      "geometry": {
        "type": "Point",
        "coordinates": [
          77.1517261,
          28.6933157
        ]
      },
      "properties": {
        "id": 4725426593,
        "name": "Unknown",
        "operator": "Unknown Bank",
        "amenity": "atm"
      }
    },
    {
      "type": "Feature",
      "geometry": {
        "type": "Point",
        "coordinates": [
          77.1516171,
          28.692716
        ]
      },
      "properties": {
        "id": 4725477193,
        "name": "Unknown",
        "operator": "Unknown Bank",
        "amenity": "bank"
      }
    },
    {
      "type": "Feature",
      "geometry": {
        "type": "Point",
        "coordinates": [
          77.210682,
          28.5367606
        ]
      },
      "properties": {
        "id": 4727546094,
        "name": "State Bank of India",
        "operator": "State Bank of India",
        "amenity": "atm"
      }
    },
    {
      "type": "Feature",
      "geometry": {
        "type": "Point",
        "coordinates": [
          77.2105006,
          28.5366898
        ]
      },
      "properties": {
        "id": 4727546095,
        "name": "Yes Bank",
        "operator": "Unknown Bank",
        "amenity": "bank"
      }
    },
    {
      "type": "Feature",
      "geometry": {
        "type": "Point",
        "coordinates": [
          77.2106832,
          28.5365328
        ]
      },
      "properties": {
        "id": 4727546096,
        "name": "IIFL Finance",
        "operator": "Unknown Bank",
        "amenity": "bank"
      }
    },
    {
      "type": "Feature",
      "geometry": {
        "type": "Point",
        "coordinates": [
          77.208157,
          28.5352358
        ]
      },
      "properties": {
        "id": 4727546097,
        "name": "DPauls Currency Exchange",
        "operator": "Unknown Bank",
        "amenity": "bank"
      }
    },
    {
      "type": "Feature",
      "geometry": {
        "type": "Point",
        "coordinates": [
          77.1982197,
          28.5385666
        ]
      },
      "properties": {
        "id": 4728764389,
        "name": "D V Forex PVT Ltd",
        "operator": "Unknown Bank",
        "amenity": "bank"
      }
    },
    {
      "type": "Feature",
      "geometry": {
        "type": "Point",
        "coordinates": [
          77.2053258,
          28.5570687
        ]
      },
      "properties": {
        "id": 4729010297,
        "name": "Western Union",
        "operator": "Unknown Bank",
        "amenity": "bank"
      }
    },
    {
      "type": "Feature",
      "geometry": {
        "type": "Point",
        "coordinates": [
          77.284189,
          28.6707258
        ]
      },
      "properties": {
        "id": 4754033121,
        "name": "Unknown",
        "operator": "SBI",
        "amenity": "atm"
      }
    },
    {
      "type": "Feature",
      "geometry": {
        "type": "Point",
        "coordinates": [
          77.2615535,
          28.5380689
        ]
      },
      "properties": {
        "id": 4762915021,
        "name": "Unknown",
        "operator": "ICICI Bank",
        "amenity": "atm"
      }
    },
    {
      "type": "Feature",
      "geometry": {
        "type": "Point",
        "coordinates": [
          77.018953,
          28.4671681
        ]
      },
      "properties": {
        "id": 4847265402,
        "name": "State Bank of India",
        "operator": "Unknown Bank",
        "amenity": "bank"
      }
    },
    {
      "type": "Feature",
      "geometry": {
        "type": "Point",
        "coordinates": [
          77.1648102,
          28.5786627
        ]
      },
      "properties": {
        "id": 4860891324,
        "name": "State Bank of India",
        "operator": "Unknown Bank",
        "amenity": "bank"
      }
    },
    {
      "type": "Feature",
      "geometry": {
        "type": "Point",
        "coordinates": [
          77.1645356,
          28.5801467
        ]
      },
      "properties": {
        "id": 4860912621,
        "name": "Punjab National Bank",
        "operator": "Unknown Bank",
        "amenity": "bank"
      }
    },
    {
      "type": "Feature",
      "geometry": {
        "type": "Point",
        "coordinates": [
          77.2193166,
          28.6425769
        ]
      },
      "properties": {
        "id": 4907281021,
        "name": "Unknown",
        "operator": "Union Bank",
        "amenity": "atm"
      }
    },
    {
      "type": "Feature",
      "geometry": {
        "type": "Point",
        "coordinates": [
          77.2193198,
          28.6425338
        ]
      },
      "properties": {
        "id": 4907281121,
        "name": "Unknown",
        "operator": "Bank of Baroda",
        "amenity": "atm"
      }
    },
    {
      "type": "Feature",
      "geometry": {
        "type": "Point",
        "coordinates": [
          77.2794765,
          28.6176795
        ]
      },
      "properties": {
        "id": 4910109424,
        "name": "Unknown",
        "operator": "HDFC Bank",
        "amenity": "atm"
      }
    },
    {
      "type": "Feature",
      "geometry": {
        "type": "Point",
        "coordinates": [
          77.2077982,
          28.5527397
        ]
      },
      "properties": {
        "id": 4927143357,
        "name": "Unknown",
        "operator": "Kotak Mahindra Bank",
        "amenity": "atm"
      }
    },
    {
      "type": "Feature",
      "geometry": {
        "type": "Point",
        "coordinates": [
          77.1775233,
          28.5546315
        ]
      },
      "properties": {
        "id": 4927143359,
        "name": "State Bank of India",
        "operator": "State Bank of India",
        "amenity": "atm"
      }
    },
    {
      "type": "Feature",
      "geometry": {
        "type": "Point",
        "coordinates": [
          77.2063338,
          28.5563358
        ]
      },
      "properties": {
        "id": 4927145392,
        "name": "Yes Bank & ATM",
        "operator": "Unknown Bank",
        "amenity": "bank"
      }
    },
    {
      "type": "Feature",
      "geometry": {
        "type": "Point",
        "coordinates": [
          77.0817663,
          28.451323
        ]
      },
      "properties": {
        "id": 4969981421,
        "name": "Unknown",
        "operator": "HDFC Bank",
        "amenity": "atm"
      }
    },
    {
      "type": "Feature",
      "geometry": {
        "type": "Point",
        "coordinates": [
          76.8934922,
          28.7309234
        ]
      },
      "properties": {
        "id": 4976510660,
        "name": "State Bank of India",
        "operator": "Unknown Bank",
        "amenity": "bank"
      }
    },
    {
      "type": "Feature",
      "geometry": {
        "type": "Point",
        "coordinates": [
          77.2804943,
          28.6712448
        ]
      },
      "properties": {
        "id": 4985152524,
        "name": "Unknown",
        "operator": "Unknown Bank",
        "amenity": "atm"
      }
    },
    {
      "type": "Feature",
      "geometry": {
        "type": "Point",
        "coordinates": [
          77.2815699,
          28.6714431
        ]
      },
      "properties": {
        "id": 4985152723,
        "name": "Unknown",
        "operator": "Kotak Bank",
        "amenity": "atm"
      }
    },
    {
      "type": "Feature",
      "geometry": {
        "type": "Point",
        "coordinates": [
          77.1838262,
          28.5473981
        ]
      },
      "properties": {
        "id": 4999014149,
        "name": "IndiCash ATM",
        "operator": "Unknown Bank",
        "amenity": "atm"
      }
    },
    {
      "type": "Feature",
      "geometry": {
        "type": "Point",
        "coordinates": [
          77.1832177,
          28.5457285
        ]
      },
      "properties": {
        "id": 4999014150,
        "name": "State Bank of India",
        "operator": "State Bank of India",
        "amenity": "atm"
      }
    },
    {
      "type": "Feature",
      "geometry": {
        "type": "Point",
        "coordinates": [
          77.2241064,
          28.6296084
        ]
      },
      "properties": {
        "id": 5068217450,
        "name": "Kotak Mahindra Bank",
        "operator": "Unknown Bank",
        "amenity": "bank"
      }
    },
    {
      "type": "Feature",
      "geometry": {
        "type": "Point",
        "coordinates": [
          77.2248562,
          28.6291812
        ]
      },
      "properties": {
        "id": 5068217831,
        "name": "ICICI Bank",
        "operator": "ICICI Bank",
        "amenity": "bank"
      }
    },
    {
      "type": "Feature",
      "geometry": {
        "type": "Point",
        "coordinates": [
          77.2239758,
          28.6296576
        ]
      },
      "properties": {
        "id": 5068220704,
        "name": "Standard Chartered",
        "operator": "Unknown Bank",
        "amenity": "bank"
      }
    },
    {
      "type": "Feature",
      "geometry": {
        "type": "Point",
        "coordinates": [
          77.2237716,
          28.6298916
        ]
      },
      "properties": {
        "id": 5068221030,
        "name": "HSBC",
        "operator": "Unknown Bank",
        "amenity": "bank"
      }
    },
    {
      "type": "Feature",
      "geometry": {
        "type": "Point",
        "coordinates": [
          77.2232644,
          28.630268
        ]
      },
      "properties": {
        "id": 5068221252,
        "name": "Punjab National Bank",
        "operator": "Unknown Bank",
        "amenity": "bank"
      }
    },
    {
      "type": "Feature",
      "geometry": {
        "type": "Point",
        "coordinates": [
          77.222709,
          28.6305309
        ]
      },
      "properties": {
        "id": 5068221949,
        "name": "Axis Bank",
        "operator": "Unknown Bank",
        "amenity": "bank"
      }
    },
    {
      "type": "Feature",
      "geometry": {
        "type": "Point",
        "coordinates": [
          77.2239496,
          28.6293464
        ]
      },
      "properties": {
        "id": 5068239400,
        "name": "ICICI Mutual Funds",
        "operator": "Unknown Bank",
        "amenity": "bank"
      }
    },
    {
      "type": "Feature",
      "geometry": {
        "type": "Point",
        "coordinates": [
          77.2518032,
          28.5471828
        ]
      },
      "properties": {
        "id": 5099590621,
        "name": "Bank of India",
        "operator": "Unknown Bank",
        "amenity": "bank"
      }
    },
    {
      "type": "Feature",
      "geometry": {
        "type": "Point",
        "coordinates": [
          77.1285872,
          28.54712
        ]
      },
      "properties": {
        "id": 5115687022,
        "name": "ATM",
        "operator": "Unknown Bank",
        "amenity": "bank"
      }
    },
    {
      "type": "Feature",
      "geometry": {
        "type": "Point",
        "coordinates": [
          77.2999905,
          28.6497904
        ]
      },
      "properties": {
        "id": 5122054868,
        "name": "State Bank of India",
        "operator": "Unknown Bank",
        "amenity": "bank"
      }
    },
    {
      "type": "Feature",
      "geometry": {
        "type": "Point",
        "coordinates": [
          77.2982072,
          28.6517355
        ]
      },
      "properties": {
        "id": 5122054874,
        "name": "Kotak Mahindra Bank",
        "operator": "Unknown Bank",
        "amenity": "bank"
      }
    },
    {
      "type": "Feature",
      "geometry": {
        "type": "Point",
        "coordinates": [
          77.2347299,
          28.5404595
        ]
      },
      "properties": {
        "id": 5128503979,
        "name": "Unknown",
        "operator": "SBI Bank",
        "amenity": "atm"
      }
    },
    {
      "type": "Feature",
      "geometry": {
        "type": "Point",
        "coordinates": [
          77.2299961,
          28.5438862
        ]
      },
      "properties": {
        "id": 5131701516,
        "name": "Unknown",
        "operator": "Kotak Mahindra Bank",
        "amenity": "atm"
      }
    },
    {
      "type": "Feature",
      "geometry": {
        "type": "Point",
        "coordinates": [
          77.189294,
          28.6019799
        ]
      },
      "properties": {
        "id": 5136715533,
        "name": "Yes Bank",
        "operator": "Unknown Bank",
        "amenity": "bank"
      }
    },
    {
      "type": "Feature",
      "geometry": {
        "type": "Point",
        "coordinates": [
          77.1849985,
          28.6038119
        ]
      },
      "properties": {
        "id": 5137961098,
        "name": "Punjab National Bank",
        "operator": "Punjab National Bank",
        "amenity": "bank"
      }
    },
    {
      "type": "Feature",
      "geometry": {
        "type": "Point",
        "coordinates": [
          77.2246065,
          28.6565174
        ]
      },
      "properties": {
        "id": 5143642195,
        "name": "HDFC Bank",
        "operator": "HDFC Bank",
        "amenity": "atm"
      }
    },
    {
      "type": "Feature",
      "geometry": {
        "type": "Point",
        "coordinates": [
          77.1632054,
          28.5828891
        ]
      },
      "properties": {
        "id": 5160972570,
        "name": "State Bank of India",
        "operator": "Unknown Bank",
        "amenity": "bank"
      }
    },
    {
      "type": "Feature",
      "geometry": {
        "type": "Point",
        "coordinates": [
          77.1492017,
          28.5831234
        ]
      },
      "properties": {
        "id": 5162443066,
        "name": "Canara Bank",
        "operator": "Unknown Bank",
        "amenity": "bank"
      }
    },
    {
      "type": "Feature",
      "geometry": {
        "type": "Point",
        "coordinates": [
          77.148443,
          28.5790267
        ]
      },
      "properties": {
        "id": 5170742145,
        "name": "Unknown",
        "operator": "Unknown Bank",
        "amenity": "atm"
      }
    },
    {
      "type": "Feature",
      "geometry": {
        "type": "Point",
        "coordinates": [
          77.0945132,
          28.5738264
        ]
      },
      "properties": {
        "id": 5170823793,
        "name": "Unknown",
        "operator": "Oriental Bank of Commerce",
        "amenity": "atm"
      }
    },
    {
      "type": "Feature",
      "geometry": {
        "type": "Point",
        "coordinates": [
          77.0877023,
          28.5748893
        ]
      },
      "properties": {
        "id": 5170836125,
        "name": "Unknown",
        "operator": "HDFC Bank",
        "amenity": "atm"
      }
    },
    {
      "type": "Feature",
      "geometry": {
        "type": "Point",
        "coordinates": [
          77.0926199,
          28.5774648
        ]
      },
      "properties": {
        "id": 5171190930,
        "name": "Unknown",
        "operator": "Central Bank of India",
        "amenity": "atm"
      }
    },
    {
      "type": "Feature",
      "geometry": {
        "type": "Point",
        "coordinates": [
          77.0895803,
          28.5769958
        ]
      },
      "properties": {
        "id": 5171190931,
        "name": "Central Bank of India",
        "operator": "Unknown Bank",
        "amenity": "bank"
      }
    },
    {
      "type": "Feature",
      "geometry": {
        "type": "Point",
        "coordinates": [
          77.0999242,
          28.5782606
        ]
      },
      "properties": {
        "id": 5171190947,
        "name": "Unknown",
        "operator": "State Bank of India",
        "amenity": "atm"
      }
    },
    {
      "type": "Feature",
      "geometry": {
        "type": "Point",
        "coordinates": [
          77.089655,
          28.5823112
        ]
      },
      "properties": {
        "id": 5171298504,
        "name": "Unknown",
        "operator": "ICICI Bank",
        "amenity": "atm"
      }
    },
    {
      "type": "Feature",
      "geometry": {
        "type": "Point",
        "coordinates": [
          77.0894826,
          28.5823436
        ]
      },
      "properties": {
        "id": 5171298505,
        "name": "Unknown",
        "operator": "Axis Bank",
        "amenity": "atm"
      }
    },
    {
      "type": "Feature",
      "geometry": {
        "type": "Point",
        "coordinates": [
          77.0908069,
          28.5845091
        ]
      },
      "properties": {
        "id": 5172862584,
        "name": "Unknown",
        "operator": "Axis Bank",
        "amenity": "atm"
      }
    },
    {
      "type": "Feature",
      "geometry": {
        "type": "Point",
        "coordinates": [
          77.0883753,
          28.5857538
        ]
      },
      "properties": {
        "id": 5172862585,
        "name": "Unknown",
        "operator": "Kotak Mahindra Bank",
        "amenity": "atm"
      }
    },
    {
      "type": "Feature",
      "geometry": {
        "type": "Point",
        "coordinates": [
          77.0876987,
          28.5861864
        ]
      },
      "properties": {
        "id": 5172862586,
        "name": "Unknown",
        "operator": "Punjab National Bank",
        "amenity": "atm"
      }
    },
    {
      "type": "Feature",
      "geometry": {
        "type": "Point",
        "coordinates": [
          77.0876812,
          28.586196
        ]
      },
      "properties": {
        "id": 5172862587,
        "name": "Unknown",
        "operator": "Central Bank of India",
        "amenity": "atm"
      }
    },
    {
      "type": "Feature",
      "geometry": {
        "type": "Point",
        "coordinates": [
          77.0879638,
          28.5860009
        ]
      },
      "properties": {
        "id": 5172862588,
        "name": "State Bank of India",
        "operator": "Unknown Bank",
        "amenity": "bank"
      }
    },
    {
      "type": "Feature",
      "geometry": {
        "type": "Point",
        "coordinates": [
          77.0799249,
          28.5895414
        ]
      },
      "properties": {
        "id": 5172862589,
        "name": "Axis Bank",
        "operator": "Unknown Bank",
        "amenity": "bank"
      }
    },
    {
      "type": "Feature",
      "geometry": {
        "type": "Point",
        "coordinates": [
          77.0874593,
          28.5833403
        ]
      },
      "properties": {
        "id": 5172862590,
        "name": "Unknown",
        "operator": "Yes Bank",
        "amenity": "atm"
      }
    },
    {
      "type": "Feature",
      "geometry": {
        "type": "Point",
        "coordinates": [
          77.0873761,
          28.5835005
        ]
      },
      "properties": {
        "id": 5172862591,
        "name": "Unknown",
        "operator": "HDFC Bank",
        "amenity": "atm"
      }
    },
    {
      "type": "Feature",
      "geometry": {
        "type": "Point",
        "coordinates": [
          77.0836076,
          28.5857481
        ]
      },
      "properties": {
        "id": 5172862603,
        "name": "Unknown",
        "operator": "Punjab National Bank",
        "amenity": "atm"
      }
    },
    {
      "type": "Feature",
      "geometry": {
        "type": "Point",
        "coordinates": [
          77.0821383,
          28.5863009
        ]
      },
      "properties": {
        "id": 5172862606,
        "name": "Unknown",
        "operator": "ICICI Bank",
        "amenity": "atm"
      }
    },
    {
      "type": "Feature",
      "geometry": {
        "type": "Point",
        "coordinates": [
          77.0753099,
          28.587225
        ]
      },
      "properties": {
        "id": 5172862607,
        "name": "Unknown",
        "operator": "Punjab National Bank",
        "amenity": "atm"
      }
    },
    {
      "type": "Feature",
      "geometry": {
        "type": "Point",
        "coordinates": [
          77.0995536,
          28.5782885
        ]
      },
      "properties": {
        "id": 5188596647,
        "name": "Canara Bank",
        "operator": "Unknown Bank",
        "amenity": "bank"
      }
    },
    {
      "type": "Feature",
      "geometry": {
        "type": "Point",
        "coordinates": [
          77.1235203,
          28.5754277
        ]
      },
      "properties": {
        "id": 5188596670,
        "name": "Oriental Bank of Commerce",
        "operator": "Oriental Bank of Commerce",
        "amenity": "atm"
      }
    },
    {
      "type": "Feature",
      "geometry": {
        "type": "Point",
        "coordinates": [
          77.0919829,
          28.619744
        ]
      },
      "properties": {
        "id": 5208924918,
        "name": "Unknown",
        "operator": "Unknown Bank",
        "amenity": "bank"
      }
    },
    {
      "type": "Feature",
      "geometry": {
        "type": "Point",
        "coordinates": [
          77.1064101,
          28.4346767
        ]
      },
      "properties": {
        "id": 5220810365,
        "name": "ICICI Bank",
        "operator": "ICICI Bank",
        "amenity": "bank"
      }
    },
    {
      "type": "Feature",
      "geometry": {
        "type": "Point",
        "coordinates": [
          77.1055815,
          28.433569
        ]
      },
      "properties": {
        "id": 5220810368,
        "name": "State Bank of India",
        "operator": "State Bank of India",
        "amenity": "bank"
      }
    },
    {
      "type": "Feature",
      "geometry": {
        "type": "Point",
        "coordinates": [
          77.1053884,
          28.4338166
        ]
      },
      "properties": {
        "id": 5220810369,
        "name": "IndusInd Bank",
        "operator": "IndusInd Bank",
        "amenity": "bank"
      }
    },
    {
      "type": "Feature",
      "geometry": {
        "type": "Point",
        "coordinates": [
          77.1052328,
          28.433819
        ]
      },
      "properties": {
        "id": 5220810370,
        "name": "Kotak Mahindra Bank",
        "operator": "Kotak Mahindra Bank",
        "amenity": "bank"
      }
    },
    {
      "type": "Feature",
      "geometry": {
        "type": "Point",
        "coordinates": [
          77.1063815,
          28.4346987
        ]
      },
      "properties": {
        "id": 5221320059,
        "name": "Unknown",
        "operator": "ICICI Bank",
        "amenity": "atm"
      }
    },
    {
      "type": "Feature",
      "geometry": {
        "type": "Point",
        "coordinates": [
          77.2906976,
          28.6070398
        ]
      },
      "properties": {
        "id": 5227840864,
        "name": "Axis Bank",
        "operator": "Unknown Bank",
        "amenity": "bank"
      }
    },
    {
      "type": "Feature",
      "geometry": {
        "type": "Point",
        "coordinates": [
          77.1064383,
          28.4346631
        ]
      },
      "properties": {
        "id": 5228001162,
        "name": "HDFC Bank",
        "operator": "HDFC Bank",
        "amenity": "bank"
      }
    },
    {
      "type": "Feature",
      "geometry": {
        "type": "Point",
        "coordinates": [
          77.2360014,
          28.6225443
        ]
      },
      "properties": {
        "id": 5232386531,
        "name": "Syndicate Bank",
        "operator": "Unknown Bank",
        "amenity": "bank"
      }
    },
    {
      "type": "Feature",
      "geometry": {
        "type": "Point",
        "coordinates": [
          77.2406889,
          28.5617566
        ]
      },
      "properties": {
        "id": 5236325249,
        "name": "Unknown",
        "operator": "Punjab & Sind Bank",
        "amenity": "atm"
      }
    },
    {
      "type": "Feature",
      "geometry": {
        "type": "Point",
        "coordinates": [
          77.2368766,
          28.5705121
        ]
      },
      "properties": {
        "id": 5237078292,
        "name": "Yes Bank",
        "operator": "Unknown Bank",
        "amenity": "bank"
      }
    },
    {
      "type": "Feature",
      "geometry": {
        "type": "Point",
        "coordinates": [
          77.2367354,
          28.570565
        ]
      },
      "properties": {
        "id": 5237078293,
        "name": "ICICI Bank",
        "operator": "Unknown Bank",
        "amenity": "bank"
      }
    },
    {
      "type": "Feature",
      "geometry": {
        "type": "Point",
        "coordinates": [
          77.2366313,
          28.5707216
        ]
      },
      "properties": {
        "id": 5237078294,
        "name": "Unknown",
        "operator": "Punjab National Bank",
        "amenity": "atm"
      }
    },
    {
      "type": "Feature",
      "geometry": {
        "type": "Point",
        "coordinates": [
          77.23407,
          28.5637919
        ]
      },
      "properties": {
        "id": 5237131011,
        "name": "Unknown",
        "operator": "Unknown Bank",
        "amenity": "atm"
      }
    },
    {
      "type": "Feature",
      "geometry": {
        "type": "Point",
        "coordinates": [
          77.2340922,
          28.5637613
        ]
      },
      "properties": {
        "id": 5237131012,
        "name": "Unknown",
        "operator": "Punjab National Bank",
        "amenity": "atm"
      }
    },
    {
      "type": "Feature",
      "geometry": {
        "type": "Point",
        "coordinates": [
          77.2373866,
          28.5717636
        ]
      },
      "properties": {
        "id": 5244199567,
        "name": "Axis Bank",
        "operator": "Unknown Bank",
        "amenity": "bank"
      }
    },
    {
      "type": "Feature",
      "geometry": {
        "type": "Point",
        "coordinates": [
          77.2375931,
          28.5714609
        ]
      },
      "properties": {
        "id": 5244213090,
        "name": "Kotak Mahindra Bank",
        "operator": "Unknown Bank",
        "amenity": "bank"
      }
    },
    {
      "type": "Feature",
      "geometry": {
        "type": "Point",
        "coordinates": [
          77.1063656,
          28.4347984
        ]
      },
      "properties": {
        "id": 5248190626,
        "name": "Unknown",
        "operator": "Citibank",
        "amenity": "atm"
      }
    },
    {
      "type": "Feature",
      "geometry": {
        "type": "Point",
        "coordinates": [
          77.1116254,
          28.4359234
        ]
      },
      "properties": {
        "id": 5248190627,
        "name": "Unknown",
        "operator": "IndusInd Bank",
        "amenity": "atm"
      }
    },
    {
      "type": "Feature",
      "geometry": {
        "type": "Point",
        "coordinates": [
          77.2295991,
          28.5752151
        ]
      },
      "properties": {
        "id": 5248690241,
        "name": "Kotak Mahindra Bank",
        "operator": "Unknown Bank",
        "amenity": "bank"
      }
    },
    {
      "type": "Feature",
      "geometry": {
        "type": "Point",
        "coordinates": [
          77.2296068,
          28.5456863
        ]
      },
      "properties": {
        "id": 5248720990,
        "name": "DigiBank",
        "operator": "Unknown Bank",
        "amenity": "atm"
      }
    },
    {
      "type": "Feature",
      "geometry": {
        "type": "Point",
        "coordinates": [
          77.2868222,
          28.6121039
        ]
      },
      "properties": {
        "id": 5251550474,
        "name": "Unknown",
        "operator": "Unknown Bank",
        "amenity": "bank"
      }
    },
    {
      "type": "Feature",
      "geometry": {
        "type": "Point",
        "coordinates": [
          77.2870188,
          28.6118553
        ]
      },
      "properties": {
        "id": 5251550475,
        "name": "Unknown",
        "operator": "Unknown Bank",
        "amenity": "bank"
      }
    },
    {
      "type": "Feature",
      "geometry": {
        "type": "Point",
        "coordinates": [
          77.2870514,
          28.6117699
        ]
      },
      "properties": {
        "id": 5251551823,
        "name": "Unknown",
        "operator": "Unknown Bank",
        "amenity": "atm"
      }
    },
    {
      "type": "Feature",
      "geometry": {
        "type": "Point",
        "coordinates": [
          77.2870607,
          28.6117301
        ]
      },
      "properties": {
        "id": 5251551849,
        "name": "Unknown",
        "operator": "Unknown Bank",
        "amenity": "atm"
      }
    },
    {
      "type": "Feature",
      "geometry": {
        "type": "Point",
        "coordinates": [
          77.2870733,
          28.6117168
        ]
      },
      "properties": {
        "id": 5251552520,
        "name": "Unknown",
        "operator": "Unknown Bank",
        "amenity": "atm"
      }
    },
    {
      "type": "Feature",
      "geometry": {
        "type": "Point",
        "coordinates": [
          77.1618988,
          28.5690367
        ]
      },
      "properties": {
        "id": 5253725784,
        "name": "Punjab National Bank",
        "operator": "Unknown Bank",
        "amenity": "bank"
      }
    },
    {
      "type": "Feature",
      "geometry": {
        "type": "Point",
        "coordinates": [
          77.218667,
          28.542393
        ]
      },
      "properties": {
        "id": 5258047747,
        "name": "HDFC Bank",
        "operator": "Unknown Bank",
        "amenity": "bank"
      }
    },
    {
      "type": "Feature",
      "geometry": {
        "type": "Point",
        "coordinates": [
          77.2145612,
          28.5427676
        ]
      },
      "properties": {
        "id": 5258048043,
        "name": "Kotak Mahindra Bank",
        "operator": "Unknown Bank",
        "amenity": "bank"
      }
    },
    {
      "type": "Feature",
      "geometry": {
        "type": "Point",
        "coordinates": [
          77.2121907,
          28.5407088
        ]
      },
      "properties": {
        "id": 5258048046,
        "name": "HDFC Bank",
        "operator": "Unknown Bank",
        "amenity": "bank"
      }
    },
    {
      "type": "Feature",
      "geometry": {
        "type": "Point",
        "coordinates": [
          77.2888276,
          28.6118194
        ]
      },
      "properties": {
        "id": 5273128900,
        "name": "Unknown",
        "operator": "Unknown Bank",
        "amenity": "atm"
      }
    },
    {
      "type": "Feature",
      "geometry": {
        "type": "Point",
        "coordinates": [
          77.2888244,
          28.6118302
        ]
      },
      "properties": {
        "id": 5273129627,
        "name": "Unknown",
        "operator": "Unknown Bank",
        "amenity": "atm"
      }
    },
    {
      "type": "Feature",
      "geometry": {
        "type": "Point",
        "coordinates": [
          77.242431,
          28.5531929
        ]
      },
      "properties": {
        "id": 5276889687,
        "name": "Unknown",
        "operator": "Indian Overseas Bank",
        "amenity": "atm"
      }
    },
    {
      "type": "Feature",
      "geometry": {
        "type": "Point",
        "coordinates": [
          77.2424537,
          28.5532225
        ]
      },
      "properties": {
        "id": 5276893120,
        "name": "Indian Overseas Bank",
        "operator": "Unknown Bank",
        "amenity": "bank"
      }
    },
    {
      "type": "Feature",
      "geometry": {
        "type": "Point",
        "coordinates": [
          77.2071347,
          28.5437163
        ]
      },
      "properties": {
        "id": 5277258948,
        "name": "Unknown",
        "operator": "State Bank of India",
        "amenity": "atm"
      }
    },
    {
      "type": "Feature",
      "geometry": {
        "type": "Point",
        "coordinates": [
          77.2085475,
          28.5437629
        ]
      },
      "properties": {
        "id": 5277289511,
        "name": "Unknown",
        "operator": "IndusInd Bank",
        "amenity": "atm"
      }
    },
    {
      "type": "Feature",
      "geometry": {
        "type": "Point",
        "coordinates": [
          77.2218705,
          28.6312513
        ]
      },
      "properties": {
        "id": 5277323960,
        "name": "Punjab National Bank",
        "operator": "Unknown Bank",
        "amenity": "bank"
      }
    },
    {
      "type": "Feature",
      "geometry": {
        "type": "Point",
        "coordinates": [
          77.2205311,
          28.6314468
        ]
      },
      "properties": {
        "id": 5277324909,
        "name": "Union Bank of India",
        "operator": "Unknown Bank",
        "amenity": "bank"
      }
    },
    {
      "type": "Feature",
      "geometry": {
        "type": "Point",
        "coordinates": [
          77.217894,
          28.5430854
        ]
      },
      "properties": {
        "id": 5327674039,
        "name": "ICICI Bank",
        "operator": "Unknown Bank",
        "amenity": "bank"
      }
    },
    {
      "type": "Feature",
      "geometry": {
        "type": "Point",
        "coordinates": [
          77.2062308,
          28.5181909
        ]
      },
      "properties": {
        "id": 5331324928,
        "name": "Unknown",
        "operator": "Kotak Mahindra Bank",
        "amenity": "atm"
      }
    },
    {
      "type": "Feature",
      "geometry": {
        "type": "Point",
        "coordinates": [
          77.2029725,
          28.6248302
        ]
      },
      "properties": {
        "id": 5338583878,
        "name": "Unknown",
        "operator": "Unknown Bank",
        "amenity": "atm"
      }
    },
    {
      "type": "Feature",
      "geometry": {
        "type": "Point",
        "coordinates": [
          77.2010875,
          28.6249115
        ]
      },
      "properties": {
        "id": 5338584664,
        "name": "Unknown",
        "operator": "Bank of Baroda",
        "amenity": "atm"
      }
    },
    {
      "type": "Feature",
      "geometry": {
        "type": "Point",
        "coordinates": [
          77.2307718,
          28.5432572
        ]
      },
      "properties": {
        "id": 5342149621,
        "name": "State Bank of India",
        "operator": "Unknown Bank",
        "amenity": "bank"
      }
    },
    {
      "type": "Feature",
      "geometry": {
        "type": "Point",
        "coordinates": [
          77.2326727,
          28.6292586
        ]
      },
      "properties": {
        "id": 5342150559,
        "name": "Unknown",
        "operator": "Central Bank of India",
        "amenity": "atm"
      }
    },
    {
      "type": "Feature",
      "geometry": {
        "type": "Point",
        "coordinates": [
          77.122153,
          28.7381832
        ]
      },
      "properties": {
        "id": 5342358521,
        "name": "Nainital Bank Ltd. Sec-16 Rohini",
        "operator": "Unknown Bank",
        "amenity": "bank"
      }
    },
    {
      "type": "Feature",
      "geometry": {
        "type": "Point",
        "coordinates": [
          77.1233459,
          28.7396141
        ]
      },
      "properties": {
        "id": 5343128721,
        "name": "Unknown",
        "operator": "Punjab National Bank",
        "amenity": "atm"
      }
    },
    {
      "type": "Feature",
      "geometry": {
        "type": "Point",
        "coordinates": [
          77.1671988,
          28.5652278
        ]
      },
      "properties": {
        "id": 5344774660,
        "name": "Canara Bank",
        "operator": "Canara Bank",
        "amenity": "atm"
      }
    },
    {
      "type": "Feature",
      "geometry": {
        "type": "Point",
        "coordinates": [
          77.1672942,
          28.5650324
        ]
      },
      "properties": {
        "id": 5344774661,
        "name": "Kotak Mahindra Bank",
        "operator": "Kotak Mahindra Bank",
        "amenity": "atm"
      }
    },
    {
      "type": "Feature",
      "geometry": {
        "type": "Point",
        "coordinates": [
          77.1673028,
          28.5649944
        ]
      },
      "properties": {
        "id": 5344786348,
        "name": "Yes Bank",
        "operator": "Yes Bank",
        "amenity": "atm"
      }
    },
    {
      "type": "Feature",
      "geometry": {
        "type": "Point",
        "coordinates": [
          77.1674642,
          28.5651928
        ]
      },
      "properties": {
        "id": 5344787537,
        "name": "Andhra Bank",
        "operator": "Andhra Bank",
        "amenity": "atm"
      }
    },
    {
      "type": "Feature",
      "geometry": {
        "type": "Point",
        "coordinates": [
          77.2192588,
          28.6215414
        ]
      },
      "properties": {
        "id": 5345521629,
        "name": "Unknown",
        "operator": "Union Bank of India",
        "amenity": "atm"
      }
    },
    {
      "type": "Feature",
      "geometry": {
        "type": "Point",
        "coordinates": [
          77.2193948,
          28.6236459
        ]
      },
      "properties": {
        "id": 5345531970,
        "name": "Axis Bank",
        "operator": "Axis Bank",
        "amenity": "atm"
      }
    },
    {
      "type": "Feature",
      "geometry": {
        "type": "Point",
        "coordinates": [
          77.1330149,
          28.74089
        ]
      },
      "properties": {
        "id": 5352971421,
        "name": "Yes Bank",
        "operator": "Unknown Bank",
        "amenity": "bank"
      }
    },
    {
      "type": "Feature",
      "geometry": {
        "type": "Point",
        "coordinates": [
          77.2173598,
          28.62898
        ]
      },
      "properties": {
        "id": 5368454824,
        "name": "Bank of Baroda",
        "operator": "Bank of Baroda",
        "amenity": "atm"
      }
    },
    {
      "type": "Feature",
      "geometry": {
        "type": "Point",
        "coordinates": [
          77.2174179,
          28.6289357
        ]
      },
      "properties": {
        "id": 5368463121,
        "name": "Bank of Baroda",
        "operator": "Unknown Bank",
        "amenity": "bank"
      }
    },
    {
      "type": "Feature",
      "geometry": {
        "type": "Point",
        "coordinates": [
          77.2080312,
          28.6325492
        ]
      },
      "properties": {
        "id": 5368544822,
        "name": "Unknown",
        "operator": "Unknown Bank",
        "amenity": "atm"
      }
    },
    {
      "type": "Feature",
      "geometry": {
        "type": "Point",
        "coordinates": [
          77.133125,
          28.7408172
        ]
      },
      "properties": {
        "id": 5368633898,
        "name": "Central Bank of India",
        "operator": "Unknown Bank",
        "amenity": "bank"
      }
    },
    {
      "type": "Feature",
      "geometry": {
        "type": "Point",
        "coordinates": [
          77.1323967,
          28.7413557
        ]
      },
      "properties": {
        "id": 5368647221,
        "name": "State Bank of India",
        "operator": "Unknown Bank",
        "amenity": "bank"
      }
    },
    {
      "type": "Feature",
      "geometry": {
        "type": "Point",
        "coordinates": [
          77.133232,
          28.7407466
        ]
      },
      "properties": {
        "id": 5368651206,
        "name": "Punjab National Bank",
        "operator": "Unknown Bank",
        "amenity": "bank"
      }
    },
    {
      "type": "Feature",
      "geometry": {
        "type": "Point",
        "coordinates": [
          77.1334386,
          28.7406101
        ]
      },
      "properties": {
        "id": 5369354121,
        "name": "Kotak Mahindra Bank",
        "operator": "Unknown Bank",
        "amenity": "bank"
      }
    },
    {
      "type": "Feature",
      "geometry": {
        "type": "Point",
        "coordinates": [
          77.1325362,
          28.7412506
        ]
      },
      "properties": {
        "id": 5369751123,
        "name": "Bank of Baroda",
        "operator": "Unknown Bank",
        "amenity": "bank"
      }
    },
    {
      "type": "Feature",
      "geometry": {
        "type": "Point",
        "coordinates": [
          77.118418,
          28.7391855
        ]
      },
      "properties": {
        "id": 5369849325,
        "name": "Canara Bank Sec-16 Rohini",
        "operator": "Unknown Bank",
        "amenity": "bank"
      }
    },
    {
      "type": "Feature",
      "geometry": {
        "type": "Point",
        "coordinates": [
          77.1241974,
          28.7343884
        ]
      },
      "properties": {
        "id": 5369941622,
        "name": "Canara Bank (Rockfield Public School Branch) Sec-16 Rohini",
        "operator": "Unknown Bank",
        "amenity": "bank"
      }
    },
    {
      "type": "Feature",
      "geometry": {
        "type": "Point",
        "coordinates": [
          77.1242988,
          28.7342137
        ]
      },
      "properties": {
        "id": 5369983821,
        "name": "Unknown",
        "operator": "Bank of India",
        "amenity": "atm"
      }
    },
    {
      "type": "Feature",
      "geometry": {
        "type": "Point",
        "coordinates": [
          77.1241508,
          28.7343445
        ]
      },
      "properties": {
        "id": 5369983822,
        "name": "Unknown",
        "operator": "Canara Bank",
        "amenity": "atm"
      }
    },
    {
      "type": "Feature",
      "geometry": {
        "type": "Point",
        "coordinates": [
          77.2408202,
          28.5645258
        ]
      },
      "properties": {
        "id": 5370211761,
        "name": "Axis Bank",
        "operator": "Unknown Bank",
        "amenity": "bank"
      }
    },
    {
      "type": "Feature",
      "geometry": {
        "type": "Point",
        "coordinates": [
          77.2407129,
          28.5645188
        ]
      },
      "properties": {
        "id": 5370211762,
        "name": "IndusInd Bank",
        "operator": "Unknown Bank",
        "amenity": "bank"
      }
    },
    {
      "type": "Feature",
      "geometry": {
        "type": "Point",
        "coordinates": [
          77.2493552,
          28.5472443
        ]
      },
      "properties": {
        "id": 5372987684,
        "name": "Bank of Baroda",
        "operator": "Unknown Bank",
        "amenity": "bank"
      }
    },
    {
      "type": "Feature",
      "geometry": {
        "type": "Point",
        "coordinates": [
          77.1758146,
          28.5562789
        ]
      },
      "properties": {
        "id": 5374941493,
        "name": "HDFC Bank",
        "operator": "Unknown Bank",
        "amenity": "bank"
      }
    },
    {
      "type": "Feature",
      "geometry": {
        "type": "Point",
        "coordinates": [
          77.1703948,
          28.5595428
        ]
      },
      "properties": {
        "id": 5374946777,
        "name": "Syndicate Bank",
        "operator": "Unknown Bank",
        "amenity": "bank"
      }
    },
    {
      "type": "Feature",
      "geometry": {
        "type": "Point",
        "coordinates": [
          77.0649977,
          28.4637038
        ]
      },
      "properties": {
        "id": 5412580321,
        "name": "Unknown",
        "operator": "Axis Bank",
        "amenity": "atm"
      }
    },
    {
      "type": "Feature",
      "geometry": {
        "type": "Point",
        "coordinates": [
          77.1588657,
          28.5673414
        ]
      },
      "properties": {
        "id": 5414224646,
        "name": "State Bank of India",
        "operator": "Unknown Bank",
        "amenity": "bank"
      }
    },
    {
      "type": "Feature",
      "geometry": {
        "type": "Point",
        "coordinates": [
          77.158941,
          28.567374
        ]
      },
      "properties": {
        "id": 5414224647,
        "name": "ICICI Bank",
        "operator": "Unknown Bank",
        "amenity": "bank"
      }
    },
    {
      "type": "Feature",
      "geometry": {
        "type": "Point",
        "coordinates": [
          77.1589118,
          28.5673612
        ]
      },
      "properties": {
        "id": 5414225592,
        "name": "IndusInd Bank",
        "operator": "Unknown Bank",
        "amenity": "bank"
      }
    },
    {
      "type": "Feature",
      "geometry": {
        "type": "Point",
        "coordinates": [
          77.1591119,
          28.5674837
        ]
      },
      "properties": {
        "id": 5414225593,
        "name": "Punjab National Bank",
        "operator": "Unknown Bank",
        "amenity": "bank"
      }
    },
    {
      "type": "Feature",
      "geometry": {
        "type": "Point",
        "coordinates": [
          77.2242046,
          28.5435396
        ]
      },
      "properties": {
        "id": 5415747756,
        "name": "HDFC Bank",
        "operator": "Unknown Bank",
        "amenity": "bank"
      }
    },
    {
      "type": "Feature",
      "geometry": {
        "type": "Point",
        "coordinates": [
          77.2242036,
          28.5433901
        ]
      },
      "properties": {
        "id": 5415748124,
        "name": "Unknown",
        "operator": "Unknown Bank",
        "amenity": "bank"
      }
    },
    {
      "type": "Feature",
      "geometry": {
        "type": "Point",
        "coordinates": [
          77.2034517,
          28.5180183
        ]
      },
      "properties": {
        "id": 5442978608,
        "name": "Unknown",
        "operator": "Canara Bank",
        "amenity": "atm"
      }
    },
    {
      "type": "Feature",
      "geometry": {
        "type": "Point",
        "coordinates": [
          77.2161036,
          28.5215986
        ]
      },
      "properties": {
        "id": 5483330783,
        "name": "Unknown",
        "operator": "Unknown Bank",
        "amenity": "bank"
      }
    },
    {
      "type": "Feature",
      "geometry": {
        "type": "Point",
        "coordinates": [
          77.2162014,
          28.5243179
        ]
      },
      "properties": {
        "id": 5483330784,
        "name": "ICICI Bank",
        "operator": "Unknown Bank",
        "amenity": "bank"
      }
    },
    {
      "type": "Feature",
      "geometry": {
        "type": "Point",
        "coordinates": [
          77.2489725,
          28.5651309
        ]
      },
      "properties": {
        "id": 5498958706,
        "name": "State Bank of India",
        "operator": "Unknown Bank",
        "amenity": "bank"
      }
    },
    {
      "type": "Feature",
      "geometry": {
        "type": "Point",
        "coordinates": [
          77.2488717,
          28.5651242
        ]
      },
      "properties": {
        "id": 5498959375,
        "name": "Kotak Mahindra Bank",
        "operator": "Unknown Bank",
        "amenity": "bank"
      }
    },
    {
      "type": "Feature",
      "geometry": {
        "type": "Point",
        "coordinates": [
          77.2179001,
          28.632967
        ]
      },
      "properties": {
        "id": 5545575717,
        "name": "Punjab National Bank",
        "operator": "Unknown Bank",
        "amenity": "bank"
      }
    },
    {
      "type": "Feature",
      "geometry": {
        "type": "Point",
        "coordinates": [
          77.2311026,
          28.533787
        ]
      },
      "properties": {
        "id": 5550767217,
        "name": "Unknown",
        "operator": "Canara Bank",
        "amenity": "atm"
      }
    },
    {
      "type": "Feature",
      "geometry": {
        "type": "Point",
        "coordinates": [
          77.2271789,
          28.5169615
        ]
      },
      "properties": {
        "id": 5552864498,
        "name": "Unknown",
        "operator": "Canara Bank",
        "amenity": "atm"
      }
    },
    {
      "type": "Feature",
      "geometry": {
        "type": "Point",
        "coordinates": [
          77.2272104,
          28.516561
        ]
      },
      "properties": {
        "id": 5552867332,
        "name": "Unknown",
        "operator": "Axis Bank",
        "amenity": "atm"
      }
    },
    {
      "type": "Feature",
      "geometry": {
        "type": "Point",
        "coordinates": [
          77.2271259,
          28.5167524
        ]
      },
      "properties": {
        "id": 5552867795,
        "name": "Unknown",
        "operator": "HDFC Bank",
        "amenity": "atm"
      }
    },
    {
      "type": "Feature",
      "geometry": {
        "type": "Point",
        "coordinates": [
          77.2726466,
          28.5292556
        ]
      },
      "properties": {
        "id": 5554417989,
        "name": "Unknown",
        "operator": "Bank of India",
        "amenity": "atm"
      }
    },
    {
      "type": "Feature",
      "geometry": {
        "type": "Point",
        "coordinates": [
          77.2313863,
          28.5338478
        ]
      },
      "properties": {
        "id": 5558322865,
        "name": "Unknown",
        "operator": "ICICI Bank",
        "amenity": "atm"
      }
    },
    {
      "type": "Feature",
      "geometry": {
        "type": "Point",
        "coordinates": [
          77.2179816,
          28.6325327
        ]
      },
      "properties": {
        "id": 5577533598,
        "name": "ICICI Bank",
        "operator": "ICICI Bank",
        "amenity": "atm"
      }
    },
    {
      "type": "Feature",
      "geometry": {
        "type": "Point",
        "coordinates": [
          77.2179719,
          28.632608
        ]
      },
      "properties": {
        "id": 5577534202,
        "name": "ICICI Bank",
        "operator": "Unknown Bank",
        "amenity": "bank"
      }
    },
    {
      "type": "Feature",
      "geometry": {
        "type": "Point",
        "coordinates": [
          77.2529251,
          28.5485292
        ]
      },
      "properties": {
        "id": 5578382614,
        "name": "Unknown",
        "operator": "Punjab & Sind Bank",
        "amenity": "atm"
      }
    },
    {
      "type": "Feature",
      "geometry": {
        "type": "Point",
        "coordinates": [
          77.2101594,
          28.5370189
        ]
      },
      "properties": {
        "id": 5586450401,
        "name": "Unknown",
        "operator": "IDBI Bank",
        "amenity": "atm"
      }
    },
    {
      "type": "Feature",
      "geometry": {
        "type": "Point",
        "coordinates": [
          77.2107754,
          28.537564
        ]
      },
      "properties": {
        "id": 5586450870,
        "name": "Axis Bank",
        "operator": "Unknown Bank",
        "amenity": "bank"
      }
    },
    {
      "type": "Feature",
      "geometry": {
        "type": "Point",
        "coordinates": [
          77.210178,
          28.5370088
        ]
      },
      "properties": {
        "id": 5586450871,
        "name": "IDBI Bank",
        "operator": "Unknown Bank",
        "amenity": "bank"
      }
    },
    {
      "type": "Feature",
      "geometry": {
        "type": "Point",
        "coordinates": [
          77.2059307,
          28.5329774
        ]
      },
      "properties": {
        "id": 5586450872,
        "name": "State Bank of India",
        "operator": "Unknown Bank",
        "amenity": "bank"
      }
    },
    {
      "type": "Feature",
      "geometry": {
        "type": "Point",
        "coordinates": [
          77.198159,
          28.5380761
        ]
      },
      "properties": {
        "id": 5598792572,
        "name": "Unknown",
        "operator": "Kotak Mahindra Bank",
        "amenity": "atm"
      }
    },
    {
      "type": "Feature",
      "geometry": {
        "type": "Point",
        "coordinates": [
          77.1981121,
          28.5380493
        ]
      },
      "properties": {
        "id": 5598795649,
        "name": "Kotak Mahindra Bank",
        "operator": "Unknown Bank",
        "amenity": "bank"
      }
    },
    {
      "type": "Feature",
      "geometry": {
        "type": "Point",
        "coordinates": [
          77.0899037,
          28.533963
        ]
      },
      "properties": {
        "id": 5604863764,
        "name": "Unknown",
        "operator": "Indian Bank",
        "amenity": "atm"
      }
    },
    {
      "type": "Feature",
      "geometry": {
        "type": "Point",
        "coordinates": [
          77.2152203,
          28.5182748
        ]
      },
      "properties": {
        "id": 5630005875,
        "name": "Unknown",
        "operator": "State Bank of India",
        "amenity": "atm"
      }
    },
    {
      "type": "Feature",
      "geometry": {
        "type": "Point",
        "coordinates": [
          77.2158892,
          28.5251992
        ]
      },
      "properties": {
        "id": 5630005876,
        "name": "Kotak Mahindra Bank",
        "operator": "Unknown Bank",
        "amenity": "bank"
      }
    },
    {
      "type": "Feature",
      "geometry": {
        "type": "Point",
        "coordinates": [
          77.2058877,
          28.5265864
        ]
      },
      "properties": {
        "id": 5630005878,
        "name": "Unknown",
        "operator": "Allahabad Bank",
        "amenity": "atm"
      }
    },
    {
      "type": "Feature",
      "geometry": {
        "type": "Point",
        "coordinates": [
          77.2151617,
          28.5182823
        ]
      },
      "properties": {
        "id": 5630005880,
        "name": "State Bank of India",
        "operator": "Unknown Bank",
        "amenity": "bank"
      }
    },
    {
      "type": "Feature",
      "geometry": {
        "type": "Point",
        "coordinates": [
          77.2158884,
          28.5252369
        ]
      },
      "properties": {
        "id": 5630006580,
        "name": "Unknown",
        "operator": "Kotak Mahindra Bank",
        "amenity": "atm"
      }
    },
    {
      "type": "Feature",
      "geometry": {
        "type": "Point",
        "coordinates": [
          77.222079,
          28.6317429
        ]
      },
      "properties": {
        "id": 5647754781,
        "name": "Oriental Bank of Commerce",
        "operator": "Unknown Bank",
        "amenity": "bank"
      }
    },
    {
      "type": "Feature",
      "geometry": {
        "type": "Point",
        "coordinates": [
          77.2290006,
          28.5740662
        ]
      },
      "properties": {
        "id": 5648776084,
        "name": "IndusInd Bank",
        "operator": "Unknown Bank",
        "amenity": "bank"
      }
    },
    {
      "type": "Feature",
      "geometry": {
        "type": "Point",
        "coordinates": [
          77.210527,
          28.5351737
        ]
      },
      "properties": {
        "id": 5648776299,
        "name": "Unknown",
        "operator": "Canara Bank",
        "amenity": "atm"
      }
    },
    {
      "type": "Feature",
      "geometry": {
        "type": "Point",
        "coordinates": [
          77.2104985,
          28.5351448
        ]
      },
      "properties": {
        "id": 5648777517,
        "name": "Canara Bank",
        "operator": "Unknown Bank",
        "amenity": "bank"
      }
    },
    {
      "type": "Feature",
      "geometry": {
        "type": "Point",
        "coordinates": [
          77.2678295,
          28.5366674
        ]
      },
      "properties": {
        "id": 5655292436,
        "name": "Unknown",
        "operator": "Unknown Bank",
        "amenity": "bank"
      }
    },
    {
      "type": "Feature",
      "geometry": {
        "type": "Point",
        "coordinates": [
          77.267782,
          28.5367027
        ]
      },
      "properties": {
        "id": 5655292555,
        "name": "Kotak Mahindra Bank",
        "operator": "Unknown Bank",
        "amenity": "bank"
      }
    },
    {
      "type": "Feature",
      "geometry": {
        "type": "Point",
        "coordinates": [
          77.2826168,
          28.5024032
        ]
      },
      "properties": {
        "id": 5663496526,
        "name": "Unknown",
        "operator": "Axis Bank",
        "amenity": "atm"
      }
    },
    {
      "type": "Feature",
      "geometry": {
        "type": "Point",
        "coordinates": [
          77.1998643,
          28.5069714
        ]
      },
      "properties": {
        "id": 5670250556,
        "name": "Unknown",
        "operator": "Kotak Mahindra Bank",
        "amenity": "atm"
      }
    },
    {
      "type": "Feature",
      "geometry": {
        "type": "Point",
        "coordinates": [
          77.1998444,
          28.5069065
        ]
      },
      "properties": {
        "id": 5670250557,
        "name": "Corporation Bank",
        "operator": "Unknown Bank",
        "amenity": "bank"
      }
    },
    {
      "type": "Feature",
      "geometry": {
        "type": "Point",
        "coordinates": [
          77.1998711,
          28.5069889
        ]
      },
      "properties": {
        "id": 5670251326,
        "name": "Unknown",
        "operator": "Axis Bank",
        "amenity": "atm"
      }
    },
    {
      "type": "Feature",
      "geometry": {
        "type": "Point",
        "coordinates": [
          77.1998461,
          28.5069298
        ]
      },
      "properties": {
        "id": 5670251327,
        "name": "Unknown",
        "operator": "HDFC Bank",
        "amenity": "atm"
      }
    },
    {
      "type": "Feature",
      "geometry": {
        "type": "Point",
        "coordinates": [
          77.1998514,
          28.5069468
        ]
      },
      "properties": {
        "id": 5670251821,
        "name": "HDFC Bank",
        "operator": "Unknown Bank",
        "amenity": "bank"
      }
    },
    {
      "type": "Feature",
      "geometry": {
        "type": "Point",
        "coordinates": [
          77.2068111,
          28.6621608
        ]
      },
      "properties": {
        "id": 5758573651,
        "name": "HDFC Bank",
        "operator": "Unknown Bank",
        "amenity": "bank"
      }
    },
    {
      "type": "Feature",
      "geometry": {
        "type": "Point",
        "coordinates": [
          77.2145536,
          28.6650237
        ]
      },
      "properties": {
        "id": 5761966319,
        "name": "Indian Overseas Bank",
        "operator": "Unknown Bank",
        "amenity": "bank"
      }
    },
    {
      "type": "Feature",
      "geometry": {
        "type": "Point",
        "coordinates": [
          77.1362483,
          28.566437
        ]
      },
      "properties": {
        "id": 5767395171,
        "name": "Union Bank of India",
        "operator": "Unknown Bank",
        "amenity": "bank"
      }
    },
    {
      "type": "Feature",
      "geometry": {
        "type": "Point",
        "coordinates": [
          77.2044909,
          28.5510924
        ]
      },
      "properties": {
        "id": 5771451003,
        "name": "Unknown",
        "operator": "IndusInd Bank",
        "amenity": "atm"
      }
    },
    {
      "type": "Feature",
      "geometry": {
        "type": "Point",
        "coordinates": [
          77.2380576,
          28.5730786
        ]
      },
      "properties": {
        "id": 5773501122,
        "name": "Bandhan Bank",
        "operator": "Unknown Bank",
        "amenity": "bank"
      }
    },
    {
      "type": "Feature",
      "geometry": {
        "type": "Point",
        "coordinates": [
          77.2362899,
          28.5704442
        ]
      },
      "properties": {
        "id": 5773501357,
        "name": "Unknown",
        "operator": "Unknown Bank",
        "amenity": "atm"
      }
    },
    {
      "type": "Feature",
      "geometry": {
        "type": "Point",
        "coordinates": [
          77.247038,
          28.5682201
        ]
      },
      "properties": {
        "id": 5773502062,
        "name": "RBL Bank",
        "operator": "Unknown Bank",
        "amenity": "bank"
      }
    },
    {
      "type": "Feature",
      "geometry": {
        "type": "Point",
        "coordinates": [
          77.2375289,
          28.5721101
        ]
      },
      "properties": {
        "id": 5773502069,
        "name": "Unknown",
        "operator": "Indian Bank",
        "amenity": "atm"
      }
    },
    {
      "type": "Feature",
      "geometry": {
        "type": "Point",
        "coordinates": [
          77.2370544,
          28.5484886
        ]
      },
      "properties": {
        "id": 5778513765,
        "name": "Unknown",
        "operator": "Unknown Bank",
        "amenity": "bank"
      }
    },
    {
      "type": "Feature",
      "geometry": {
        "type": "Point",
        "coordinates": [
          77.2614158,
          28.5256544
        ]
      },
      "properties": {
        "id": 5778513825,
        "name": "HDFC Bank",
        "operator": "Unknown Bank",
        "amenity": "bank"
      }
    },
    {
      "type": "Feature",
      "geometry": {
        "type": "Point",
        "coordinates": [
          77.2613805,
          28.5256595
        ]
      },
      "properties": {
        "id": 5778513826,
        "name": "Unknown",
        "operator": "HDFC Bank",
        "amenity": "atm"
      }
    },
    {
      "type": "Feature",
      "geometry": {
        "type": "Point",
        "coordinates": [
          77.2590956,
          28.5260996
        ]
      },
      "properties": {
        "id": 5778513829,
        "name": "Unknown",
        "operator": "Unknown Bank",
        "amenity": "bank"
      }
    },
    {
      "type": "Feature",
      "geometry": {
        "type": "Point",
        "coordinates": [
          77.2328778,
          28.5139992
        ]
      },
      "properties": {
        "id": 5778513848,
        "name": "Punjab National Bank",
        "operator": "Unknown Bank",
        "amenity": "bank"
      }
    },
    {
      "type": "Feature",
      "geometry": {
        "type": "Point",
        "coordinates": [
          77.2327466,
          28.5141173
        ]
      },
      "properties": {
        "id": 5778513850,
        "name": "Unknown",
        "operator": "Punjab National Bank",
        "amenity": "atm"
      }
    },
    {
      "type": "Feature",
      "geometry": {
        "type": "Point",
        "coordinates": [
          77.2370154,
          28.5484958
        ]
      },
      "properties": {
        "id": 5778514192,
        "name": "Unknown",
        "operator": "Unknown Bank",
        "amenity": "atm"
      }
    },
    {
      "type": "Feature",
      "geometry": {
        "type": "Point",
        "coordinates": [
          77.2169575,
          28.6336342
        ]
      },
      "properties": {
        "id": 5784312103,
        "name": "State Bank of India",
        "operator": "Unknown Bank",
        "amenity": "bank"
      }
    },
    {
      "type": "Feature",
      "geometry": {
        "type": "Point",
        "coordinates": [
          77.2121784,
          28.585425
        ]
      },
      "properties": {
        "id": 5790138413,
        "name": "Unknown",
        "operator": "State Bank of India",
        "amenity": "atm"
      }
    },
    {
      "type": "Feature",
      "geometry": {
        "type": "Point",
        "coordinates": [
          77.2167019,
          28.6326368
        ]
      },
      "properties": {
        "id": 5790140091,
        "name": "Kotak Mahindra Bank",
        "operator": "Unknown Bank",
        "amenity": "bank"
      }
    },
    {
      "type": "Feature",
      "geometry": {
        "type": "Point",
        "coordinates": [
          77.2025018,
          28.5203162
        ]
      },
      "properties": {
        "id": 5790140512,
        "name": "Unknown",
        "operator": "Axis Bank",
        "amenity": "atm"
      }
    },
    {
      "type": "Feature",
      "geometry": {
        "type": "Point",
        "coordinates": [
          77.213752,
          28.6298283
        ]
      },
      "properties": {
        "id": 5792048840,
        "name": "Citibank",
        "operator": "Unknown Bank",
        "amenity": "bank"
      }
    },
    {
      "type": "Feature",
      "geometry": {
        "type": "Point",
        "coordinates": [
          77.1742996,
          28.5773944
        ]
      },
      "properties": {
        "id": 5792049361,
        "name": "Bank of India",
        "operator": "Unknown Bank",
        "amenity": "bank"
      }
    },
    {
      "type": "Feature",
      "geometry": {
        "type": "Point",
        "coordinates": [
          77.2508159,
          28.5466499
        ]
      },
      "properties": {
        "id": 5794948565,
        "name": "Unknown",
        "operator": "Canara Bank",
        "amenity": "atm"
      }
    },
    {
      "type": "Feature",
      "geometry": {
        "type": "Point",
        "coordinates": [
          77.251017,
          28.5477352
        ]
      },
      "properties": {
        "id": 5794949112,
        "name": "Unknown",
        "operator": "Unknown Bank",
        "amenity": "atm"
      }
    },
    {
      "type": "Feature",
      "geometry": {
        "type": "Point",
        "coordinates": [
          77.2510443,
          28.5476754
        ]
      },
      "properties": {
        "id": 5794949350,
        "name": "ICICI Bank",
        "operator": "Unknown Bank",
        "amenity": "bank"
      }
    },
    {
      "type": "Feature",
      "geometry": {
        "type": "Point",
        "coordinates": [
          77.2511406,
          28.5475095
        ]
      },
      "properties": {
        "id": 5794949351,
        "name": "State Bank of India",
        "operator": "Unknown Bank",
        "amenity": "bank"
      }
    },
    {
      "type": "Feature",
      "geometry": {
        "type": "Point",
        "coordinates": [
          77.2511546,
          28.5474798
        ]
      },
      "properties": {
        "id": 5794949352,
        "name": "Unknown",
        "operator": "State Bank of India",
        "amenity": "atm"
      }
    },
    {
      "type": "Feature",
      "geometry": {
        "type": "Point",
        "coordinates": [
          77.2509992,
          28.5472015
        ]
      },
      "properties": {
        "id": 5794949353,
        "name": "State Bank of India",
        "operator": "Unknown Bank",
        "amenity": "bank"
      }
    },
    {
      "type": "Feature",
      "geometry": {
        "type": "Point",
        "coordinates": [
          77.2158378,
          28.5253863
        ]
      },
      "properties": {
        "id": 5799043496,
        "name": "Syndicate Bank",
        "operator": "Unknown Bank",
        "amenity": "bank"
      }
    },
    {
      "type": "Feature",
      "geometry": {
        "type": "Point",
        "coordinates": [
          77.2149563,
          28.5222089
        ]
      },
      "properties": {
        "id": 5799044046,
        "name": "Unknown",
        "operator": "Union Bank of India",
        "amenity": "atm"
      }
    },
    {
      "type": "Feature",
      "geometry": {
        "type": "Point",
        "coordinates": [
          77.2157749,
          28.5255607
        ]
      },
      "properties": {
        "id": 5799044050,
        "name": "State Bank of India",
        "operator": "Unknown Bank",
        "amenity": "bank"
      }
    },
    {
      "type": "Feature",
      "geometry": {
        "type": "Point",
        "coordinates": [
          77.217177,
          28.6297605
        ]
      },
      "properties": {
        "id": 5799061869,
        "name": "ICICI Bank",
        "operator": "Unknown Bank",
        "amenity": "bank"
      }
    },
    {
      "type": "Feature",
      "geometry": {
        "type": "Point",
        "coordinates": [
          77.2171284,
          28.6297028
        ]
      },
      "properties": {
        "id": 5799061871,
        "name": "State Bank of India",
        "operator": "State Bank of India",
        "amenity": "atm"
      }
    },
    {
      "type": "Feature",
      "geometry": {
        "type": "Point",
        "coordinates": [
          77.2061766,
          28.5215477
        ]
      },
      "properties": {
        "id": 5804015432,
        "name": "ICICI Bank",
        "operator": "Unknown Bank",
        "amenity": "bank"
      }
    },
    {
      "type": "Feature",
      "geometry": {
        "type": "Point",
        "coordinates": [
          77.2061835,
          28.5215806
        ]
      },
      "properties": {
        "id": 5804015433,
        "name": "Unknown",
        "operator": "ICICI Bank",
        "amenity": "atm"
      }
    },
    {
      "type": "Feature",
      "geometry": {
        "type": "Point",
        "coordinates": [
          77.2061434,
          28.5214409
        ]
      },
      "properties": {
        "id": 5804015434,
        "name": "IDBI Bank",
        "operator": "Unknown Bank",
        "amenity": "bank"
      }
    },
    {
      "type": "Feature",
      "geometry": {
        "type": "Point",
        "coordinates": [
          77.2061288,
          28.5214032
        ]
      },
      "properties": {
        "id": 5804015436,
        "name": "Unknown",
        "operator": "IDBI Bank",
        "amenity": "atm"
      }
    },
    {
      "type": "Feature",
      "geometry": {
        "type": "Point",
        "coordinates": [
          77.2062304,
          28.5216987
        ]
      },
      "properties": {
        "id": 5804017981,
        "name": "Yes Bank",
        "operator": "Unknown Bank",
        "amenity": "bank"
      }
    },
    {
      "type": "Feature",
      "geometry": {
        "type": "Point",
        "coordinates": [
          77.2879776,
          28.6162241
        ]
      },
      "properties": {
        "id": 5807087977,
        "name": "State Bank of India",
        "operator": "State Bank of India",
        "amenity": "atm"
      }
    },
    {
      "type": "Feature",
      "geometry": {
        "type": "Point",
        "coordinates": [
          77.2897368,
          28.6132396
        ]
      },
      "properties": {
        "id": 5807088593,
        "name": "Unknown",
        "operator": "Unknown Bank",
        "amenity": "atm"
      }
    },
    {
      "type": "Feature",
      "geometry": {
        "type": "Point",
        "coordinates": [
          77.2774727,
          28.6294048
        ]
      },
      "properties": {
        "id": 5807089742,
        "name": "Kotak Mahindra Bank",
        "operator": "Kotak Mahindra Bank",
        "amenity": "atm"
      }
    },
    {
      "type": "Feature",
      "geometry": {
        "type": "Point",
        "coordinates": [
          77.2773928,
          28.629533
        ]
      },
      "properties": {
        "id": 5807089744,
        "name": "ICICI Bank",
        "operator": "ICICI Bank",
        "amenity": "atm"
      }
    },
    {
      "type": "Feature",
      "geometry": {
        "type": "Point",
        "coordinates": [
          77.2772883,
          28.6297128
        ]
      },
      "properties": {
        "id": 5807089785,
        "name": "Karnataka Bank",
        "operator": "Unknown Bank",
        "amenity": "bank"
      }
    },
    {
      "type": "Feature",
      "geometry": {
        "type": "Point",
        "coordinates": [
          77.2769881,
          28.6293697
        ]
      },
      "properties": {
        "id": 5807089786,
        "name": "Yes Bank",
        "operator": "Unknown Bank",
        "amenity": "bank"
      }
    },
    {
      "type": "Feature",
      "geometry": {
        "type": "Point",
        "coordinates": [
          77.2182946,
          28.6344134
        ]
      },
      "properties": {
        "id": 5810592534,
        "name": "Bank of Baroda",
        "operator": "Bank of Baroda",
        "amenity": "atm"
      }
    },
    {
      "type": "Feature",
      "geometry": {
        "type": "Point",
        "coordinates": [
          77.1839471,
          28.6477737
        ]
      },
      "properties": {
        "id": 5810928927,
        "name": "Union Bank of India",
        "operator": "Union Bank of India",
        "amenity": "atm"
      }
    },
    {
      "type": "Feature",
      "geometry": {
        "type": "Point",
        "coordinates": [
          77.2048736,
          28.641708
        ]
      },
      "properties": {
        "id": 5810928928,
        "name": "Unknown",
        "operator": "Punjab National Bank",
        "amenity": "atm"
      }
    },
    {
      "type": "Feature",
      "geometry": {
        "type": "Point",
        "coordinates": [
          77.1832307,
          28.6499529
        ]
      },
      "properties": {
        "id": 5810932193,
        "name": "Kotak Mahindra Bank",
        "operator": "Kotak Mahindra Bank",
        "amenity": "atm"
      }
    },
    {
      "type": "Feature",
      "geometry": {
        "type": "Point",
        "coordinates": [
          77.1832978,
          28.6499265
        ]
      },
      "properties": {
        "id": 5810932194,
        "name": "Axis Bank",
        "operator": "Axis Bank",
        "amenity": "atm"
      }
    },
    {
      "type": "Feature",
      "geometry": {
        "type": "Point",
        "coordinates": [
          77.1100044,
          28.6125116
        ]
      },
      "properties": {
        "id": 5818160631,
        "name": "Unknown",
        "operator": "ICICI Bank",
        "amenity": "atm"
      }
    },
    {
      "type": "Feature",
      "geometry": {
        "type": "Point",
        "coordinates": [
          77.2101775,
          28.5348178
        ]
      },
      "properties": {
        "id": 5827193783,
        "name": "Punjab National Bank",
        "operator": "Unknown Bank",
        "amenity": "bank"
      }
    },
    {
      "type": "Feature",
      "geometry": {
        "type": "Point",
        "coordinates": [
          77.2106819,
          28.5353044
        ]
      },
      "properties": {
        "id": 5827206259,
        "name": "Unknown",
        "operator": "Bank of Baroda",
        "amenity": "atm"
      }
    },
    {
      "type": "Feature",
      "geometry": {
        "type": "Point",
        "coordinates": [
          77.2106624,
          28.5352835
        ]
      },
      "properties": {
        "id": 5827206260,
        "name": "Bank of Baroda",
        "operator": "Unknown Bank",
        "amenity": "bank"
      }
    },
    {
      "type": "Feature",
      "geometry": {
        "type": "Point",
        "coordinates": [
          77.2101576,
          28.5347995
        ]
      },
      "properties": {
        "id": 5827206838,
        "name": "Unknown",
        "operator": "Punjab National Bank",
        "amenity": "atm"
      }
    },
    {
      "type": "Feature",
      "geometry": {
        "type": "Point",
        "coordinates": [
          77.2057344,
          28.5329095
        ]
      },
      "properties": {
        "id": 5827206841,
        "name": "Federal Bank",
        "operator": "Unknown Bank",
        "amenity": "bank"
      }
    },
    {
      "type": "Feature",
      "geometry": {
        "type": "Point",
        "coordinates": [
          77.2160961,
          28.5215529
        ]
      },
      "properties": {
        "id": 5833418534,
        "name": "Unknown",
        "operator": "Punjab National Bank",
        "amenity": "atm"
      }
    },
    {
      "type": "Feature",
      "geometry": {
        "type": "Point",
        "coordinates": [
          77.2060374,
          28.5208823
        ]
      },
      "properties": {
        "id": 5833420546,
        "name": "Kotak Mahindra Bank",
        "operator": "Unknown Bank",
        "amenity": "bank"
      }
    },
    {
      "type": "Feature",
      "geometry": {
        "type": "Point",
        "coordinates": [
          77.2155672,
          28.5220531
        ]
      },
      "properties": {
        "id": 5833420547,
        "name": "Unknown",
        "operator": "Allahabad Bank",
        "amenity": "atm"
      }
    },
    {
      "type": "Feature",
      "geometry": {
        "type": "Point",
        "coordinates": [
          77.2156177,
          28.5220425
        ]
      },
      "properties": {
        "id": 5833420548,
        "name": "Allahabad Bank",
        "operator": "Unknown Bank",
        "amenity": "bank"
      }
    },
    {
      "type": "Feature",
      "geometry": {
        "type": "Point",
        "coordinates": [
          77.206085,
          28.5212727
        ]
      },
      "properties": {
        "id": 5833420610,
        "name": "Unknown",
        "operator": "Bank of Baroda",
        "amenity": "atm"
      }
    },
    {
      "type": "Feature",
      "geometry": {
        "type": "Point",
        "coordinates": [
          77.2060934,
          28.521314
        ]
      },
      "properties": {
        "id": 5833420611,
        "name": "Bank of Baroda",
        "operator": "Unknown Bank",
        "amenity": "bank"
      }
    },
    {
      "type": "Feature",
      "geometry": {
        "type": "Point",
        "coordinates": [
          77.2059981,
          28.5209123
        ]
      },
      "properties": {
        "id": 5833420612,
        "name": "Unknown",
        "operator": "Kotak Mahindra Bank",
        "amenity": "atm"
      }
    },
    {
      "type": "Feature",
      "geometry": {
        "type": "Point",
        "coordinates": [
          77.2150114,
          28.5221971
        ]
      },
      "properties": {
        "id": 5833420627,
        "name": "Union Bank of India",
        "operator": "Unknown Bank",
        "amenity": "bank"
      }
    },
    {
      "type": "Feature",
      "geometry": {
        "type": "Point",
        "coordinates": [
          77.0911052,
          28.6310576
        ]
      },
      "properties": {
        "id": 5841894903,
        "name": "ICICI Bank",
        "operator": "Unknown Bank",
        "amenity": "bank"
      }
    },
    {
      "type": "Feature",
      "geometry": {
        "type": "Point",
        "coordinates": [
          77.0910709,
          28.6311479
        ]
      },
      "properties": {
        "id": 5841894904,
        "name": "Unknown",
        "operator": "ICICI Bank",
        "amenity": "atm"
      }
    },
    {
      "type": "Feature",
      "geometry": {
        "type": "Point",
        "coordinates": [
          77.0899456,
          28.6333173
        ]
      },
      "properties": {
        "id": 5841894906,
        "name": "State Bank of India",
        "operator": "State Bank of India",
        "amenity": "atm"
      }
    },
    {
      "type": "Feature",
      "geometry": {
        "type": "Point",
        "coordinates": [
          77.0899235,
          28.6333849
        ]
      },
      "properties": {
        "id": 5841894907,
        "name": "State Bank of India",
        "operator": "Unknown Bank",
        "amenity": "bank"
      }
    },
    {
      "type": "Feature",
      "geometry": {
        "type": "Point",
        "coordinates": [
          77.0898571,
          28.633543
        ]
      },
      "properties": {
        "id": 5841894908,
        "name": "City Union Bank",
        "operator": "City Union Bank",
        "amenity": "atm"
      }
    },
    {
      "type": "Feature",
      "geometry": {
        "type": "Point",
        "coordinates": [
          77.0898215,
          28.6336222
        ]
      },
      "properties": {
        "id": 5841894909,
        "name": "City Union Bank",
        "operator": "Unknown Bank",
        "amenity": "bank"
      }
    },
    {
      "type": "Feature",
      "geometry": {
        "type": "Point",
        "coordinates": [
          77.1373251,
          28.6682825
        ]
      },
      "properties": {
        "id": 5848633383,
        "name": "State Bank of India",
        "operator": "State Bank of India",
        "amenity": "atm"
      }
    },
    {
      "type": "Feature",
      "geometry": {
        "type": "Point",
        "coordinates": [
          77.1372486,
          28.6683675
        ]
      },
      "properties": {
        "id": 5848636085,
        "name": "State Bank of India",
        "operator": "Unknown Bank",
        "amenity": "bank"
      }
    },
    {
      "type": "Feature",
      "geometry": {
        "type": "Point",
        "coordinates": [
          77.233944,
          28.5670536
        ]
      },
      "properties": {
        "id": 5880870290,
        "name": "State Bank of India",
        "operator": "Unknown Bank",
        "amenity": "bank"
      }
    },
    {
      "type": "Feature",
      "geometry": {
        "type": "Point",
        "coordinates": [
          77.2277537,
          28.7017784
        ]
      },
      "properties": {
        "id": 5881904685,
        "name": "ICICI Bank",
        "operator": "ICICI Bank",
        "amenity": "atm"
      }
    },
    {
      "type": "Feature",
      "geometry": {
        "type": "Point",
        "coordinates": [
          77.2067649,
          28.5189235
        ]
      },
      "properties": {
        "id": 5909689006,
        "name": "Unknown",
        "operator": "Punjab National Bank",
        "amenity": "atm"
      }
    },
    {
      "type": "Feature",
      "geometry": {
        "type": "Point",
        "coordinates": [
          77.2202827,
          28.6290782
        ]
      },
      "properties": {
        "id": 5913957887,
        "name": "Unknown",
        "operator": "Unknown Bank",
        "amenity": "bank"
      }
    },
    {
      "type": "Feature",
      "geometry": {
        "type": "Point",
        "coordinates": [
          77.1870021,
          28.5684294
        ]
      },
      "properties": {
        "id": 5940936649,
        "name": "Syndicate Bank",
        "operator": "Syndicate Bank",
        "amenity": "atm"
      }
    },
    {
      "type": "Feature",
      "geometry": {
        "type": "Point",
        "coordinates": [
          77.1842925,
          28.5712997
        ]
      },
      "properties": {
        "id": 5940937490,
        "name": "Union Bank of India",
        "operator": "Union Bank of India",
        "amenity": "atm"
      }
    },
    {
      "type": "Feature",
      "geometry": {
        "type": "Point",
        "coordinates": [
          77.2183321,
          28.5329875
        ]
      },
      "properties": {
        "id": 5960718386,
        "name": "Unknown",
        "operator": "Unknown Bank",
        "amenity": "atm"
      }
    },
    {
      "type": "Feature",
      "geometry": {
        "type": "Point",
        "coordinates": [
          77.2172921,
          28.5309296
        ]
      },
      "properties": {
        "id": 5960737989,
        "name": "Unknown",
        "operator": "Unknown Bank",
        "amenity": "atm"
      }
    },
    {
      "type": "Feature",
      "geometry": {
        "type": "Point",
        "coordinates": [
          77.2167704,
          28.5355875
        ]
      },
      "properties": {
        "id": 5960793700,
        "name": "ICICI Bank",
        "operator": "ICICI Bank",
        "amenity": "atm"
      }
    },
    {
      "type": "Feature",
      "geometry": {
        "type": "Point",
        "coordinates": [
          77.218321,
          28.532931
        ]
      },
      "properties": {
        "id": 5960820379,
        "name": "Indicash",
        "operator": "Unknown Bank",
        "amenity": "atm"
      }
    },
    {
      "type": "Feature",
      "geometry": {
        "type": "Point",
        "coordinates": [
          77.2183666,
          28.5329514
        ]
      },
      "properties": {
        "id": 5960821086,
        "name": "Unknown",
        "operator": "canara ",
        "amenity": "atm"
      }
    },
    {
      "type": "Feature",
      "geometry": {
        "type": "Point",
        "coordinates": [
          77.2168822,
          28.5347536
        ]
      },
      "properties": {
        "id": 5960832388,
        "name": "Unknown",
        "operator": "HDFC Bank",
        "amenity": "atm"
      }
    },
    {
      "type": "Feature",
      "geometry": {
        "type": "Point",
        "coordinates": [
          77.2449818,
          28.5621612
        ]
      },
      "properties": {
        "id": 6006345956,
        "name": "Unknown",
        "operator": "Unknown Bank",
        "amenity": "atm"
      }
    },
    {
      "type": "Feature",
      "geometry": {
        "type": "Point",
        "coordinates": [
          77.2470469,
          28.5681417
        ]
      },
      "properties": {
        "id": 6012565039,
        "name": "HDFC Bank",
        "operator": "HDFC Bank Limited",
        "amenity": "bank"
      }
    },
    {
      "type": "Feature",
      "geometry": {
        "type": "Point",
        "coordinates": [
          77.1847489,
          28.6018694
        ]
      },
      "properties": {
        "id": 6018981886,
        "name": "Unknown",
        "operator": "Multiple ATMs",
        "amenity": "atm"
      }
    },
    {
      "type": "Feature",
      "geometry": {
        "type": "Point",
        "coordinates": [
          77.2036912,
          28.5333812
        ]
      },
      "properties": {
        "id": 6021054085,
        "name": "Canara Bank",
        "operator": "Unknown Bank",
        "amenity": "bank"
      }
    },
    {
      "type": "Feature",
      "geometry": {
        "type": "Point",
        "coordinates": [
          77.2006899,
          28.6442725
        ]
      },
      "properties": {
        "id": 6053796783,
        "name": "Yes Bank",
        "operator": "Unknown Bank",
        "amenity": "bank"
      }
    },
    {
      "type": "Feature",
      "geometry": {
        "type": "Point",
        "coordinates": [
          77.2010453,
          28.6441263
        ]
      },
      "properties": {
        "id": 6053796784,
        "name": "Central Bank of India",
        "operator": "Unknown Bank",
        "amenity": "bank"
      }
    },
    {
      "type": "Feature",
      "geometry": {
        "type": "Point",
        "coordinates": [
          77.2415223,
          28.5743301
        ]
      },
      "properties": {
        "id": 6053797794,
        "name": "Unknown",
        "operator": "ICICI Bank",
        "amenity": "atm"
      }
    },
    {
      "type": "Feature",
      "geometry": {
        "type": "Point",
        "coordinates": [
          77.2068609,
          28.5341404
        ]
      },
      "properties": {
        "id": 6064335434,
        "name": "Unknown",
        "operator": "ICICI Bank",
        "amenity": "atm"
      }
    },
    {
      "type": "Feature",
      "geometry": {
        "type": "Point",
        "coordinates": [
          77.2081138,
          28.5660408
        ]
      },
      "properties": {
        "id": 6077096262,
        "name": "Unknown",
        "operator": "Unknown Bank",
        "amenity": "bank"
      }
    },
    {
      "type": "Feature",
      "geometry": {
        "type": "Point",
        "coordinates": [
          77.1221459,
          28.5529254
        ]
      },
      "properties": {
        "id": 6091839588,
        "name": "Unknown",
        "operator": "Next to Marriot. Ask security staff",
        "amenity": "atm"
      }
    },
    {
      "type": "Feature",
      "geometry": {
        "type": "Point",
        "coordinates": [
          77.123463,
          28.553332
        ]
      },
      "properties": {
        "id": 6091839589,
        "name": "Unknown",
        "operator": "Next to Novotel. Ask security staff",
        "amenity": "atm"
      }
    },
    {
      "type": "Feature",
      "geometry": {
        "type": "Point",
        "coordinates": [
          77.1227004,
          28.5513076
        ]
      },
      "properties": {
        "id": 6091865785,
        "name": "Unknown",
        "operator": "Inside WorldMart 2",
        "amenity": "atm"
      }
    },
    {
      "type": "Feature",
      "geometry": {
        "type": "Point",
        "coordinates": [
          77.1277371,
          28.545136
        ]
      },
      "properties": {
        "id": 6093120974,
        "name": "IDBI Bank",
        "operator": "Unknown Bank",
        "amenity": "bank"
      }
    },
    {
      "type": "Feature",
      "geometry": {
        "type": "Point",
        "coordinates": [
          77.1286516,
          28.5429566
        ]
      },
      "properties": {
        "id": 6093122260,
        "name": "Unknown",
        "operator": "ICICI Bank",
        "amenity": "atm"
      }
    },
    {
      "type": "Feature",
      "geometry": {
        "type": "Point",
        "coordinates": [
          77.1277894,
          28.5450651
        ]
      },
      "properties": {
        "id": 6093122281,
        "name": "Unknown",
        "operator": "IDBI Bank",
        "amenity": "atm"
      }
    },
    {
      "type": "Feature",
      "geometry": {
        "type": "Point",
        "coordinates": [
          77.1283049,
          28.5440893
        ]
      },
      "properties": {
        "id": 6093122421,
        "name": "Unknown",
        "operator": "Kotak Mahindra Bank",
        "amenity": "atm"
      }
    },
    {
      "type": "Feature",
      "geometry": {
        "type": "Point",
        "coordinates": [
          77.2371123,
          28.6021934
        ]
      },
      "properties": {
        "id": 6110288473,
        "name": "Unknown",
        "operator": "State Bank of India",
        "amenity": "atm"
      }
    },
    {
      "type": "Feature",
      "geometry": {
        "type": "Point",
        "coordinates": [
          77.0857197,
          28.554952
        ]
      },
      "properties": {
        "id": 6110984878,
        "name": "Unknown",
        "operator": "Unknown Bank",
        "amenity": "atm"
      }
    },
    {
      "type": "Feature",
      "geometry": {
        "type": "Point",
        "coordinates": [
          77.2534551,
          28.5478602
        ]
      },
      "properties": {
        "id": 6112993591,
        "name": "HDFC Bank",
        "operator": "Unknown Bank",
        "amenity": "bank"
      }
    },
    {
      "type": "Feature",
      "geometry": {
        "type": "Point",
        "coordinates": [
          77.247302,
          28.5678663
        ]
      },
      "properties": {
        "id": 6112993600,
        "name": "Kotak Mahindra Bank",
        "operator": "Kotak Mahindra Bank",
        "amenity": "atm"
      }
    },
    {
      "type": "Feature",
      "geometry": {
        "type": "Point",
        "coordinates": [
          77.256022,
          28.5479351
        ]
      },
      "properties": {
        "id": 6112995975,
        "name": "Unknown",
        "operator": "State Bank of India",
        "amenity": "atm"
      }
    },
    {
      "type": "Feature",
      "geometry": {
        "type": "Point",
        "coordinates": [
          77.24731,
          28.5678931
        ]
      },
      "properties": {
        "id": 6112995977,
        "name": "Kotak Mahindra Bank",
        "operator": "Kotak Mahindra Bank Limited",
        "amenity": "bank"
      }
    },
    {
      "type": "Feature",
      "geometry": {
        "type": "Point",
        "coordinates": [
          77.2247295,
          28.5164119
        ]
      },
      "properties": {
        "id": 6115743819,
        "name": "Unknown",
        "operator": "State Bank of India",
        "amenity": "atm"
      }
    },
    {
      "type": "Feature",
      "geometry": {
        "type": "Point",
        "coordinates": [
          77.2508584,
          28.5498682
        ]
      },
      "properties": {
        "id": 6115745984,
        "name": "Unknown",
        "operator": "IDBI Bank",
        "amenity": "atm"
      }
    },
    {
      "type": "Feature",
      "geometry": {
        "type": "Point",
        "coordinates": [
          77.2464153,
          28.5678156
        ]
      },
      "properties": {
        "id": 6115748985,
        "name": "ICICI Bank",
        "operator": "ICICI Bank Limited",
        "amenity": "bank"
      }
    },
    {
      "type": "Feature",
      "geometry": {
        "type": "Point",
        "coordinates": [
          77.2596485,
          28.5336588
        ]
      },
      "properties": {
        "id": 6115749030,
        "name": "Unknown",
        "operator": "HDFC Bank",
        "amenity": "atm"
      }
    },
    {
      "type": "Feature",
      "geometry": {
        "type": "Point",
        "coordinates": [
          77.2514471,
          28.5513298
        ]
      },
      "properties": {
        "id": 6115749046,
        "name": "Unknown",
        "operator": "State Bank of India",
        "amenity": "atm"
      }
    },
    {
      "type": "Feature",
      "geometry": {
        "type": "Point",
        "coordinates": [
          77.261171,
          28.5376883
        ]
      },
      "properties": {
        "id": 6115749179,
        "name": "Unknown",
        "operator": "State Bank of India",
        "amenity": "atm"
      }
    },
    {
      "type": "Feature",
      "geometry": {
        "type": "Point",
        "coordinates": [
          77.2516738,
          28.5486429
        ]
      },
      "properties": {
        "id": 6115749181,
        "name": "Bank of Baroda",
        "operator": "Unknown Bank",
        "amenity": "bank"
      }
    },
    {
      "type": "Feature",
      "geometry": {
        "type": "Point",
        "coordinates": [
          77.2530021,
          28.5422141
        ]
      },
      "properties": {
        "id": 6115749665,
        "name": "Unknown",
        "operator": "ICICI Bank",
        "amenity": "atm"
      }
    },
    {
      "type": "Feature",
      "geometry": {
        "type": "Point",
        "coordinates": [
          77.2044123,
          28.5505274
        ]
      },
      "properties": {
        "id": 6120508420,
        "name": "Unknown",
        "operator": "Yes Bank",
        "amenity": "atm"
      }
    },
    {
      "type": "Feature",
      "geometry": {
        "type": "Point",
        "coordinates": [
          77.2060799,
          28.5562264
        ]
      },
      "properties": {
        "id": 6124471514,
        "name": "Unknown",
        "operator": "Yes Bank",
        "amenity": "atm"
      }
    },
    {
      "type": "Feature",
      "geometry": {
        "type": "Point",
        "coordinates": [
          77.2050158,
          28.5197606
        ]
      },
      "properties": {
        "id": 6124471516,
        "name": "Unknown",
        "operator": "Yes Bank",
        "amenity": "atm"
      }
    },
    {
      "type": "Feature",
      "geometry": {
        "type": "Point",
        "coordinates": [
          77.2032707,
          28.5325585
        ]
      },
      "properties": {
        "id": 6124471517,
        "name": "Unknown",
        "operator": "Standard Chartered",
        "amenity": "atm"
      }
    },
    {
      "type": "Feature",
      "geometry": {
        "type": "Point",
        "coordinates": [
          77.2061054,
          28.5562855
        ]
      },
      "properties": {
        "id": 6124477661,
        "name": "Yes Bank",
        "operator": "Unknown Bank",
        "amenity": "bank"
      }
    },
    {
      "type": "Feature",
      "geometry": {
        "type": "Point",
        "coordinates": [
          77.206042,
          28.520997
        ]
      },
      "properties": {
        "id": 6150151070,
        "name": "Standard Chartered",
        "operator": "Unknown Bank",
        "amenity": "bank"
      }
    },
    {
      "type": "Feature",
      "geometry": {
        "type": "Point",
        "coordinates": [
          77.2060906,
          28.5211642
        ]
      },
      "properties": {
        "id": 6150152437,
        "name": "IndusInd Bank",
        "operator": "Unknown Bank",
        "amenity": "bank"
      }
    },
    {
      "type": "Feature",
      "geometry": {
        "type": "Point",
        "coordinates": [
          77.2060542,
          28.5210402
        ]
      },
      "properties": {
        "id": 6150152438,
        "name": "Unknown",
        "operator": "Standard Chartered",
        "amenity": "atm"
      }
    },
    {
      "type": "Feature",
      "geometry": {
        "type": "Point",
        "coordinates": [
          77.2068967,
          28.5236422
        ]
      },
      "properties": {
        "id": 6150155407,
        "name": "Unknown",
        "operator": "Kotak Mahindra Bank",
        "amenity": "atm"
      }
    },
    {
      "type": "Feature",
      "geometry": {
        "type": "Point",
        "coordinates": [
          77.206107,
          28.5212087
        ]
      },
      "properties": {
        "id": 6150155850,
        "name": "Unknown",
        "operator": "IndusInd Bank",
        "amenity": "atm"
      }
    },
    {
      "type": "Feature",
      "geometry": {
        "type": "Point",
        "coordinates": [
          77.2109777,
          28.5355239
        ]
      },
      "properties": {
        "id": 6152749867,
        "name": "Unknown",
        "operator": "State Bank of India",
        "amenity": "atm"
      }
    },
    {
      "type": "Feature",
      "geometry": {
        "type": "Point",
        "coordinates": [
          77.2184123,
          28.6352021
        ]
      },
      "properties": {
        "id": 6161686839,
        "name": "Yes Bank",
        "operator": "Yes Bank",
        "amenity": "atm"
      }
    },
    {
      "type": "Feature",
      "geometry": {
        "type": "Point",
        "coordinates": [
          77.2196262,
          28.6353937
        ]
      },
      "properties": {
        "id": 6161689894,
        "name": "Punjab & Sind Bank",
        "operator": "Punjab & Sind Bank",
        "amenity": "atm"
      }
    },
    {
      "type": "Feature",
      "geometry": {
        "type": "Point",
        "coordinates": [
          77.2186749,
          28.6352636
        ]
      },
      "properties": {
        "id": 6161690528,
        "name": "Canara Bank",
        "operator": "Canara Bank",
        "amenity": "atm"
      }
    },
    {
      "type": "Feature",
      "geometry": {
        "type": "Point",
        "coordinates": [
          77.2210229,
          28.6351302
        ]
      },
      "properties": {
        "id": 6161690589,
        "name": "Punjab National Bank",
        "operator": "Unknown Bank",
        "amenity": "bank"
      }
    },
    {
      "type": "Feature",
      "geometry": {
        "type": "Point",
        "coordinates": [
          77.21853,
          28.6352779
        ]
      },
      "properties": {
        "id": 6161690590,
        "name": "IndusInd Bank",
        "operator": "IndusInd Bank",
        "amenity": "atm"
      }
    },
    {
      "type": "Feature",
      "geometry": {
        "type": "Point",
        "coordinates": [
          77.1327411,
          28.7301431
        ]
      },
      "properties": {
        "id": 6163184687,
        "name": "ICICI Bank Rohini Sec-15",
        "operator": "Unknown Bank",
        "amenity": "bank"
      }
    },
    {
      "type": "Feature",
      "geometry": {
        "type": "Point",
        "coordinates": [
          77.2381378,
          28.57746
        ]
      },
      "properties": {
        "id": 6182615822,
        "name": "Unknown",
        "operator": "Unknown Bank",
        "amenity": "bank"
      }
    },
    {
      "type": "Feature",
      "geometry": {
        "type": "Point",
        "coordinates": [
          77.2381378,
          28.5774936
        ]
      },
      "properties": {
        "id": 6182616196,
        "name": "Unknown",
        "operator": "Unknown Bank",
        "amenity": "atm"
      }
    },
    {
      "type": "Feature",
      "geometry": {
        "type": "Point",
        "coordinates": [
          77.2678204,
          28.5615898
        ]
      },
      "properties": {
        "id": 6198749730,
        "name": "ICICI Bank",
        "operator": "Unknown Bank",
        "amenity": "bank"
      }
    },
    {
      "type": "Feature",
      "geometry": {
        "type": "Point",
        "coordinates": [
          77.2669792,
          28.5612427
        ]
      },
      "properties": {
        "id": 6198749877,
        "name": "HDFC Bank",
        "operator": "Unknown Bank",
        "amenity": "bank"
      }
    },
    {
      "type": "Feature",
      "geometry": {
        "type": "Point",
        "coordinates": [
          77.2673019,
          28.5612101
        ]
      },
      "properties": {
        "id": 6198752462,
        "name": "Corporation Bank",
        "operator": "Unknown Bank",
        "amenity": "bank"
      }
    },
    {
      "type": "Feature",
      "geometry": {
        "type": "Point",
        "coordinates": [
          77.2222351,
          28.5922707
        ]
      },
      "properties": {
        "id": 6203987726,
        "name": "Bank of India",
        "operator": "Unknown Bank",
        "amenity": "bank"
      }
    },
    {
      "type": "Feature",
      "geometry": {
        "type": "Point",
        "coordinates": [
          77.2197969,
          28.6331482
        ]
      },
      "properties": {
        "id": 6203987737,
        "name": "State Bank of India",
        "operator": "State Bank of India",
        "amenity": "atm"
      }
    },
    {
      "type": "Feature",
      "geometry": {
        "type": "Point",
        "coordinates": [
          77.0385972,
          28.4195525
        ]
      },
      "properties": {
        "id": 6205074486,
        "name": "HDFC Bank",
        "operator": "Unknown Bank",
        "amenity": "bank"
      }
    },
    {
      "type": "Feature",
      "geometry": {
        "type": "Point",
        "coordinates": [
          77.2093569,
          28.5755942
        ]
      },
      "properties": {
        "id": 6213649153,
        "name": "Unknown",
        "operator": "Unknown Bank",
        "amenity": "atm"
      }
    },
    {
      "type": "Feature",
      "geometry": {
        "type": "Point",
        "coordinates": [
          77.2463727,
          28.5678322
        ]
      },
      "properties": {
        "id": 6217178354,
        "name": "Punjab National Bank",
        "operator": "Punjab National Bank Limited",
        "amenity": "bank"
      }
    },
    {
      "type": "Feature",
      "geometry": {
        "type": "Point",
        "coordinates": [
          77.246465,
          28.5677989
        ]
      },
      "properties": {
        "id": 6217178355,
        "name": "Utkarsh Small Finance Bank",
        "operator": "Unknown Bank",
        "amenity": "bank"
      }
    },
    {
      "type": "Feature",
      "geometry": {
        "type": "Point",
        "coordinates": [
          77.1848617,
          28.4984699
        ]
      },
      "properties": {
        "id": 6221553468,
        "name": "Unknown",
        "operator": "Unknown Bank",
        "amenity": "bank"
      }
    },
    {
      "type": "Feature",
      "geometry": {
        "type": "Point",
        "coordinates": [
          77.0342351,
          28.4392741
        ]
      },
      "properties": {
        "id": 6221553773,
        "name": "Bank of Baroda",
        "operator": "Bank of Baroda",
        "amenity": "atm"
      }
    },
    {
      "type": "Feature",
      "geometry": {
        "type": "Point",
        "coordinates": [
          77.1369263,
          28.6281833
        ]
      },
      "properties": {
        "id": 6225478358,
        "name": "Bandhan Bank",
        "operator": "Unknown Bank",
        "amenity": "bank"
      }
    },
    {
      "type": "Feature",
      "geometry": {
        "type": "Point",
        "coordinates": [
          77.12542,
          28.6314464
        ]
      },
      "properties": {
        "id": 6225478359,
        "name": "Yes Bank",
        "operator": "Unknown Bank",
        "amenity": "bank"
      }
    },
    {
      "type": "Feature",
      "geometry": {
        "type": "Point",
        "coordinates": [
          77.1566174,
          28.6520416
        ]
      },
      "properties": {
        "id": 6225480443,
        "name": "Axis Bank",
        "operator": "Axis Bank",
        "amenity": "atm"
      }
    },
    {
      "type": "Feature",
      "geometry": {
        "type": "Point",
        "coordinates": [
          77.1814651,
          28.637461
        ]
      },
      "properties": {
        "id": 6225480471,
        "name": "State Bank of India",
        "operator": "Unknown Bank",
        "amenity": "bank"
      }
    },
    {
      "type": "Feature",
      "geometry": {
        "type": "Point",
        "coordinates": [
          77.1367988,
          28.6280232
        ]
      },
      "properties": {
        "id": 6225480504,
        "name": "Unknown",
        "operator": "Andhra Bank",
        "amenity": "atm"
      }
    },
    {
      "type": "Feature",
      "geometry": {
        "type": "Point",
        "coordinates": [
          77.1253512,
          28.6313459
        ]
      },
      "properties": {
        "id": 6225480507,
        "name": "Canara Bank",
        "operator": "Unknown Bank",
        "amenity": "bank"
      }
    },
    {
      "type": "Feature",
      "geometry": {
        "type": "Point",
        "coordinates": [
          77.1109641,
          28.6254248
        ]
      },
      "properties": {
        "id": 6225481222,
        "name": "ICICI Bank",
        "operator": "ICICI Bank",
        "amenity": "atm"
      }
    },
    {
      "type": "Feature",
      "geometry": {
        "type": "Point",
        "coordinates": [
          77.1633494,
          28.6483737
        ]
      },
      "properties": {
        "id": 6225481235,
        "name": "IndusInd Bank",
        "operator": "IndusInd Bank",
        "amenity": "atm"
      }
    },
    {
      "type": "Feature",
      "geometry": {
        "type": "Point",
        "coordinates": [
          77.1671972,
          28.646576
        ]
      },
      "properties": {
        "id": 6225481236,
        "name": "Unknown",
        "operator": "Unknown Bank",
        "amenity": "bank"
      }
    },
    {
      "type": "Feature",
      "geometry": {
        "type": "Point",
        "coordinates": [
          77.1656099,
          28.6476028
        ]
      },
      "properties": {
        "id": 6225481435,
        "name": "Yes Bank",
        "operator": "Unknown Bank",
        "amenity": "bank"
      }
    },
    {
      "type": "Feature",
      "geometry": {
        "type": "Point",
        "coordinates": [
          77.2427346,
          28.6447452
        ]
      },
      "properties": {
        "id": 6228876186,
        "name": "Unknown",
        "operator": "State Bank of India",
        "amenity": "atm"
      }
    },
    {
      "type": "Feature",
      "geometry": {
        "type": "Point",
        "coordinates": [
          77.1360256,
          28.6224226
        ]
      },
      "properties": {
        "id": 6258199204,
        "name": "Yes Bank",
        "operator": "Yes Bank",
        "amenity": "atm"
      }
    },
    {
      "type": "Feature",
      "geometry": {
        "type": "Point",
        "coordinates": [
          77.2246261,
          28.5677074
        ]
      },
      "properties": {
        "id": 6265648170,
        "name": "State Bank of India",
        "operator": "Unknown Bank",
        "amenity": "bank"
      }
    },
    {
      "type": "Feature",
      "geometry": {
        "type": "Point",
        "coordinates": [
          77.2245193,
          28.5677805
        ]
      },
      "properties": {
        "id": 6265648172,
        "name": "Kotak Mahindra Bank",
        "operator": "Unknown Bank",
        "amenity": "bank"
      }
    },
    {
      "type": "Feature",
      "geometry": {
        "type": "Point",
        "coordinates": [
          77.2244999,
          28.5677385
        ]
      },
      "properties": {
        "id": 6265648174,
        "name": "Unknown",
        "operator": "Kotak Mahindra Bank",
        "amenity": "atm"
      }
    },
    {
      "type": "Feature",
      "geometry": {
        "type": "Point",
        "coordinates": [
          77.2037961,
          28.5333311
        ]
      },
      "properties": {
        "id": 6269340656,
        "name": "Canara Bank",
        "operator": "Unknown Bank",
        "amenity": "bank"
      }
    },
    {
      "type": "Feature",
      "geometry": {
        "type": "Point",
        "coordinates": [
          77.20362,
          28.5327426
        ]
      },
      "properties": {
        "id": 6269340659,
        "name": "Unknown",
        "operator": "IDBI Bank",
        "amenity": "atm"
      }
    },
    {
      "type": "Feature",
      "geometry": {
        "type": "Point",
        "coordinates": [
          77.2542059,
          28.5421614
        ]
      },
      "properties": {
        "id": 6275719371,
        "name": "Unknown",
        "operator": "IndusInd Bank",
        "amenity": "atm"
      }
    },
    {
      "type": "Feature",
      "geometry": {
        "type": "Point",
        "coordinates": [
          77.215302,
          28.6412994
        ]
      },
      "properties": {
        "id": 6278725085,
        "name": "Unknown",
        "operator": "ICICI Bank",
        "amenity": "atm"
      }
    },
    {
      "type": "Feature",
      "geometry": {
        "type": "Point",
        "coordinates": [
          77.2319758,
          28.6293059
        ]
      },
      "properties": {
        "id": 6288110428,
        "name": "HDFC Bank",
        "operator": "Unknown Bank",
        "amenity": "bank"
      }
    },
    {
      "type": "Feature",
      "geometry": {
        "type": "Point",
        "coordinates": [
          77.2319976,
          28.6293002
        ]
      },
      "properties": {
        "id": 6288110429,
        "name": "Unknown",
        "operator": "HDFC Bank",
        "amenity": "atm"
      }
    },
    {
      "type": "Feature",
      "geometry": {
        "type": "Point",
        "coordinates": [
          77.232467,
          28.6293094
        ]
      },
      "properties": {
        "id": 6288110436,
        "name": "Unknown",
        "operator": "IndusInd Bank",
        "amenity": "atm"
      }
    },
    {
      "type": "Feature",
      "geometry": {
        "type": "Point",
        "coordinates": [
          77.124875,
          28.5464606
        ]
      },
      "properties": {
        "id": 6309157280,
        "name": "State Bank of India",
        "operator": "Unknown Bank",
        "amenity": "bank"
      }
    },
    {
      "type": "Feature",
      "geometry": {
        "type": "Point",
        "coordinates": [
          77.2079079,
          28.5224473
        ]
      },
      "properties": {
        "id": 6314478109,
        "name": "HDFC Bank",
        "operator": "Unknown Bank",
        "amenity": "bank"
      }
    },
    {
      "type": "Feature",
      "geometry": {
        "type": "Point",
        "coordinates": [
          77.2079718,
          28.5224201
        ]
      },
      "properties": {
        "id": 6314478110,
        "name": "Unknown",
        "operator": "HDFC Bank",
        "amenity": "atm"
      }
    },
    {
      "type": "Feature",
      "geometry": {
        "type": "Point",
        "coordinates": [
          77.2083586,
          28.523522
        ]
      },
      "properties": {
        "id": 6314478112,
        "name": "Canara Bank",
        "operator": "Unknown Bank",
        "amenity": "bank"
      }
    },
    {
      "type": "Feature",
      "geometry": {
        "type": "Point",
        "coordinates": [
          77.2083757,
          28.5235881
        ]
      },
      "properties": {
        "id": 6314478114,
        "name": "Unknown",
        "operator": "Canara Bank",
        "amenity": "atm"
      }
    },
    {
      "type": "Feature",
      "geometry": {
        "type": "Point",
        "coordinates": [
          77.2118608,
          28.5386154
        ]
      },
      "properties": {
        "id": 6324858542,
        "name": "Unknown",
        "operator": "South Indian Bank",
        "amenity": "atm"
      }
    },
    {
      "type": "Feature",
      "geometry": {
        "type": "Point",
        "coordinates": [
          76.9827382,
          28.6095583
        ]
      },
      "properties": {
        "id": 6338330814,
        "name": "Syndicate Bank",
        "operator": "Unknown Bank",
        "amenity": "bank"
      }
    },
    {
      "type": "Feature",
      "geometry": {
        "type": "Point",
        "coordinates": [
          77.263806,
          28.5578048
        ]
      },
      "properties": {
        "id": 6344914293,
        "name": "Canara Bank",
        "operator": "Unknown Bank",
        "amenity": "bank"
      }
    },
    {
      "type": "Feature",
      "geometry": {
        "type": "Point",
        "coordinates": [
          77.1851183,
          28.5407037
        ]
      },
      "properties": {
        "id": 6349285027,
        "name": "ICICI Bank",
        "operator": "Unknown Bank",
        "amenity": "bank"
      }
    },
    {
      "type": "Feature",
      "geometry": {
        "type": "Point",
        "coordinates": [
          77.1851493,
          28.5406895
        ]
      },
      "properties": {
        "id": 6349285044,
        "name": "Unknown",
        "operator": "ICICI Bank",
        "amenity": "atm"
      }
    },
    {
      "type": "Feature",
      "geometry": {
        "type": "Point",
        "coordinates": [
          77.25358,
          28.5616854
        ]
      },
      "properties": {
        "id": 6349423446,
        "name": "HDFC Bank",
        "operator": "Unknown Bank",
        "amenity": "bank"
      }
    },
    {
      "type": "Feature",
      "geometry": {
        "type": "Point",
        "coordinates": [
          77.2805611,
          28.5031493
        ]
      },
      "properties": {
        "id": 6349423456,
        "name": "Unknown",
        "operator": "ICICI Bank",
        "amenity": "atm"
      }
    },
    {
      "type": "Feature",
      "geometry": {
        "type": "Point",
        "coordinates": [
          77.2536451,
          28.5616829
        ]
      },
      "properties": {
        "id": 6349423460,
        "name": "Unknown",
        "operator": "HDFC Bank",
        "amenity": "atm"
      }
    },
    {
      "type": "Feature",
      "geometry": {
        "type": "Point",
        "coordinates": [
          77.2676022,
          28.5356479
        ]
      },
      "properties": {
        "id": 6349423464,
        "name": "Unknown",
        "operator": "HDFC Bank",
        "amenity": "atm"
      }
    },
    {
      "type": "Feature",
      "geometry": {
        "type": "Point",
        "coordinates": [
          77.2513751,
          28.5440197
        ]
      },
      "properties": {
        "id": 6351880328,
        "name": "HDFC Bank",
        "operator": "Unknown Bank",
        "amenity": "bank"
      }
    },
    {
      "type": "Feature",
      "geometry": {
        "type": "Point",
        "coordinates": [
          77.2513524,
          28.5440559
        ]
      },
      "properties": {
        "id": 6351880330,
        "name": "Unknown",
        "operator": "HDFC Bank",
        "amenity": "atm"
      }
    },
    {
      "type": "Feature",
      "geometry": {
        "type": "Point",
        "coordinates": [
          77.2098448,
          28.685271
        ]
      },
      "properties": {
        "id": 6362341640,
        "name": "State Bank of India",
        "operator": "Unknown Bank",
        "amenity": "bank"
      }
    },
    {
      "type": "Feature",
      "geometry": {
        "type": "Point",
        "coordinates": [
          77.24678,
          28.5649455
        ]
      },
      "properties": {
        "id": 6362609789,
        "name": "Housing Development Finance Corporation",
        "operator": "HDFC Bank",
        "amenity": "atm"
      }
    },
    {
      "type": "Feature",
      "geometry": {
        "type": "Point",
        "coordinates": [
          77.2187282,
          28.5683579
        ]
      },
      "properties": {
        "id": 6362609794,
        "name": "HDFC Bank",
        "operator": "Unknown Bank",
        "amenity": "bank"
      }
    },
    {
      "type": "Feature",
      "geometry": {
        "type": "Point",
        "coordinates": [
          77.2468083,
          28.5649509
        ]
      },
      "properties": {
        "id": 6362609802,
        "name": "HDFC Bank",
        "operator": "Unknown Bank",
        "amenity": "bank"
      }
    },
    {
      "type": "Feature",
      "geometry": {
        "type": "Point",
        "coordinates": [
          77.2051064,
          28.5691541
        ]
      },
      "properties": {
        "id": 6362647074,
        "name": "Unknown",
        "operator": "Unknown Bank",
        "amenity": "atm"
      }
    },
    {
      "type": "Feature",
      "geometry": {
        "type": "Point",
        "coordinates": [
          77.1998695,
          28.5068891
        ]
      },
      "properties": {
        "id": 6367835291,
        "name": "Unknown",
        "operator": "Corporation Bank",
        "amenity": "atm"
      }
    },
    {
      "type": "Feature",
      "geometry": {
        "type": "Point",
        "coordinates": [
          77.2443379,
          28.5686876
        ]
      },
      "properties": {
        "id": 6385422570,
        "name": "State Bank of India",
        "operator": "State Bank of India",
        "amenity": "atm"
      }
    },
    {
      "type": "Feature",
      "geometry": {
        "type": "Point",
        "coordinates": [
          77.2142744,
          28.6107735
        ]
      },
      "properties": {
        "id": 6385537596,
        "name": "Unknown",
        "operator": "State Bank of India",
        "amenity": "atm"
      }
    },
    {
      "type": "Feature",
      "geometry": {
        "type": "Point",
        "coordinates": [
          77.2106056,
          28.6198985
        ]
      },
      "properties": {
        "id": 6385537606,
        "name": "Canara Bank",
        "operator": "Unknown Bank",
        "amenity": "bank"
      }
    },
    {
      "type": "Feature",
      "geometry": {
        "type": "Point",
        "coordinates": [
          77.1181892,
          28.6467445
        ]
      },
      "properties": {
        "id": 6385598114,
        "name": "Federal Bank",
        "operator": "Unknown Bank",
        "amenity": "bank"
      }
    },
    {
      "type": "Feature",
      "geometry": {
        "type": "Point",
        "coordinates": [
          77.1253301,
          28.6507461
        ]
      },
      "properties": {
        "id": 6385598139,
        "name": "State Bank of India",
        "operator": "Unknown Bank",
        "amenity": "bank"
      }
    },
    {
      "type": "Feature",
      "geometry": {
        "type": "Point",
        "coordinates": [
          77.2307872,
          28.5662032
        ]
      },
      "properties": {
        "id": 6395693842,
        "name": "State Bank of India",
        "operator": "Unknown Bank",
        "amenity": "bank"
      }
    },
    {
      "type": "Feature",
      "geometry": {
        "type": "Point",
        "coordinates": [
          77.2516633,
          28.5513144
        ]
      },
      "properties": {
        "id": 6403500830,
        "name": "Unknown",
        "operator": "Citibank",
        "amenity": "atm"
      }
    },
    {
      "type": "Feature",
      "geometry": {
        "type": "Point",
        "coordinates": [
          77.2897575,
          28.6847189
        ]
      },
      "properties": {
        "id": 6403647467,
        "name": "Unknown",
        "operator": "State Bank of India",
        "amenity": "atm"
      }
    },
    {
      "type": "Feature",
      "geometry": {
        "type": "Point",
        "coordinates": [
          77.185615,
          28.5405443
        ]
      },
      "properties": {
        "id": 6411389717,
        "name": "Unknown",
        "operator": "Kotak Mahindra Bank",
        "amenity": "atm"
      }
    },
    {
      "type": "Feature",
      "geometry": {
        "type": "Point",
        "coordinates": [
          77.184306,
          28.50016
        ]
      },
      "properties": {
        "id": 6411418996,
        "name": "Unknown",
        "operator": "Unknown Bank",
        "amenity": "atm"
      }
    },
    {
      "type": "Feature",
      "geometry": {
        "type": "Point",
        "coordinates": [
          77.1842797,
          28.500181
        ]
      },
      "properties": {
        "id": 6411419000,
        "name": "Unknown",
        "operator": "Unknown Bank",
        "amenity": "atm"
      }
    },
    {
      "type": "Feature",
      "geometry": {
        "type": "Point",
        "coordinates": [
          77.186198,
          28.4644683
        ]
      },
      "properties": {
        "id": 6411571290,
        "name": "Unknown",
        "operator": "Unknown Bank",
        "amenity": "bank"
      }
    },
    {
      "type": "Feature",
      "geometry": {
        "type": "Point",
        "coordinates": [
          77.1884514,
          28.4825687
        ]
      },
      "properties": {
        "id": 6411571302,
        "name": "Corporation Bank",
        "operator": "Unknown Bank",
        "amenity": "bank"
      }
    },
    {
      "type": "Feature",
      "geometry": {
        "type": "Point",
        "coordinates": [
          77.1840356,
          28.4565801
        ]
      },
      "properties": {
        "id": 6411571307,
        "name": "Unknown",
        "operator": "Unknown Bank",
        "amenity": "bank"
      }
    },
    {
      "type": "Feature",
      "geometry": {
        "type": "Point",
        "coordinates": [
          77.2412278,
          28.5481958
        ]
      },
      "properties": {
        "id": 6416175685,
        "name": "Unknown",
        "operator": "HSBC",
        "amenity": "atm"
      }
    },
    {
      "type": "Feature",
      "geometry": {
        "type": "Point",
        "coordinates": [
          77.0416046,
          28.6498482
        ]
      },
      "properties": {
        "id": 6417564857,
        "name": "Unknown",
        "operator": "ICICI Bank",
        "amenity": "atm"
      }
    },
    {
      "type": "Feature",
      "geometry": {
        "type": "Point",
        "coordinates": [
          77.20547,
          28.698597
        ]
      },
      "properties": {
        "id": 6419226655,
        "name": "Unknown",
        "operator": "Punjab National Bank",
        "amenity": "atm"
      }
    },
    {
      "type": "Feature",
      "geometry": {
        "type": "Point",
        "coordinates": [
          77.2053774,
          28.6989193
        ]
      },
      "properties": {
        "id": 6419226656,
        "name": "Unknown",
        "operator": "Unknown Bank",
        "amenity": "atm"
      }
    },
    {
      "type": "Feature",
      "geometry": {
        "type": "Point",
        "coordinates": [
          77.2053311,
          28.6989398
        ]
      },
      "properties": {
        "id": 6419226658,
        "name": "Unknown",
        "operator": "Unknown Bank",
        "amenity": "bank"
      }
    },
    {
      "type": "Feature",
      "geometry": {
        "type": "Point",
        "coordinates": [
          77.0937804,
          28.4919048
        ]
      },
      "properties": {
        "id": 6435602485,
        "name": "Unknown",
        "operator": "Central Bank of India",
        "amenity": "atm"
      }
    },
    {
      "type": "Feature",
      "geometry": {
        "type": "Point",
        "coordinates": [
          77.2547119,
          28.5415199
        ]
      },
      "properties": {
        "id": 6459196242,
        "name": "Yes Bank",
        "operator": "Unknown Bank",
        "amenity": "bank"
      }
    },
    {
      "type": "Feature",
      "geometry": {
        "type": "Point",
        "coordinates": [
          77.257228,
          28.5274778
        ]
      },
      "properties": {
        "id": 6459239173,
        "name": "Unknown",
        "operator": "Axis Bank",
        "amenity": "atm"
      }
    },
    {
      "type": "Feature",
      "geometry": {
        "type": "Point",
        "coordinates": [
          77.2572345,
          28.5275059
        ]
      },
      "properties": {
        "id": 6459239175,
        "name": "Unknown",
        "operator": "IndusInd Bank",
        "amenity": "atm"
      }
    },
    {
      "type": "Feature",
      "geometry": {
        "type": "Point",
        "coordinates": [
          77.2344806,
          28.513712
        ]
      },
      "properties": {
        "id": 6459315287,
        "name": "Unknown",
        "operator": "IndusInd Bank",
        "amenity": "atm"
      }
    },
    {
      "type": "Feature",
      "geometry": {
        "type": "Point",
        "coordinates": [
          77.2342597,
          28.5137441
        ]
      },
      "properties": {
        "id": 6459315291,
        "name": "Unknown",
        "operator": "Kotak Mahindra Bank",
        "amenity": "atm"
      }
    },
    {
      "type": "Feature",
      "geometry": {
        "type": "Point",
        "coordinates": [
          77.1346336,
          28.5964052
        ]
      },
      "properties": {
        "id": 6466294291,
        "name": "HDFC Bank",
        "operator": "HDFC Bank",
        "amenity": "bank"
      }
    },
    {
      "type": "Feature",
      "geometry": {
        "type": "Point",
        "coordinates": [
          77.078525,
          28.4129417
        ]
      },
      "properties": {
        "id": 6469103562,
        "name": "HDFC Bank",
        "operator": "Unknown Bank",
        "amenity": "bank"
      }
    },
    {
      "type": "Feature",
      "geometry": {
        "type": "Point",
        "coordinates": [
          77.211944,
          28.6229665
        ]
      },
      "properties": {
        "id": 6470072750,
        "name": "UCO Bank",
        "operator": "Unknown Bank",
        "amenity": "bank"
      }
    },
    {
      "type": "Feature",
      "geometry": {
        "type": "Point",
        "coordinates": [
          77.2125512,
          28.6175605
        ]
      },
      "properties": {
        "id": 6470184614,
        "name": "Unknown",
        "operator": "Unknown Bank",
        "amenity": "atm"
      }
    },
    {
      "type": "Feature",
      "geometry": {
        "type": "Point",
        "coordinates": [
          77.1976751,
          28.6040114
        ]
      },
      "properties": {
        "id": 6470184617,
        "name": "State Bank of India",
        "operator": "State Bank of India",
        "amenity": "atm"
      }
    },
    {
      "type": "Feature",
      "geometry": {
        "type": "Point",
        "coordinates": [
          77.2815802,
          28.5609196
        ]
      },
      "properties": {
        "id": 6475194126,
        "name": "Unknown",
        "operator": "Unknown Bank",
        "amenity": "atm"
      }
    },
    {
      "type": "Feature",
      "geometry": {
        "type": "Point",
        "coordinates": [
          77.2668244,
          28.5702865
        ]
      },
      "properties": {
        "id": 6475194132,
        "name": "State Bank of India",
        "operator": "Unknown Bank",
        "amenity": "bank"
      }
    },
    {
      "type": "Feature",
      "geometry": {
        "type": "Point",
        "coordinates": [
          77.051262,
          28.5965793
        ]
      },
      "properties": {
        "id": 6489958585,
        "name": "ICICI Bank",
        "operator": "Unknown Bank",
        "amenity": "bank"
      }
    },
    {
      "type": "Feature",
      "geometry": {
        "type": "Point",
        "coordinates": [
          77.0438222,
          28.5869473
        ]
      },
      "properties": {
        "id": 6489979785,
        "name": "\u0906\u0908\u0938\u0940\u0906\u0908\u0938\u0940\u0906\u0908 \u092c\u0948\u0902\u0915 \u0926\u094d\u0935\u093e\u0930\u0915\u093e \u0938\u0947\u0915\u094d\u091f\u0930-\u0967\u0967",
        "operator": "Unknown Bank",
        "amenity": "bank"
      }
    },
    {
      "type": "Feature",
      "geometry": {
        "type": "Point",
        "coordinates": [
          77.2369691,
          28.5247002
        ]
      },
      "properties": {
        "id": 6490310048,
        "name": "Unknown",
        "operator": "Unknown Bank",
        "amenity": "atm"
      }
    },
    {
      "type": "Feature",
      "geometry": {
        "type": "Point",
        "coordinates": [
          77.2890277,
          28.6737826
        ]
      },
      "properties": {
        "id": 6493598331,
        "name": "Unknown",
        "operator": "Yes Bank",
        "amenity": "atm"
      }
    },
    {
      "type": "Feature",
      "geometry": {
        "type": "Point",
        "coordinates": [
          77.2195629,
          28.6345172
        ]
      },
      "properties": {
        "id": 6495330848,
        "name": "Bank of Maharashtra",
        "operator": "Unknown Bank",
        "amenity": "bank"
      }
    },
    {
      "type": "Feature",
      "geometry": {
        "type": "Point",
        "coordinates": [
          77.219561,
          28.6345008
        ]
      },
      "properties": {
        "id": 6495330865,
        "name": "Bank of Maharashtra",
        "operator": "Bank of Maharashtra",
        "amenity": "atm"
      }
    },
    {
      "type": "Feature",
      "geometry": {
        "type": "Point",
        "coordinates": [
          77.2053065,
          28.6413467
        ]
      },
      "properties": {
        "id": 6507308684,
        "name": "Punjab National Bank",
        "operator": "Punjab National Bank",
        "amenity": "atm"
      }
    },
    {
      "type": "Feature",
      "geometry": {
        "type": "Point",
        "coordinates": [
          77.1853223,
          28.6624722
        ]
      },
      "properties": {
        "id": 6507350888,
        "name": "Unknown",
        "operator": "State Bank of India",
        "amenity": "atm"
      }
    },
    {
      "type": "Feature",
      "geometry": {
        "type": "Point",
        "coordinates": [
          77.2890714,
          28.6737902
        ]
      },
      "properties": {
        "id": 6513406096,
        "name": "Unknown",
        "operator": "State Bank of India",
        "amenity": "atm"
      }
    },
    {
      "type": "Feature",
      "geometry": {
        "type": "Point",
        "coordinates": [
          77.2127493,
          28.6591084
        ]
      },
      "properties": {
        "id": 6539125888,
        "name": "ICICI Bank",
        "operator": "Unknown Bank",
        "amenity": "bank"
      }
    },
    {
      "type": "Feature",
      "geometry": {
        "type": "Point",
        "coordinates": [
          77.2131021,
          28.6602835
        ]
      },
      "properties": {
        "id": 6539125891,
        "name": "Kotak Mahindra Bank",
        "operator": "Unknown Bank",
        "amenity": "bank"
      }
    },
    {
      "type": "Feature",
      "geometry": {
        "type": "Point",
        "coordinates": [
          77.2152058,
          28.6577484
        ]
      },
      "properties": {
        "id": 6539125892,
        "name": "ICICI Bank",
        "operator": "ICICI Bank",
        "amenity": "atm"
      }
    },
    {
      "type": "Feature",
      "geometry": {
        "type": "Point",
        "coordinates": [
          77.2127144,
          28.6590026
        ]
      },
      "properties": {
        "id": 6539125894,
        "name": "State Bank of India",
        "operator": "Unknown Bank",
        "amenity": "bank"
      }
    },
    {
      "type": "Feature",
      "geometry": {
        "type": "Point",
        "coordinates": [
          77.2120361,
          28.6622332
        ]
      },
      "properties": {
        "id": 6539125895,
        "name": "ICICI Bank",
        "operator": "ICICI Bank",
        "amenity": "atm"
      }
    },
    {
      "type": "Feature",
      "geometry": {
        "type": "Point",
        "coordinates": [
          77.2163975,
          28.6672051
        ]
      },
      "properties": {
        "id": 6539125896,
        "name": "State Bank of India",
        "operator": "State Bank of India",
        "amenity": "atm"
      }
    },
    {
      "type": "Feature",
      "geometry": {
        "type": "Point",
        "coordinates": [
          77.2127601,
          28.6591305
        ]
      },
      "properties": {
        "id": 6539125900,
        "name": "ICICI Bank",
        "operator": "ICICI Bank",
        "amenity": "atm"
      }
    },
    {
      "type": "Feature",
      "geometry": {
        "type": "Point",
        "coordinates": [
          77.2130942,
          28.6601611
        ]
      },
      "properties": {
        "id": 6539125901,
        "name": "Unknown",
        "operator": "Unknown Bank",
        "amenity": "bank"
      }
    },
    {
      "type": "Feature",
      "geometry": {
        "type": "Point",
        "coordinates": [
          77.2193721,
          28.6248081
        ]
      },
      "properties": {
        "id": 6539240961,
        "name": "State Bank of India",
        "operator": "State Bank of India",
        "amenity": "atm"
      }
    },
    {
      "type": "Feature",
      "geometry": {
        "type": "Point",
        "coordinates": [
          77.2579057,
          28.5367317
        ]
      },
      "properties": {
        "id": 6544471386,
        "name": "Bandhan Bank",
        "operator": "Unknown Bank",
        "amenity": "bank"
      }
    },
    {
      "type": "Feature",
      "geometry": {
        "type": "Point",
        "coordinates": [
          77.257891,
          28.5364701
        ]
      },
      "properties": {
        "id": 6544471387,
        "name": "Canara Bank",
        "operator": "Unknown Bank",
        "amenity": "bank"
      }
    },
    {
      "type": "Feature",
      "geometry": {
        "type": "Point",
        "coordinates": [
          77.2579665,
          28.5367757
        ]
      },
      "properties": {
        "id": 6544471388,
        "name": "Unknown",
        "operator": "Unknown Bank",
        "amenity": "bank"
      }
    },
    {
      "type": "Feature",
      "geometry": {
        "type": "Point",
        "coordinates": [
          77.2587833,
          28.5370703
        ]
      },
      "properties": {
        "id": 6544471389,
        "name": "Indian Bank",
        "operator": "Unknown Bank",
        "amenity": "bank"
      }
    },
    {
      "type": "Feature",
      "geometry": {
        "type": "Point",
        "coordinates": [
          77.254001,
          28.541862
        ]
      },
      "properties": {
        "id": 6544857033,
        "name": "Andhra Bank",
        "operator": "Unknown Bank",
        "amenity": "bank"
      }
    },
    {
      "type": "Feature",
      "geometry": {
        "type": "Point",
        "coordinates": [
          77.2540418,
          28.5418421
        ]
      },
      "properties": {
        "id": 6544857035,
        "name": "Unknown",
        "operator": "Andhra Bank",
        "amenity": "atm"
      }
    },
    {
      "type": "Feature",
      "geometry": {
        "type": "Point",
        "coordinates": [
          77.291576,
          28.6920916
        ]
      },
      "properties": {
        "id": 6547034690,
        "name": "Unknown",
        "operator": "ICICI Bank",
        "amenity": "atm"
      }
    },
    {
      "type": "Feature",
      "geometry": {
        "type": "Point",
        "coordinates": [
          77.2589454,
          28.5491511
        ]
      },
      "properties": {
        "id": 6563093637,
        "name": "Unknown",
        "operator": "Unknown Bank",
        "amenity": "atm"
      }
    },
    {
      "type": "Feature",
      "geometry": {
        "type": "Point",
        "coordinates": [
          77.2596444,
          28.706005
        ]
      },
      "properties": {
        "id": 6615136086,
        "name": "Unknown",
        "operator": "Unknown Bank",
        "amenity": "atm"
      }
    },
    {
      "type": "Feature",
      "geometry": {
        "type": "Point",
        "coordinates": [
          77.2576253,
          28.7048726
        ]
      },
      "properties": {
        "id": 6615136090,
        "name": "Unknown",
        "operator": "Unknown Bank",
        "amenity": "atm"
      }
    },
    {
      "type": "Feature",
      "geometry": {
        "type": "Point",
        "coordinates": [
          77.2381686,
          28.5699781
        ]
      },
      "properties": {
        "id": 6616640800,
        "name": "IDBI Bank",
        "operator": "Unknown Bank",
        "amenity": "bank"
      }
    },
    {
      "type": "Feature",
      "geometry": {
        "type": "Point",
        "coordinates": [
          77.2381215,
          28.5700012
        ]
      },
      "properties": {
        "id": 6616640817,
        "name": "Unknown",
        "operator": "IDBI Bank",
        "amenity": "atm"
      }
    },
    {
      "type": "Feature",
      "geometry": {
        "type": "Point",
        "coordinates": [
          77.244004,
          28.5692311
        ]
      },
      "properties": {
        "id": 6620477606,
        "name": "Union Bank of India",
        "operator": "Unknown Bank",
        "amenity": "bank"
      }
    },
    {
      "type": "Feature",
      "geometry": {
        "type": "Point",
        "coordinates": [
          77.1986992,
          28.5383875
        ]
      },
      "properties": {
        "id": 6620973562,
        "name": "Axis Bank",
        "operator": "Unknown Bank",
        "amenity": "bank"
      }
    },
    {
      "type": "Feature",
      "geometry": {
        "type": "Point",
        "coordinates": [
          77.198309,
          28.5375613
        ]
      },
      "properties": {
        "id": 6620973563,
        "name": "Kotak Mahindra Bank",
        "operator": "Kotak Mahindra Bank",
        "amenity": "atm"
      }
    },
    {
      "type": "Feature",
      "geometry": {
        "type": "Point",
        "coordinates": [
          77.1980572,
          28.5369888
        ]
      },
      "properties": {
        "id": 6620973566,
        "name": "Allahabad Bank",
        "operator": "Unknown Bank",
        "amenity": "bank"
      }
    },
    {
      "type": "Feature",
      "geometry": {
        "type": "Point",
        "coordinates": [
          77.0865124,
          28.5072489
        ]
      },
      "properties": {
        "id": 6636605185,
        "name": "ICICI Bank",
        "operator": "Unknown Bank",
        "amenity": "bank"
      }
    },
    {
      "type": "Feature",
      "geometry": {
        "type": "Point",
        "coordinates": [
          77.203501,
          28.5179974
        ]
      },
      "properties": {
        "id": 6637766965,
        "name": "Unknown",
        "operator": "Axis Bank",
        "amenity": "atm"
      }
    },
    {
      "type": "Feature",
      "geometry": {
        "type": "Point",
        "coordinates": [
          77.1887974,
          28.5668712
        ]
      },
      "properties": {
        "id": 6657822764,
        "name": "Unknown",
        "operator": "Union Bank",
        "amenity": "atm"
      }
    },
    {
      "type": "Feature",
      "geometry": {
        "type": "Point",
        "coordinates": [
          77.1882654,
          28.5674172
        ]
      },
      "properties": {
        "id": 6657822765,
        "name": "Vijaya Bank",
        "operator": "Unknown Bank",
        "amenity": "bank"
      }
    },
    {
      "type": "Feature",
      "geometry": {
        "type": "Point",
        "coordinates": [
          77.2238136,
          28.5932298
        ]
      },
      "properties": {
        "id": 6670017050,
        "name": "Unknown",
        "operator": "Unknown Bank",
        "amenity": "atm"
      }
    },
    {
      "type": "Feature",
      "geometry": {
        "type": "Point",
        "coordinates": [
          77.2017278,
          28.5098476
        ]
      },
      "properties": {
        "id": 6670605053,
        "name": "Unknown",
        "operator": "Axis Bank",
        "amenity": "atm"
      }
    },
    {
      "type": "Feature",
      "geometry": {
        "type": "Point",
        "coordinates": [
          77.222185,
          28.6307089
        ]
      },
      "properties": {
        "id": 6676417797,
        "name": "Unknown",
        "operator": "Unknown Bank",
        "amenity": "atm"
      }
    },
    {
      "type": "Feature",
      "geometry": {
        "type": "Point",
        "coordinates": [
          77.1649101,
          28.5143994
        ]
      },
      "properties": {
        "id": 6681091971,
        "name": "Unknown",
        "operator": "Unknown Bank",
        "amenity": "atm"
      }
    },
    {
      "type": "Feature",
      "geometry": {
        "type": "Point",
        "coordinates": [
          77.1649328,
          28.5143829
        ]
      },
      "properties": {
        "id": 6681091973,
        "name": "Unknown",
        "operator": "Unknown Bank",
        "amenity": "bank"
      }
    },
    {
      "type": "Feature",
      "geometry": {
        "type": "Point",
        "coordinates": [
          77.2920364,
          28.6094974
        ]
      },
      "properties": {
        "id": 6699181062,
        "name": "Unknown",
        "operator": "Unknown Bank",
        "amenity": "atm"
      }
    },
    {
      "type": "Feature",
      "geometry": {
        "type": "Point",
        "coordinates": [
          77.2777373,
          28.6286179
        ]
      },
      "properties": {
        "id": 6721164782,
        "name": "State Bank of India",
        "operator": "State Bank of India",
        "amenity": "atm"
      }
    },
    {
      "type": "Feature",
      "geometry": {
        "type": "Point",
        "coordinates": [
          77.2788539,
          28.6277748
        ]
      },
      "properties": {
        "id": 6721206085,
        "name": "Canara Bank",
        "operator": "Unknown Bank",
        "amenity": "bank"
      }
    },
    {
      "type": "Feature",
      "geometry": {
        "type": "Point",
        "coordinates": [
          77.1879785,
          28.6473546
        ]
      },
      "properties": {
        "id": 6741865619,
        "name": "Bank of India",
        "operator": "Unknown Bank",
        "amenity": "bank"
      }
    },
    {
      "type": "Feature",
      "geometry": {
        "type": "Point",
        "coordinates": [
          77.191078,
          28.6539198
        ]
      },
      "properties": {
        "id": 6741865637,
        "name": "State Bank of India",
        "operator": "Unknown Bank",
        "amenity": "bank"
      }
    },
    {
      "type": "Feature",
      "geometry": {
        "type": "Point",
        "coordinates": [
          77.192417,
          28.6520236
        ]
      },
      "properties": {
        "id": 6741865638,
        "name": "Unknown",
        "operator": "Axis Bank",
        "amenity": "atm"
      }
    },
    {
      "type": "Feature",
      "geometry": {
        "type": "Point",
        "coordinates": [
          77.1918029,
          28.6522781
        ]
      },
      "properties": {
        "id": 6741865644,
        "name": "Punjab National Bank",
        "operator": "Unknown Bank",
        "amenity": "bank"
      }
    },
    {
      "type": "Feature",
      "geometry": {
        "type": "Point",
        "coordinates": [
          77.2427585,
          28.5406439
        ]
      },
      "properties": {
        "id": 6750512439,
        "name": "Punjab National Bank",
        "operator": "Unknown Bank",
        "amenity": "bank"
      }
    },
    {
      "type": "Feature",
      "geometry": {
        "type": "Point",
        "coordinates": [
          77.2400893,
          28.5416996
        ]
      },
      "properties": {
        "id": 6750512453,
        "name": "IndusInd Bank",
        "operator": "IndusInd Bank",
        "amenity": "atm"
      }
    },
    {
      "type": "Feature",
      "geometry": {
        "type": "Point",
        "coordinates": [
          77.1634244,
          28.570786
        ]
      },
      "properties": {
        "id": 6755585645,
        "name": "State Bank of India",
        "operator": "State Bank of India",
        "amenity": "atm"
      }
    },
    {
      "type": "Feature",
      "geometry": {
        "type": "Point",
        "coordinates": [
          77.2270818,
          28.5705502
        ]
      },
      "properties": {
        "id": 6766175608,
        "name": "Yes Bank",
        "operator": "Unknown Bank",
        "amenity": "bank"
      }
    },
    {
      "type": "Feature",
      "geometry": {
        "type": "Point",
        "coordinates": [
          77.2616355,
          28.5376038
        ]
      },
      "properties": {
        "id": 6769351755,
        "name": "Unknown",
        "operator": "State Bank of India",
        "amenity": "atm"
      }
    },
    {
      "type": "Feature",
      "geometry": {
        "type": "Point",
        "coordinates": [
          77.2647345,
          28.5440774
        ]
      },
      "properties": {
        "id": 6769351758,
        "name": "Unknown",
        "operator": "Punjab National Bank",
        "amenity": "atm"
      }
    },
    {
      "type": "Feature",
      "geometry": {
        "type": "Point",
        "coordinates": [
          77.255345,
          28.5285505
        ]
      },
      "properties": {
        "id": 6769351759,
        "name": "Unknown",
        "operator": "ICICI Bank",
        "amenity": "atm"
      }
    },
    {
      "type": "Feature",
      "geometry": {
        "type": "Point",
        "coordinates": [
          77.2639608,
          28.5575959
        ]
      },
      "properties": {
        "id": 6769351778,
        "name": "Central Bank of India",
        "operator": "Unknown Bank",
        "amenity": "bank"
      }
    },
    {
      "type": "Feature",
      "geometry": {
        "type": "Point",
        "coordinates": [
          77.1964155,
          28.5657051
        ]
      },
      "properties": {
        "id": 6771396256,
        "name": "ICICI Bank",
        "operator": "ICICI Bank",
        "amenity": "atm"
      }
    },
    {
      "type": "Feature",
      "geometry": {
        "type": "Point",
        "coordinates": [
          77.247529,
          28.568353
        ]
      },
      "properties": {
        "id": 6777250822,
        "name": "Equitas Small Finance Bank",
        "operator": "Unknown Bank",
        "amenity": "bank"
      }
    },
    {
      "type": "Feature",
      "geometry": {
        "type": "Point",
        "coordinates": [
          77.2478166,
          28.5688113
        ]
      },
      "properties": {
        "id": 6777250836,
        "name": "Bank of Baroda(Also Vijaya and Dena)",
        "operator": "Unknown Bank",
        "amenity": "bank"
      }
    },
    {
      "type": "Feature",
      "geometry": {
        "type": "Point",
        "coordinates": [
          77.2105822,
          28.536633
        ]
      },
      "properties": {
        "id": 6779401583,
        "name": "Kotak Mahindra Bank",
        "operator": "Unknown Bank",
        "amenity": "bank"
      }
    },
    {
      "type": "Feature",
      "geometry": {
        "type": "Point",
        "coordinates": [
          77.2108875,
          28.5366127
        ]
      },
      "properties": {
        "id": 6779419585,
        "name": "HDFC Bank",
        "operator": "Unknown Bank",
        "amenity": "bank"
      }
    },
    {
      "type": "Feature",
      "geometry": {
        "type": "Point",
        "coordinates": [
          77.2107019,
          28.5367783
        ]
      },
      "properties": {
        "id": 6779419600,
        "name": "State Bank of India",
        "operator": "Unknown Bank",
        "amenity": "bank"
      }
    },
    {
      "type": "Feature",
      "geometry": {
        "type": "Point",
        "coordinates": [
          77.2167038,
          28.5385219
        ]
      },
      "properties": {
        "id": 6779419618,
        "name": "Unknown",
        "operator": "Yes Bank",
        "amenity": "atm"
      }
    },
    {
      "type": "Feature",
      "geometry": {
        "type": "Point",
        "coordinates": [
          77.2135082,
          28.5342319
        ]
      },
      "properties": {
        "id": 6779419626,
        "name": "Bank of India",
        "operator": "Unknown Bank",
        "amenity": "bank"
      }
    },
    {
      "type": "Feature",
      "geometry": {
        "type": "Point",
        "coordinates": [
          77.2506119,
          28.5494945
        ]
      },
      "properties": {
        "id": 6817346146,
        "name": "Unknown",
        "operator": "HDFC Bank",
        "amenity": "atm"
      }
    },
    {
      "type": "Feature",
      "geometry": {
        "type": "Point",
        "coordinates": [
          77.2505878,
          28.5494823
        ]
      },
      "properties": {
        "id": 6817346165,
        "name": "HDFC Bank",
        "operator": "Unknown Bank",
        "amenity": "bank"
      }
    },
    {
      "type": "Feature",
      "geometry": {
        "type": "Point",
        "coordinates": [
          77.2217366,
          28.6347114
        ]
      },
      "properties": {
        "id": 6832945794,
        "name": "Unknown",
        "operator": "Unknown Bank",
        "amenity": "bank"
      }
    },
    {
      "type": "Feature",
      "geometry": {
        "type": "Point",
        "coordinates": [
          77.1822063,
          28.5225013
        ]
      },
      "properties": {
        "id": 6834036189,
        "name": "Unknown",
        "operator": "Axis Bank",
        "amenity": "atm"
      }
    },
    {
      "type": "Feature",
      "geometry": {
        "type": "Point",
        "coordinates": [
          77.1788582,
          28.5230268
        ]
      },
      "properties": {
        "id": 6834036212,
        "name": "Canara Bank",
        "operator": "Unknown Bank",
        "amenity": "bank"
      }
    },
    {
      "type": "Feature",
      "geometry": {
        "type": "Point",
        "coordinates": [
          77.1788526,
          28.5229963
        ]
      },
      "properties": {
        "id": 6834036221,
        "name": "Unknown",
        "operator": "Canara Bank",
        "amenity": "atm"
      }
    },
    {
      "type": "Feature",
      "geometry": {
        "type": "Point",
        "coordinates": [
          77.2798028,
          28.6322895
        ]
      },
      "properties": {
        "id": 6853471525,
        "name": "State Bank of India",
        "operator": "Unknown Bank",
        "amenity": "bank"
      }
    },
    {
      "type": "Feature",
      "geometry": {
        "type": "Point",
        "coordinates": [
          77.2791253,
          28.6312824
        ]
      },
      "properties": {
        "id": 6853471528,
        "name": "Bank of Baroda",
        "operator": "Unknown Bank",
        "amenity": "bank"
      }
    },
    {
      "type": "Feature",
      "geometry": {
        "type": "Point",
        "coordinates": [
          77.2801886,
          28.6319921
        ]
      },
      "properties": {
        "id": 6853471536,
        "name": "HDFC Bank",
        "operator": "Unknown Bank",
        "amenity": "bank"
      }
    },
    {
      "type": "Feature",
      "geometry": {
        "type": "Point",
        "coordinates": [
          77.1639121,
          28.558607
        ]
      },
      "properties": {
        "id": 6853682646,
        "name": "Unknown",
        "operator": "Axis Bank",
        "amenity": "atm"
      }
    },
    {
      "type": "Feature",
      "geometry": {
        "type": "Point",
        "coordinates": [
          77.1642239,
          28.5581107
        ]
      },
      "properties": {
        "id": 6853682660,
        "name": "Bank of Baroda",
        "operator": "Unknown Bank",
        "amenity": "bank"
      }
    },
    {
      "type": "Feature",
      "geometry": {
        "type": "Point",
        "coordinates": [
          77.1637969,
          28.5572027
        ]
      },
      "properties": {
        "id": 6853682667,
        "name": "Unknown",
        "operator": "ICICI Bank",
        "amenity": "atm"
      }
    },
    {
      "type": "Feature",
      "geometry": {
        "type": "Point",
        "coordinates": [
          77.1639409,
          28.5571987
        ]
      },
      "properties": {
        "id": 6853682677,
        "name": "Unknown",
        "operator": "Corporation Bank",
        "amenity": "atm"
      }
    },
    {
      "type": "Feature",
      "geometry": {
        "type": "Point",
        "coordinates": [
          77.1639127,
          28.5584986
        ]
      },
      "properties": {
        "id": 6853682679,
        "name": "Axis Bank",
        "operator": "Unknown Bank",
        "amenity": "bank"
      }
    },
    {
      "type": "Feature",
      "geometry": {
        "type": "Point",
        "coordinates": [
          77.1638207,
          28.5571532
        ]
      },
      "properties": {
        "id": 6853682683,
        "name": "Corporation Bank",
        "operator": "Unknown Bank",
        "amenity": "bank"
      }
    },
    {
      "type": "Feature",
      "geometry": {
        "type": "Point",
        "coordinates": [
          77.1638296,
          28.5590843
        ]
      },
      "properties": {
        "id": 6853697485,
        "name": "RBL Bank",
        "operator": "Unknown Bank",
        "amenity": "bank"
      }
    },
    {
      "type": "Feature",
      "geometry": {
        "type": "Point",
        "coordinates": [
          77.1638031,
          28.5571831
        ]
      },
      "properties": {
        "id": 6853697488,
        "name": "ICICI Bank",
        "operator": "Unknown Bank",
        "amenity": "bank"
      }
    },
    {
      "type": "Feature",
      "geometry": {
        "type": "Point",
        "coordinates": [
          77.1639353,
          28.5583642
        ]
      },
      "properties": {
        "id": 6853697490,
        "name": "Canara Bank",
        "operator": "Unknown Bank",
        "amenity": "bank"
      }
    },
    {
      "type": "Feature",
      "geometry": {
        "type": "Point",
        "coordinates": [
          77.1640171,
          28.5581734
        ]
      },
      "properties": {
        "id": 6853697495,
        "name": "State Bank of India",
        "operator": "Unknown Bank",
        "amenity": "bank"
      }
    },
    {
      "type": "Feature",
      "geometry": {
        "type": "Point",
        "coordinates": [
          77.2690872,
          28.5371597
        ]
      },
      "properties": {
        "id": 6866376668,
        "name": "Bank of Baroda",
        "operator": "Unknown Bank",
        "amenity": "bank"
      }
    },
    {
      "type": "Feature",
      "geometry": {
        "type": "Point",
        "coordinates": [
          77.254282,
          28.5479695
        ]
      },
      "properties": {
        "id": 6881897396,
        "name": "Unknown",
        "operator": "IDFC First Bank",
        "amenity": "atm"
      }
    },
    {
      "type": "Feature",
      "geometry": {
        "type": "Point",
        "coordinates": [
          77.2539139,
          28.5478478
        ]
      },
      "properties": {
        "id": 6881897407,
        "name": "Unknown",
        "operator": "Unknown Bank",
        "amenity": "bank"
      }
    },
    {
      "type": "Feature",
      "geometry": {
        "type": "Point",
        "coordinates": [
          77.2541397,
          28.5479254
        ]
      },
      "properties": {
        "id": 6881897423,
        "name": "Federal Bank",
        "operator": "Unknown Bank",
        "amenity": "bank"
      }
    },
    {
      "type": "Feature",
      "geometry": {
        "type": "Point",
        "coordinates": [
          77.2542575,
          28.5479637
        ]
      },
      "properties": {
        "id": 6881897431,
        "name": "IDFC First Bank",
        "operator": "Unknown Bank",
        "amenity": "bank"
      }
    },
    {
      "type": "Feature",
      "geometry": {
        "type": "Point",
        "coordinates": [
          77.2079849,
          28.5578263
        ]
      },
      "properties": {
        "id": 6893456501,
        "name": "Kotak Mahindra Bank",
        "operator": "Unknown Bank",
        "amenity": "bank"
      }
    },
    {
      "type": "Feature",
      "geometry": {
        "type": "Point",
        "coordinates": [
          77.2081652,
          28.5577887
        ]
      },
      "properties": {
        "id": 6893456503,
        "name": "IndusInd Bank",
        "operator": "Unknown Bank",
        "amenity": "bank"
      }
    },
    {
      "type": "Feature",
      "geometry": {
        "type": "Point",
        "coordinates": [
          77.2138565,
          28.5600089
        ]
      },
      "properties": {
        "id": 6893456504,
        "name": "Unknown",
        "operator": "IndusInd Bank",
        "amenity": "atm"
      }
    },
    {
      "type": "Feature",
      "geometry": {
        "type": "Point",
        "coordinates": [
          77.2087851,
          28.5576972
        ]
      },
      "properties": {
        "id": 6893456508,
        "name": "Canara Bank",
        "operator": "Unknown Bank",
        "amenity": "bank"
      }
    },
    {
      "type": "Feature",
      "geometry": {
        "type": "Point",
        "coordinates": [
          77.2086898,
          28.5577126
        ]
      },
      "properties": {
        "id": 6893456509,
        "name": "Punjab National Bank",
        "operator": "Unknown Bank",
        "amenity": "bank"
      }
    },
    {
      "type": "Feature",
      "geometry": {
        "type": "Point",
        "coordinates": [
          77.2077905,
          28.5578612
        ]
      },
      "properties": {
        "id": 6893456512,
        "name": "Axis Bank",
        "operator": "Unknown Bank",
        "amenity": "bank"
      }
    },
    {
      "type": "Feature",
      "geometry": {
        "type": "Point",
        "coordinates": [
          77.2492853,
          28.5394457
        ]
      },
      "properties": {
        "id": 6900471304,
        "name": "Canara Bank",
        "operator": "Unknown Bank",
        "amenity": "bank"
      }
    },
    {
      "type": "Feature",
      "geometry": {
        "type": "Point",
        "coordinates": [
          77.0416737,
          28.4154589
        ]
      },
      "properties": {
        "id": 6901787017,
        "name": "ICICI Bank",
        "operator": "Unknown Bank",
        "amenity": "bank"
      }
    },
    {
      "type": "Feature",
      "geometry": {
        "type": "Point",
        "coordinates": [
          77.2587656,
          28.52616
        ]
      },
      "properties": {
        "id": 6901793094,
        "name": "Unknown",
        "operator": "Punjab National Bank",
        "amenity": "atm"
      }
    },
    {
      "type": "Feature",
      "geometry": {
        "type": "Point",
        "coordinates": [
          77.2217923,
          28.5800535
        ]
      },
      "properties": {
        "id": 6918479550,
        "name": "Unknown",
        "operator": "Bank of India",
        "amenity": "atm"
      }
    },
    {
      "type": "Feature",
      "geometry": {
        "type": "Point",
        "coordinates": [
          77.1541664,
          28.6919943
        ]
      },
      "properties": {
        "id": 6930119562,
        "name": "Unknown",
        "operator": "Unknown Bank",
        "amenity": "bank"
      }
    },
    {
      "type": "Feature",
      "geometry": {
        "type": "Point",
        "coordinates": [
          77.2442998,
          28.540524
        ]
      },
      "properties": {
        "id": 6937761930,
        "name": "State Bank of India",
        "operator": "Unknown Bank",
        "amenity": "bank"
      }
    },
    {
      "type": "Feature",
      "geometry": {
        "type": "Point",
        "coordinates": [
          77.1849513,
          28.6037908
        ]
      },
      "properties": {
        "id": 6957675650,
        "name": "Punjab National Bank",
        "operator": "Punjab National Bank",
        "amenity": "atm"
      }
    },
    {
      "type": "Feature",
      "geometry": {
        "type": "Point",
        "coordinates": [
          77.1868853,
          28.6015923
        ]
      },
      "properties": {
        "id": 6957678137,
        "name": "Canara Bank",
        "operator": "Unknown Bank",
        "amenity": "bank"
      }
    },
    {
      "type": "Feature",
      "geometry": {
        "type": "Point",
        "coordinates": [
          77.1860978,
          28.6016723
        ]
      },
      "properties": {
        "id": 6957678148,
        "name": "Yes Bank",
        "operator": "Unknown Bank",
        "amenity": "bank"
      }
    },
    {
      "type": "Feature",
      "geometry": {
        "type": "Point",
        "coordinates": [
          77.1528479,
          28.5320219
        ]
      },
      "properties": {
        "id": 6961335187,
        "name": "Unknown",
        "operator": "Unknown Bank",
        "amenity": "bank"
      }
    },
    {
      "type": "Feature",
      "geometry": {
        "type": "Point",
        "coordinates": [
          77.2482783,
          28.5416245
        ]
      },
      "properties": {
        "id": 6966575644,
        "name": "Unknown",
        "operator": "Unknown Bank",
        "amenity": "bank"
      }
    },
    {
      "type": "Feature",
      "geometry": {
        "type": "Point",
        "coordinates": [
          77.2511816,
          28.5481604
        ]
      },
      "properties": {
        "id": 7021408976,
        "name": "Indian Bank",
        "operator": "Unknown Bank",
        "amenity": "bank"
      }
    },
    {
      "type": "Feature",
      "geometry": {
        "type": "Point",
        "coordinates": [
          77.2693194,
          28.5333325
        ]
      },
      "properties": {
        "id": 7035457531,
        "name": "Unknown",
        "operator": "Unknown Bank",
        "amenity": "bank"
      }
    },
    {
      "type": "Feature",
      "geometry": {
        "type": "Point",
        "coordinates": [
          77.2693068,
          28.5335354
        ]
      },
      "properties": {
        "id": 7035457532,
        "name": "ICICI Bank",
        "operator": "Unknown Bank",
        "amenity": "bank"
      }
    },
    {
      "type": "Feature",
      "geometry": {
        "type": "Point",
        "coordinates": [
          77.2692579,
          28.5336926
        ]
      },
      "properties": {
        "id": 7035457535,
        "name": "IndusInd Bank",
        "operator": "Unknown Bank",
        "amenity": "bank"
      }
    },
    {
      "type": "Feature",
      "geometry": {
        "type": "Point",
        "coordinates": [
          77.269218,
          28.5337422
        ]
      },
      "properties": {
        "id": 7035457538,
        "name": "Yes Bank",
        "operator": "Unknown Bank",
        "amenity": "bank"
      }
    },
    {
      "type": "Feature",
      "geometry": {
        "type": "Point",
        "coordinates": [
          77.2531107,
          28.536636
        ]
      },
      "properties": {
        "id": 7040580431,
        "name": "Unknown",
        "operator": "State Bank of India",
        "amenity": "atm"
      }
    },
    {
      "type": "Feature",
      "geometry": {
        "type": "Point",
        "coordinates": [
          77.2486219,
          28.5413983
        ]
      },
      "properties": {
        "id": 7040580433,
        "name": "Unknown",
        "operator": "Unknown Bank",
        "amenity": "bank"
      }
    },
    {
      "type": "Feature",
      "geometry": {
        "type": "Point",
        "coordinates": [
          77.25317,
          28.5364176
        ]
      },
      "properties": {
        "id": 7040580434,
        "name": "Unknown",
        "operator": "Kotak Mahindra Bank",
        "amenity": "atm"
      }
    },
    {
      "type": "Feature",
      "geometry": {
        "type": "Point",
        "coordinates": [
          77.2531325,
          28.5365435
        ]
      },
      "properties": {
        "id": 7040580436,
        "name": "Unknown",
        "operator": "Citibank",
        "amenity": "atm"
      }
    },
    {
      "type": "Feature",
      "geometry": {
        "type": "Point",
        "coordinates": [
          77.2186893,
          28.6348608
        ]
      },
      "properties": {
        "id": 7043007385,
        "name": "Bank of India",
        "operator": "Bank of India",
        "amenity": "bank"
      }
    },
    {
      "type": "Feature",
      "geometry": {
        "type": "Point",
        "coordinates": [
          77.1650138,
          28.5142595
        ]
      },
      "properties": {
        "id": 7065868298,
        "name": "Unknown",
        "operator": "Unknown Bank",
        "amenity": "atm"
      }
    },
    {
      "type": "Feature",
      "geometry": {
        "type": "Point",
        "coordinates": [
          77.2415659,
          28.6302163
        ]
      },
      "properties": {
        "id": 7071977687,
        "name": "Syndicate Bank",
        "operator": "Unknown Bank",
        "amenity": "bank"
      }
    },
    {
      "type": "Feature",
      "geometry": {
        "type": "Point",
        "coordinates": [
          77.1967645,
          28.5004672
        ]
      },
      "properties": {
        "id": 7108600546,
        "name": "Unknown",
        "operator": "Unknown Bank",
        "amenity": "atm"
      }
    },
    {
      "type": "Feature",
      "geometry": {
        "type": "Point",
        "coordinates": [
          77.2144015,
          28.6412335
        ]
      },
      "properties": {
        "id": 7109534085,
        "name": "Western Union & Express Money",
        "operator": "Unknown Bank",
        "amenity": "bank"
      }
    },
    {
      "type": "Feature",
      "geometry": {
        "type": "Point",
        "coordinates": [
          77.2104626,
          28.6417766
        ]
      },
      "properties": {
        "id": 7130326685,
        "name": "Unknown",
        "operator": "Unknown Bank",
        "amenity": "atm"
      }
    },
    {
      "type": "Feature",
      "geometry": {
        "type": "Point",
        "coordinates": [
          77.2533151,
          28.5886236
        ]
      },
      "properties": {
        "id": 7130773810,
        "name": "Unknown",
        "operator": "State Bank of India",
        "amenity": "atm"
      }
    },
    {
      "type": "Feature",
      "geometry": {
        "type": "Point",
        "coordinates": [
          77.2532496,
          28.5886171
        ]
      },
      "properties": {
        "id": 7130773811,
        "name": "Unknown",
        "operator": "Unknown Bank",
        "amenity": "atm"
      }
    },
    {
      "type": "Feature",
      "geometry": {
        "type": "Point",
        "coordinates": [
          77.0323667,
          28.465544
        ]
      },
      "properties": {
        "id": 7131288729,
        "name": "Unknown",
        "operator": "Unknown Bank",
        "amenity": "atm"
      }
    },
    {
      "type": "Feature",
      "geometry": {
        "type": "Point",
        "coordinates": [
          77.0336048,
          28.4650221
        ]
      },
      "properties": {
        "id": 7131328036,
        "name": "Unknown",
        "operator": "Unknown Bank",
        "amenity": "atm"
      }
    },
    {
      "type": "Feature",
      "geometry": {
        "type": "Point",
        "coordinates": [
          77.0605712,
          28.4755021
        ]
      },
      "properties": {
        "id": 7131331964,
        "name": "Canara Bank",
        "operator": "Unknown Bank",
        "amenity": "bank"
      }
    },
    {
      "type": "Feature",
      "geometry": {
        "type": "Point",
        "coordinates": [
          77.0336164,
          28.4648997
        ]
      },
      "properties": {
        "id": 7131357055,
        "name": "Unknown",
        "operator": "Unknown Bank",
        "amenity": "atm"
      }
    },
    {
      "type": "Feature",
      "geometry": {
        "type": "Point",
        "coordinates": [
          77.0629523,
          28.4765489
        ]
      },
      "properties": {
        "id": 7131374816,
        "name": "Unknown",
        "operator": "ICICI Bank",
        "amenity": "atm"
      }
    },
    {
      "type": "Feature",
      "geometry": {
        "type": "Point",
        "coordinates": [
          77.1752674,
          28.5069627
        ]
      },
      "properties": {
        "id": 7131446809,
        "name": "Unknown",
        "operator": "Unknown Bank",
        "amenity": "atm"
      }
    },
    {
      "type": "Feature",
      "geometry": {
        "type": "Point",
        "coordinates": [
          77.1966744,
          28.5005104
        ]
      },
      "properties": {
        "id": 7173886975,
        "name": "Unknown",
        "operator": "Unknown Bank",
        "amenity": "atm"
      }
    },
    {
      "type": "Feature",
      "geometry": {
        "type": "Point",
        "coordinates": [
          77.1967878,
          28.5004559
        ]
      },
      "properties": {
        "id": 7173886981,
        "name": "Unknown",
        "operator": "Unknown Bank",
        "amenity": "atm"
      }
    },
    {
      "type": "Feature",
      "geometry": {
        "type": "Point",
        "coordinates": [
          77.1966275,
          28.5004373
        ]
      },
      "properties": {
        "id": 7173886982,
        "name": "Unknown",
        "operator": "Unknown Bank",
        "amenity": "bank"
      }
    },
    {
      "type": "Feature",
      "geometry": {
        "type": "Point",
        "coordinates": [
          77.1986978,
          28.5044991
        ]
      },
      "properties": {
        "id": 7184365606,
        "name": "Unknown",
        "operator": "ICICI Bank",
        "amenity": "atm"
      }
    },
    {
      "type": "Feature",
      "geometry": {
        "type": "Point",
        "coordinates": [
          77.1769969,
          28.596518
        ]
      },
      "properties": {
        "id": 7205216485,
        "name": "State Bank of India",
        "operator": "Unknown Bank",
        "amenity": "bank"
      }
    },
    {
      "type": "Feature",
      "geometry": {
        "type": "Point",
        "coordinates": [
          77.2668323,
          28.5602474
        ]
      },
      "properties": {
        "id": 7227049753,
        "name": "State Bank of India",
        "operator": "Unknown Bank",
        "amenity": "bank"
      }
    },
    {
      "type": "Feature",
      "geometry": {
        "type": "Point",
        "coordinates": [
          77.2221975,
          28.6294081
        ]
      },
      "properties": {
        "id": 7263014446,
        "name": "HDFC Bank",
        "operator": "Unknown Bank",
        "amenity": "bank"
      }
    },
    {
      "type": "Feature",
      "geometry": {
        "type": "Point",
        "coordinates": [
          77.2010609,
          28.6103297
        ]
      },
      "properties": {
        "id": 7265860000,
        "name": "Unknown",
        "operator": "State Bank of India",
        "amenity": "atm"
      }
    },
    {
      "type": "Feature",
      "geometry": {
        "type": "Point",
        "coordinates": [
          77.2792239,
          28.6275686
        ]
      },
      "properties": {
        "id": 7280004309,
        "name": "ICICI Bank",
        "operator": "ICICI Bank",
        "amenity": "atm"
      }
    },
    {
      "type": "Feature",
      "geometry": {
        "type": "Point",
        "coordinates": [
          77.2791976,
          28.6275888
        ]
      },
      "properties": {
        "id": 7280004311,
        "name": "ICICI Bank",
        "operator": "Unknown Bank",
        "amenity": "bank"
      }
    },
    {
      "type": "Feature",
      "geometry": {
        "type": "Point",
        "coordinates": [
          77.2906558,
          28.6227245
        ]
      },
      "properties": {
        "id": 7334256812,
        "name": "Bank of Baroda",
        "operator": "Unknown Bank",
        "amenity": "bank"
      }
    },
    {
      "type": "Feature",
      "geometry": {
        "type": "Point",
        "coordinates": [
          77.2907898,
          28.6227828
        ]
      },
      "properties": {
        "id": 7334256831,
        "name": "Axis Bank",
        "operator": "Axis Bank",
        "amenity": "atm"
      }
    },
    {
      "type": "Feature",
      "geometry": {
        "type": "Point",
        "coordinates": [
          77.2906896,
          28.622736
        ]
      },
      "properties": {
        "id": 7334256836,
        "name": "Bank of Baroda",
        "operator": "Bank of Baroda",
        "amenity": "atm"
      }
    },
    {
      "type": "Feature",
      "geometry": {
        "type": "Point",
        "coordinates": [
          77.2161665,
          28.7134361
        ]
      },
      "properties": {
        "id": 7389778159,
        "name": "Axis Bank",
        "operator": "Unknown Bank",
        "amenity": "bank"
      }
    },
    {
      "type": "Feature",
      "geometry": {
        "type": "Point",
        "coordinates": [
          77.2161753,
          28.7134535
        ]
      },
      "properties": {
        "id": 7389785017,
        "name": "Axis Bank ATM",
        "operator": "Unknown Bank",
        "amenity": "atm"
      }
    },
    {
      "type": "Feature",
      "geometry": {
        "type": "Point",
        "coordinates": [
          77.267634,
          28.5373624
        ]
      },
      "properties": {
        "id": 7861437957,
        "name": "Canara Bank",
        "operator": "Unknown Bank",
        "amenity": "bank"
      }
    },
    {
      "type": "Feature",
      "geometry": {
        "type": "Point",
        "coordinates": [
          77.0960761,
          28.6790754
        ]
      },
      "properties": {
        "id": 8151219223,
        "name": "HDFC Bank",
        "operator": "Unknown Bank",
        "amenity": "bank"
      }
    },
    {
      "type": "Feature",
      "geometry": {
        "type": "Point",
        "coordinates": [
          77.159071,
          28.675894
        ]
      },
      "properties": {
        "id": 8151219239,
        "name": "Punjab National Bank",
        "operator": "Unknown Bank",
        "amenity": "bank"
      }
    },
    {
      "type": "Feature",
      "geometry": {
        "type": "Point",
        "coordinates": [
          77.1647662,
          28.6730994
        ]
      },
      "properties": {
        "id": 8151219254,
        "name": "State Bank of India",
        "operator": "Unknown Bank",
        "amenity": "bank"
      }
    },
    {
      "type": "Feature",
      "geometry": {
        "type": "Point",
        "coordinates": [
          77.1558613,
          28.6717457
        ]
      },
      "properties": {
        "id": 8151219260,
        "name": "Bank of Baroda",
        "operator": "Unknown Bank",
        "amenity": "bank"
      }
    },
    {
      "type": "Feature",
      "geometry": {
        "type": "Point",
        "coordinates": [
          77.1415821,
          28.6613296
        ]
      },
      "properties": {
        "id": 8151219297,
        "name": "HDFC Bank",
        "operator": "Unknown Bank",
        "amenity": "bank"
      }
    },
    {
      "type": "Feature",
      "geometry": {
        "type": "Point",
        "coordinates": [
          77.1421639,
          28.6607192
        ]
      },
      "properties": {
        "id": 8151219302,
        "name": "Bank of Baroda",
        "operator": "Unknown Bank",
        "amenity": "bank"
      }
    },
    {
      "type": "Feature",
      "geometry": {
        "type": "Point",
        "coordinates": [
          77.142548,
          28.657434
        ]
      },
      "properties": {
        "id": 8151219313,
        "name": "State Bank of India",
        "operator": "Unknown Bank",
        "amenity": "bank"
      }
    },
    {
      "type": "Feature",
      "geometry": {
        "type": "Point",
        "coordinates": [
          77.1402357,
          28.6549169
        ]
      },
      "properties": {
        "id": 8151219326,
        "name": "State Bank of India",
        "operator": "Unknown Bank",
        "amenity": "bank"
      }
    },
    {
      "type": "Feature",
      "geometry": {
        "type": "Point",
        "coordinates": [
          77.1361832,
          28.6538198
        ]
      },
      "properties": {
        "id": 8151219332,
        "name": "UCO Bank",
        "operator": "Unknown Bank",
        "amenity": "bank"
      }
    },
    {
      "type": "Feature",
      "geometry": {
        "type": "Point",
        "coordinates": [
          77.1407967,
          28.65228
        ]
      },
      "properties": {
        "id": 8151219340,
        "name": "HDFC Bank",
        "operator": "Unknown Bank",
        "amenity": "bank"
      }
    },
    {
      "type": "Feature",
      "geometry": {
        "type": "Point",
        "coordinates": [
          77.1426681,
          28.6504554
        ]
      },
      "properties": {
        "id": 8151219350,
        "name": "IDBI Bank",
        "operator": "Unknown Bank",
        "amenity": "bank"
      }
    },
    {
      "type": "Feature",
      "geometry": {
        "type": "Point",
        "coordinates": [
          77.1042884,
          28.6461972
        ]
      },
      "properties": {
        "id": 8151219377,
        "name": "Indian Bank",
        "operator": "Unknown Bank",
        "amenity": "bank"
      }
    },
    {
      "type": "Feature",
      "geometry": {
        "type": "Point",
        "coordinates": [
          77.1124475,
          28.6459403
        ]
      },
      "properties": {
        "id": 8151219381,
        "name": "Canara Bank",
        "operator": "Unknown Bank",
        "amenity": "bank"
      }
    },
    {
      "type": "Feature",
      "geometry": {
        "type": "Point",
        "coordinates": [
          77.1168861,
          28.6421326
        ]
      },
      "properties": {
        "id": 8151219420,
        "name": "Bank of Maharashtra",
        "operator": "Unknown Bank",
        "amenity": "bank"
      }
    },
    {
      "type": "Feature",
      "geometry": {
        "type": "Point",
        "coordinates": [
          77.1032769,
          28.6400865
        ]
      },
      "properties": {
        "id": 8151219448,
        "name": "Union Bank of India",
        "operator": "Unknown Bank",
        "amenity": "bank"
      }
    },
    {
      "type": "Feature",
      "geometry": {
        "type": "Point",
        "coordinates": [
          77.1167449,
          28.6399027
        ]
      },
      "properties": {
        "id": 8151219449,
        "name": "State Bank of India",
        "operator": "Unknown Bank",
        "amenity": "bank"
      }
    },
    {
      "type": "Feature",
      "geometry": {
        "type": "Point",
        "coordinates": [
          77.2197964,
          28.6244261
        ]
      },
      "properties": {
        "id": 8151219535,
        "name": "Chanderlok Building Bank Of India Govt Business Department",
        "operator": "Unknown Bank",
        "amenity": "bank"
      }
    },
    {
      "type": "Feature",
      "geometry": {
        "type": "Point",
        "coordinates": [
          77.2139025,
          28.6241327
        ]
      },
      "properties": {
        "id": 8151219537,
        "name": "Indian Overseas Bank",
        "operator": "Unknown Bank",
        "amenity": "bank"
      }
    },
    {
      "type": "Feature",
      "geometry": {
        "type": "Point",
        "coordinates": [
          77.0381498,
          28.6022885
        ]
      },
      "properties": {
        "id": 8151219615,
        "name": "Oriental Bank of Commerce",
        "operator": "Unknown Bank",
        "amenity": "bank"
      }
    },
    {
      "type": "Feature",
      "geometry": {
        "type": "Point",
        "coordinates": [
          77.0468452,
          28.6010151
        ]
      },
      "properties": {
        "id": 8151219618,
        "name": "HDFC Bank",
        "operator": "Unknown Bank",
        "amenity": "bank"
      }
    },
    {
      "type": "Feature",
      "geometry": {
        "type": "Point",
        "coordinates": [
          77.039786,
          28.596781
        ]
      },
      "properties": {
        "id": 8151219630,
        "name": "HDFC Bank",
        "operator": "Unknown Bank",
        "amenity": "bank"
      }
    },
    {
      "type": "Feature",
      "geometry": {
        "type": "Point",
        "coordinates": [
          77.112844,
          28.7094086
        ]
      },
      "properties": {
        "id": 8151219994,
        "name": "AU SMALL FINANCE BANK LIMITED",
        "operator": "Unknown Bank",
        "amenity": "bank"
      }
    },
    {
      "type": "Feature",
      "geometry": {
        "type": "Point",
        "coordinates": [
          77.2301541,
          28.6243135
        ]
      },
      "properties": {
        "id": 8475049880,
        "name": "UCO Bank",
        "operator": "Unknown Bank",
        "amenity": "bank"
      }
    },
    {
      "type": "Feature",
      "geometry": {
        "type": "Point",
        "coordinates": [
          77.0370442,
          28.6096158
        ]
      },
      "properties": {
        "id": 8812964999,
        "name": "State Bank of India",
        "operator": "Unknown Bank",
        "amenity": "bank"
      }
    },
    {
      "type": "Feature",
      "geometry": {
        "type": "Point",
        "coordinates": [
          77.1453328,
          28.4252805
        ]
      },
      "properties": {
        "id": 8900408957,
        "name": "Unknown",
        "operator": "Unknown Bank",
        "amenity": "bank"
      }
    },
    {
      "type": "Feature",
      "geometry": {
        "type": "Point",
        "coordinates": [
          77.2420944,
          28.5526305
        ]
      },
      "properties": {
        "id": 8943610674,
        "name": "Punjab National Bank",
        "operator": "Unknown Bank",
        "amenity": "bank"
      }
    },
    {
      "type": "Feature",
      "geometry": {
        "type": "Point",
        "coordinates": [
          77.0371165,
          28.6096323
        ]
      },
      "properties": {
        "id": 8958296015,
        "name": "Union Bank of India",
        "operator": "Unknown Bank",
        "amenity": "bank"
      }
    },
    {
      "type": "Feature",
      "geometry": {
        "type": "Point",
        "coordinates": [
          77.0336395,
          28.6130743
        ]
      },
      "properties": {
        "id": 8958296016,
        "name": "State Bank of India",
        "operator": "State Bank of India",
        "amenity": "atm"
      }
    },
    {
      "type": "Feature",
      "geometry": {
        "type": "Point",
        "coordinates": [
          77.2198655,
          28.6274298
        ]
      },
      "properties": {
        "id": 8982433114,
        "name": "Yes Bank",
        "operator": "Unknown Bank",
        "amenity": "bank"
      }
    },
    {
      "type": "Feature",
      "geometry": {
        "type": "Point",
        "coordinates": [
          77.2198897,
          28.6282217
        ]
      },
      "properties": {
        "id": 8982438640,
        "name": "Canara Bank",
        "operator": "Unknown Bank",
        "amenity": "bank"
      }
    },
    {
      "type": "Feature",
      "geometry": {
        "type": "Point",
        "coordinates": [
          77.1844173,
          28.6820625
        ]
      },
      "properties": {
        "id": 8985172813,
        "name": "HDFC Bank",
        "operator": "Unknown Bank",
        "amenity": "bank"
      }
    },
    {
      "type": "Feature",
      "geometry": {
        "type": "Point",
        "coordinates": [
          77.1762869,
          28.6912789
        ]
      },
      "properties": {
        "id": 8985457916,
        "name": "IDFC First Bank",
        "operator": "Unknown Bank",
        "amenity": "bank"
      }
    },
    {
      "type": "Feature",
      "geometry": {
        "type": "Point",
        "coordinates": [
          77.1761506,
          28.6913534
        ]
      },
      "properties": {
        "id": 8985481417,
        "name": "ICICI Bank",
        "operator": "Unknown Bank",
        "amenity": "bank"
      }
    },
    {
      "type": "Feature",
      "geometry": {
        "type": "Point",
        "coordinates": [
          77.1745933,
          28.6923966
        ]
      },
      "properties": {
        "id": 8985481419,
        "name": "IDBI Bank",
        "operator": "Unknown Bank",
        "amenity": "bank"
      }
    },
    {
      "type": "Feature",
      "geometry": {
        "type": "Point",
        "coordinates": [
          77.1743691,
          28.6926444
        ]
      },
      "properties": {
        "id": 8985481420,
        "name": "HDFC Bank",
        "operator": "HDFC Bank",
        "amenity": "atm"
      }
    },
    {
      "type": "Feature",
      "geometry": {
        "type": "Point",
        "coordinates": [
          77.1714974,
          28.6937863
        ]
      },
      "properties": {
        "id": 8985586587,
        "name": "Punjab National Bank",
        "operator": "Unknown Bank",
        "amenity": "bank"
      }
    },
    {
      "type": "Feature",
      "geometry": {
        "type": "Point",
        "coordinates": [
          77.1954975,
          28.6792447
        ]
      },
      "properties": {
        "id": 8987550832,
        "name": "State Bank of India",
        "operator": "Unknown Bank",
        "amenity": "bank"
      }
    },
    {
      "type": "Feature",
      "geometry": {
        "type": "Point",
        "coordinates": [
          77.1951278,
          28.6787581
        ]
      },
      "properties": {
        "id": 8987550833,
        "name": "HDFC Bank",
        "operator": "Unknown Bank",
        "amenity": "bank"
      }
    },
    {
      "type": "Feature",
      "geometry": {
        "type": "Point",
        "coordinates": [
          77.1972921,
          28.6810071
        ]
      },
      "properties": {
        "id": 8987572727,
        "name": "Allahabad Bank",
        "operator": "Unknown Bank",
        "amenity": "bank"
      }
    },
    {
      "type": "Feature",
      "geometry": {
        "type": "Point",
        "coordinates": [
          77.1986779,
          28.681665
        ]
      },
      "properties": {
        "id": 8987610242,
        "name": "IndusInd Bank",
        "operator": "Unknown Bank",
        "amenity": "bank"
      }
    },
    {
      "type": "Feature",
      "geometry": {
        "type": "Point",
        "coordinates": [
          77.2079158,
          28.6907944
        ]
      },
      "properties": {
        "id": 8989402354,
        "name": "State Bank of India",
        "operator": "Unknown Bank",
        "amenity": "bank"
      }
    },
    {
      "type": "Feature",
      "geometry": {
        "type": "Point",
        "coordinates": [
          77.2190751,
          28.6349683
        ]
      },
      "properties": {
        "id": 9038318509,
        "name": "Canara Bank",
        "operator": "Unknown Bank",
        "amenity": "bank"
      }
    },
    {
      "type": "Feature",
      "geometry": {
        "type": "Point",
        "coordinates": [
          77.0351862,
          28.6082668
        ]
      },
      "properties": {
        "id": 9052128313,
        "name": "Union Bank of India",
        "operator": "Union Bank of India",
        "amenity": "atm"
      }
    },
    {
      "type": "Feature",
      "geometry": {
        "type": "Point",
        "coordinates": [
          77.2407235,
          28.6430476
        ]
      },
      "properties": {
        "id": 9100607524,
        "name": "Canara Bank",
        "operator": "Unknown Bank",
        "amenity": "bank"
      }
    },
    {
      "type": "Feature",
      "geometry": {
        "type": "Point",
        "coordinates": [
          77.2862546,
          28.6188554
        ]
      },
      "properties": {
        "id": 9107426527,
        "name": "HDFC Bank",
        "operator": "Unknown Bank",
        "amenity": "bank"
      }
    },
    {
      "type": "Feature",
      "geometry": {
        "type": "Point",
        "coordinates": [
          76.9931883,
          28.6124674
        ]
      },
      "properties": {
        "id": 9135456666,
        "name": "State Bank of India",
        "operator": "State Bank of India",
        "amenity": "atm"
      }
    },
    {
      "type": "Feature",
      "geometry": {
        "type": "Point",
        "coordinates": [
          77.232378,
          28.6630786
        ]
      },
      "properties": {
        "id": 9162549280,
        "name": "Kotak Mahindra Bank",
        "operator": "Unknown Bank",
        "amenity": "bank"
      }
    },
    {
      "type": "Feature",
      "geometry": {
        "type": "Point",
        "coordinates": [
          77.2316323,
          28.6638459
        ]
      },
      "properties": {
        "id": 9162549281,
        "name": "Punjab & Sind Bank",
        "operator": "Unknown Bank",
        "amenity": "bank"
      }
    },
    {
      "type": "Feature",
      "geometry": {
        "type": "Point",
        "coordinates": [
          77.229571,
          28.6657534
        ]
      },
      "properties": {
        "id": 9162549288,
        "name": "Unknown",
        "operator": "Canara Bank",
        "amenity": "atm"
      }
    },
    {
      "type": "Feature",
      "geometry": {
        "type": "Point",
        "coordinates": [
          77.2295,
          28.6661005
        ]
      },
      "properties": {
        "id": 9162549289,
        "name": "Unknown",
        "operator": "HDFC Bank",
        "amenity": "atm"
      }
    },
    {
      "type": "Feature",
      "geometry": {
        "type": "Point",
        "coordinates": [
          77.2293156,
          28.6663635
        ]
      },
      "properties": {
        "id": 9162549297,
        "name": "Unknown",
        "operator": "Yes Bank",
        "amenity": "atm"
      }
    },
    {
      "type": "Feature",
      "geometry": {
        "type": "Point",
        "coordinates": [
          77.189361,
          28.4947338
        ]
      },
      "properties": {
        "id": 9167498261,
        "name": "State Bank of India",
        "operator": "State Bank of India",
        "amenity": "atm"
      }
    },
    {
      "type": "Feature",
      "geometry": {
        "type": "Point",
        "coordinates": [
          77.213853,
          28.6258863
        ]
      },
      "properties": {
        "id": 9182111845,
        "name": "Unknown",
        "operator": "State Bank of India",
        "amenity": "atm"
      }
    },
    {
      "type": "Feature",
      "geometry": {
        "type": "Point",
        "coordinates": [
          77.2406365,
          28.6441723
        ]
      },
      "properties": {
        "id": 9193222432,
        "name": "Kotak Mahindra Bank",
        "operator": "Unknown Bank",
        "amenity": "bank"
      }
    },
    {
      "type": "Feature",
      "geometry": {
        "type": "Point",
        "coordinates": [
          77.2402261,
          28.6442912
        ]
      },
      "properties": {
        "id": 9193222433,
        "name": "Unknown",
        "operator": "Kotak Mahindra Bank",
        "amenity": "atm"
      }
    },
    {
      "type": "Feature",
      "geometry": {
        "type": "Point",
        "coordinates": [
          77.2406057,
          28.6444383
        ]
      },
      "properties": {
        "id": 9193222434,
        "name": "Axis Bank",
        "operator": "Unknown Bank",
        "amenity": "bank"
      }
    },
    {
      "type": "Feature",
      "geometry": {
        "type": "Point",
        "coordinates": [
          77.2405293,
          28.6459957
        ]
      },
      "properties": {
        "id": 9193222456,
        "name": "Punjab National Bank",
        "operator": "Unknown Bank",
        "amenity": "bank"
      }
    },
    {
      "type": "Feature",
      "geometry": {
        "type": "Point",
        "coordinates": [
          77.2403279,
          28.6481177
        ]
      },
      "properties": {
        "id": 9193222457,
        "name": "Unknown",
        "operator": "IDFC First Bank",
        "amenity": "atm"
      }
    },
    {
      "type": "Feature",
      "geometry": {
        "type": "Point",
        "coordinates": [
          77.1624115,
          28.7117643
        ]
      },
      "properties": {
        "id": 9195063876,
        "name": "Unknown",
        "operator": "Axis Bank Limited",
        "amenity": "atm"
      }
    },
    {
      "type": "Feature",
      "geometry": {
        "type": "Point",
        "coordinates": [
          77.219416,
          28.6348369
        ]
      },
      "properties": {
        "id": 9202231252,
        "name": "Canara Bank",
        "operator": "Canara Bank",
        "amenity": "atm"
      }
    },
    {
      "type": "Feature",
      "geometry": {
        "type": "Point",
        "coordinates": [
          77.2194004,
          28.6348361
        ]
      },
      "properties": {
        "id": 9202231254,
        "name": "Canara Bank",
        "operator": "Unknown Bank",
        "amenity": "bank"
      }
    },
    {
      "type": "Feature",
      "geometry": {
        "type": "Point",
        "coordinates": [
          77.2808477,
          28.6324371
        ]
      },
      "properties": {
        "id": 9209577751,
        "name": "ICICI Bank",
        "operator": "ICICI Bank",
        "amenity": "atm"
      }
    },
    {
      "type": "Feature",
      "geometry": {
        "type": "Point",
        "coordinates": [
          77.280814,
          28.6324098
        ]
      },
      "properties": {
        "id": 9209577752,
        "name": "ICICI Bank",
        "operator": "Unknown Bank",
        "amenity": "bank"
      }
    },
    {
      "type": "Feature",
      "geometry": {
        "type": "Point",
        "coordinates": [
          77.2230605,
          28.6315961
        ]
      },
      "properties": {
        "id": 9212682332,
        "name": "ICICI Bank",
        "operator": "ICICI Bank",
        "amenity": "atm"
      }
    },
    {
      "type": "Feature",
      "geometry": {
        "type": "Point",
        "coordinates": [
          77.2230707,
          28.6316309
        ]
      },
      "properties": {
        "id": 9212682333,
        "name": "ICICI Bank",
        "operator": "Unknown Bank",
        "amenity": "bank"
      }
    },
    {
      "type": "Feature",
      "geometry": {
        "type": "Point",
        "coordinates": [
          77.225828,
          28.6286587
        ]
      },
      "properties": {
        "id": 9214974875,
        "name": "Unknown",
        "operator": "Unknown Bank",
        "amenity": "bank"
      }
    },
    {
      "type": "Feature",
      "geometry": {
        "type": "Point",
        "coordinates": [
          77.2989383,
          28.6232401
        ]
      },
      "properties": {
        "id": 9221656012,
        "name": "State Bank of India",
        "operator": "Unknown Bank",
        "amenity": "bank"
      }
    },
    {
      "type": "Feature",
      "geometry": {
        "type": "Point",
        "coordinates": [
          77.2454216,
          28.6282773
        ]
      },
      "properties": {
        "id": 9221656013,
        "name": "Unknown",
        "operator": "State Bank of India",
        "amenity": "atm"
      }
    },
    {
      "type": "Feature",
      "geometry": {
        "type": "Point",
        "coordinates": [
          77.220236,
          28.629755
        ]
      },
      "properties": {
        "id": 9234669613,
        "name": "Punjab & Sind Bank",
        "operator": "Unknown Bank",
        "amenity": "bank"
      }
    },
    {
      "type": "Feature",
      "geometry": {
        "type": "Point",
        "coordinates": [
          77.2220792,
          28.6303447
        ]
      },
      "properties": {
        "id": 9234681886,
        "name": "Punjab National Bank",
        "operator": "Unknown Bank",
        "amenity": "bank"
      }
    },
    {
      "type": "Feature",
      "geometry": {
        "type": "Point",
        "coordinates": [
          77.2946776,
          28.6406013
        ]
      },
      "properties": {
        "id": 9238944574,
        "name": "ICICI Bank",
        "operator": "Unknown Bank",
        "amenity": "bank"
      }
    },
    {
      "type": "Feature",
      "geometry": {
        "type": "Point",
        "coordinates": [
          77.0469548,
          28.4783191
        ]
      },
      "properties": {
        "id": 9244806450,
        "name": "Catholic Syrian Bank",
        "operator": "Unknown Bank",
        "amenity": "bank"
      }
    },
    {
      "type": "Feature",
      "geometry": {
        "type": "Point",
        "coordinates": [
          77.0468748,
          28.4782422
        ]
      },
      "properties": {
        "id": 9244849729,
        "name": "Karur Vysay Bank",
        "operator": "Unknown Bank",
        "amenity": "bank"
      }
    },
    {
      "type": "Feature",
      "geometry": {
        "type": "Point",
        "coordinates": [
          77.0319119,
          28.6187285
        ]
      },
      "properties": {
        "id": 9277414514,
        "name": "Kotak Mahindra Bank",
        "operator": "Kotak Mahindra Bank",
        "amenity": "atm"
      }
    },
    {
      "type": "Feature",
      "geometry": {
        "type": "Point",
        "coordinates": [
          77.0319113,
          28.6186791
        ]
      },
      "properties": {
        "id": 9277414515,
        "name": "Punjab National Bank",
        "operator": "Punjab National Bank",
        "amenity": "atm"
      }
    },
    {
      "type": "Feature",
      "geometry": {
        "type": "Point",
        "coordinates": [
          77.2955198,
          28.6413679
        ]
      },
      "properties": {
        "id": 9279862912,
        "name": "Punjab National Bank",
        "operator": "Unknown Bank",
        "amenity": "bank"
      }
    },
    {
      "type": "Feature",
      "geometry": {
        "type": "Point",
        "coordinates": [
          77.1992856,
          28.560481
        ]
      },
      "properties": {
        "id": 9480755538,
        "name": "Unknown",
        "operator": "HDFC Bank",
        "amenity": "atm"
      }
    },
    {
      "type": "Feature",
      "geometry": {
        "type": "Point",
        "coordinates": [
          77.1997409,
          28.5603538
        ]
      },
      "properties": {
        "id": 9480755543,
        "name": "Unknown",
        "operator": "Axis Bank",
        "amenity": "atm"
      }
    },
    {
      "type": "Feature",
      "geometry": {
        "type": "Point",
        "coordinates": [
          77.2846683,
          28.6214552
        ]
      },
      "properties": {
        "id": 9490009783,
        "name": "Axis Bank",
        "operator": "Axis Bank",
        "amenity": "atm"
      }
    },
    {
      "type": "Feature",
      "geometry": {
        "type": "Point",
        "coordinates": [
          77.2844608,
          28.6232918
        ]
      },
      "properties": {
        "id": 9490009785,
        "name": "HDFC Bank",
        "operator": "HDFC Bank",
        "amenity": "atm"
      }
    },
    {
      "type": "Feature",
      "geometry": {
        "type": "Point",
        "coordinates": [
          77.2410015,
          28.5538041
        ]
      },
      "properties": {
        "id": 9502048348,
        "name": "ICICI Bank",
        "operator": "Unknown Bank",
        "amenity": "bank"
      }
    },
    {
      "type": "Feature",
      "geometry": {
        "type": "Point",
        "coordinates": [
          77.2342549,
          28.5510542
        ]
      },
      "properties": {
        "id": 9523918034,
        "name": "Yes Bank",
        "operator": "Unknown Bank",
        "amenity": "bank"
      }
    },
    {
      "type": "Feature",
      "geometry": {
        "type": "Point",
        "coordinates": [
          77.2343004,
          28.5510142
        ]
      },
      "properties": {
        "id": 9523918035,
        "name": "Central Bank of India",
        "operator": "Central Bank of India",
        "amenity": "atm"
      }
    },
    {
      "type": "Feature",
      "geometry": {
        "type": "Point",
        "coordinates": [
          77.1821813,
          28.5210139
        ]
      },
      "properties": {
        "id": 9536775924,
        "name": "Unknown",
        "operator": "India Post Payments Bank",
        "amenity": "atm"
      }
    },
    {
      "type": "Feature",
      "geometry": {
        "type": "Point",
        "coordinates": [
          77.1819611,
          28.522186
        ]
      },
      "properties": {
        "id": 9536865082,
        "name": "Unknown",
        "operator": "Canara Bank",
        "amenity": "atm"
      }
    },
    {
      "type": "Feature",
      "geometry": {
        "type": "Point",
        "coordinates": [
          77.172389,
          28.6434108
        ]
      },
      "properties": {
        "id": 9542979272,
        "name": "Federal Bank",
        "operator": "Unknown Bank",
        "amenity": "bank"
      }
    },
    {
      "type": "Feature",
      "geometry": {
        "type": "Point",
        "coordinates": [
          77.1705075,
          28.6445925
        ]
      },
      "properties": {
        "id": 9542979273,
        "name": "State Bank of India",
        "operator": "Unknown Bank",
        "amenity": "bank"
      }
    },
    {
      "type": "Feature",
      "geometry": {
        "type": "Point",
        "coordinates": [
          77.1613826,
          28.6499522
        ]
      },
      "properties": {
        "id": 9542979283,
        "name": "Punjab National Bank",
        "operator": "Unknown Bank",
        "amenity": "bank"
      }
    },
    {
      "type": "Feature",
      "geometry": {
        "type": "Point",
        "coordinates": [
          77.1562904,
          28.6531263
        ]
      },
      "properties": {
        "id": 9542979285,
        "name": "Canara Bank",
        "operator": "Unknown Bank",
        "amenity": "bank"
      }
    },
    {
      "type": "Feature",
      "geometry": {
        "type": "Point",
        "coordinates": [
          77.1561147,
          28.653231
        ]
      },
      "properties": {
        "id": 9542979286,
        "name": "Unknown",
        "operator": "Canara Bank",
        "amenity": "atm"
      }
    },
    {
      "type": "Feature",
      "geometry": {
        "type": "Point",
        "coordinates": [
          77.1382405,
          28.6842429
        ]
      },
      "properties": {
        "id": 9542982729,
        "name": "Unknown",
        "operator": "Unknown Bank",
        "amenity": "bank"
      }
    },
    {
      "type": "Feature",
      "geometry": {
        "type": "Point",
        "coordinates": [
          77.1357568,
          28.6836946
        ]
      },
      "properties": {
        "id": 9542982730,
        "name": "Unknown",
        "operator": "Unknown Bank",
        "amenity": "bank"
      }
    },
    {
      "type": "Feature",
      "geometry": {
        "type": "Point",
        "coordinates": [
          77.1291894,
          28.6840234
        ]
      },
      "properties": {
        "id": 9542982731,
        "name": "Unknown",
        "operator": "Unknown Bank",
        "amenity": "bank"
      }
    },
    {
      "type": "Feature",
      "geometry": {
        "type": "Point",
        "coordinates": [
          77.2938575,
          28.6078316
        ]
      },
      "properties": {
        "id": 9554215737,
        "name": "Unknown",
        "operator": "Unknown Bank",
        "amenity": "bank"
      }
    },
    {
      "type": "Feature",
      "geometry": {
        "type": "Point",
        "coordinates": [
          77.2939062,
          28.6078171
        ]
      },
      "properties": {
        "id": 9554215739,
        "name": "Unknown",
        "operator": "Unknown Bank",
        "amenity": "bank"
      }
    },
    {
      "type": "Feature",
      "geometry": {
        "type": "Point",
        "coordinates": [
          77.2907832,
          28.6249123
        ]
      },
      "properties": {
        "id": 9583197957,
        "name": "ICICI Bank",
        "operator": "ICICI Bank",
        "amenity": "atm"
      }
    },
    {
      "type": "Feature",
      "geometry": {
        "type": "Point",
        "coordinates": [
          77.2945533,
          28.6239377
        ]
      },
      "properties": {
        "id": 9625357265,
        "name": "HDFC Bank",
        "operator": "HDFC Bank",
        "amenity": "atm"
      }
    },
    {
      "type": "Feature",
      "geometry": {
        "type": "Point",
        "coordinates": [
          77.2945478,
          28.6239613
        ]
      },
      "properties": {
        "id": 9625357267,
        "name": "AU Small Finance Bank",
        "operator": "AU Small Finance Bank",
        "amenity": "atm"
      }
    },
    {
      "type": "Feature",
      "geometry": {
        "type": "Point",
        "coordinates": [
          77.2854735,
          28.6360865
        ]
      },
      "properties": {
        "id": 9642504291,
        "name": "Unknown",
        "operator": "Unknown Bank",
        "amenity": "atm"
      }
    },
    {
      "type": "Feature",
      "geometry": {
        "type": "Point",
        "coordinates": [
          77.2913545,
          28.6392734
        ]
      },
      "properties": {
        "id": 9642564960,
        "name": "HDFC Bank",
        "operator": "Unknown Bank",
        "amenity": "bank"
      }
    },
    {
      "type": "Feature",
      "geometry": {
        "type": "Point",
        "coordinates": [
          77.2956256,
          28.6421395
        ]
      },
      "properties": {
        "id": 9642584297,
        "name": "AU Small Finance Bank",
        "operator": "Unknown Bank",
        "amenity": "bank"
      }
    },
    {
      "type": "Feature",
      "geometry": {
        "type": "Point",
        "coordinates": [
          77.2921919,
          28.6533199
        ]
      },
      "properties": {
        "id": 9648212729,
        "name": "Unknown",
        "operator": "Unknown Bank",
        "amenity": "bank"
      }
    },
    {
      "type": "Feature",
      "geometry": {
        "type": "Point",
        "coordinates": [
          77.2861717,
          28.6626203
        ]
      },
      "properties": {
        "id": 9648212745,
        "name": "Unknown",
        "operator": "Unknown Bank",
        "amenity": "atm"
      }
    },
    {
      "type": "Feature",
      "geometry": {
        "type": "Point",
        "coordinates": [
          77.2861891,
          28.6626032
        ]
      },
      "properties": {
        "id": 9648212746,
        "name": "Unknown",
        "operator": "Unknown Bank",
        "amenity": "bank"
      }
    },
    {
      "type": "Feature",
      "geometry": {
        "type": "Point",
        "coordinates": [
          77.2838549,
          28.6656822
        ]
      },
      "properties": {
        "id": 9648212751,
        "name": "Unknown",
        "operator": "Unknown Bank",
        "amenity": "bank"
      }
    },
    {
      "type": "Feature",
      "geometry": {
        "type": "Point",
        "coordinates": [
          77.2945394,
          28.6240924
        ]
      },
      "properties": {
        "id": 9673167147,
        "name": "ICICI Bank",
        "operator": "ICICI Bank",
        "amenity": "atm"
      }
    },
    {
      "type": "Feature",
      "geometry": {
        "type": "Point",
        "coordinates": [
          77.2946083,
          28.623999
        ]
      },
      "properties": {
        "id": 9673167148,
        "name": "Axis Bank",
        "operator": "Axis Bank",
        "amenity": "atm"
      }
    },
    {
      "type": "Feature",
      "geometry": {
        "type": "Point",
        "coordinates": [
          77.2410377,
          28.556621
        ]
      },
      "properties": {
        "id": 9781142532,
        "name": "Unknown",
        "operator": "Unknown Bank",
        "amenity": "atm"
      }
    },
    {
      "type": "Feature",
      "geometry": {
        "type": "Point",
        "coordinates": [
          77.2410109,
          28.5566426
        ]
      },
      "properties": {
        "id": 9781142533,
        "name": "Unknown",
        "operator": "Unknown Bank",
        "amenity": "bank"
      }
    },
    {
      "type": "Feature",
      "geometry": {
        "type": "Point",
        "coordinates": [
          77.0261506,
          28.5122658
        ]
      },
      "properties": {
        "id": 9871055743,
        "name": "HDFC Bank",
        "operator": "HDFC Bank",
        "amenity": "atm"
      }
    },
    {
      "type": "Feature",
      "geometry": {
        "type": "Point",
        "coordinates": [
          77.0869019,
          28.472767
        ]
      },
      "properties": {
        "id": 9879040022,
        "name": "Axis Bank",
        "operator": "Axis Bank",
        "amenity": "atm"
      }
    },
    {
      "type": "Feature",
      "geometry": {
        "type": "Point",
        "coordinates": [
          77.0893604,
          28.4724757
        ]
      },
      "properties": {
        "id": 9879136273,
        "name": "Axis Bank",
        "operator": "Axis Bank",
        "amenity": "atm"
      }
    },
    {
      "type": "Feature",
      "geometry": {
        "type": "Point",
        "coordinates": [
          77.224811,
          28.6564863
        ]
      },
      "properties": {
        "id": 9941147019,
        "name": "Union bank of India",
        "operator": "Unknown Bank",
        "amenity": "bank"
      }
    },
    {
      "type": "Feature",
      "geometry": {
        "type": "Point",
        "coordinates": [
          77.2251484,
          28.6568518
        ]
      },
      "properties": {
        "id": 9941161319,
        "name": "Punjab National Bank",
        "operator": "Unknown Bank",
        "amenity": "bank"
      }
    },
    {
      "type": "Feature",
      "geometry": {
        "type": "Point",
        "coordinates": [
          77.2236461,
          28.6568022
        ]
      },
      "properties": {
        "id": 9941162817,
        "name": "Axis Bank",
        "operator": "Unknown Bank",
        "amenity": "bank"
      }
    },
    {
      "type": "Feature",
      "geometry": {
        "type": "Point",
        "coordinates": [
          77.0337642,
          28.4685492
        ]
      },
      "properties": {
        "id": 9948372686,
        "name": "Unknown",
        "operator": "ICICI Bank",
        "amenity": "atm"
      }
    },
    {
      "type": "Feature",
      "geometry": {
        "type": "Point",
        "coordinates": [
          77.1928031,
          28.5436893
        ]
      },
      "properties": {
        "id": 9970337708,
        "name": "State Bank of India",
        "operator": "State Bank of India",
        "amenity": "atm"
      }
    },
    {
      "type": "Feature",
      "geometry": {
        "type": "Point",
        "coordinates": [
          77.1928191,
          28.5436795
        ]
      },
      "properties": {
        "id": 9970337709,
        "name": "State Bank of India",
        "operator": "State Bank of India",
        "amenity": "atm"
      }
    },
    {
      "type": "Feature",
      "geometry": {
        "type": "Point",
        "coordinates": [
          77.1932401,
          28.543858
        ]
      },
      "properties": {
        "id": 9970337710,
        "name": "State Bank of India",
        "operator": "State Bank of India",
        "amenity": "atm"
      }
    },
    {
      "type": "Feature",
      "geometry": {
        "type": "Point",
        "coordinates": [
          77.2190508,
          28.5896726
        ]
      },
      "properties": {
        "id": 10013071188,
        "name": "India Post Payments Bank",
        "operator": "India Post Payments Bank",
        "amenity": "atm"
      }
    },
    {
      "type": "Feature",
      "geometry": {
        "type": "Point",
        "coordinates": [
          77.1990022,
          28.5427605
        ]
      },
      "properties": {
        "id": 10049664265,
        "name": "Unknown",
        "operator": "Unknown Bank",
        "amenity": "atm"
      }
    },
    {
      "type": "Feature",
      "geometry": {
        "type": "Point",
        "coordinates": [
          77.1964782,
          28.5591389
        ]
      },
      "properties": {
        "id": 10103308925,
        "name": "State Bank of India",
        "operator": "State Bank of India",
        "amenity": "atm"
      }
    },
    {
      "type": "Feature",
      "geometry": {
        "type": "Point",
        "coordinates": [
          77.1964598,
          28.5591406
        ]
      },
      "properties": {
        "id": 10103313017,
        "name": "Unknown",
        "operator": "State Bank of India",
        "amenity": "atm"
      }
    },
    {
      "type": "Feature",
      "geometry": {
        "type": "Point",
        "coordinates": [
          77.2326048,
          28.5661983
        ]
      },
      "properties": {
        "id": 10149207078,
        "name": "Bank of Baroda",
        "operator": "Unknown Bank",
        "amenity": "bank"
      }
    },
    {
      "type": "Feature",
      "geometry": {
        "type": "Point",
        "coordinates": [
          77.2327798,
          28.5661926
        ]
      },
      "properties": {
        "id": 10149207079,
        "name": "Unknown",
        "operator": "UCO Bank",
        "amenity": "atm"
      }
    },
    {
      "type": "Feature",
      "geometry": {
        "type": "Point",
        "coordinates": [
          77.2325673,
          28.5662008
        ]
      },
      "properties": {
        "id": 10149207080,
        "name": "Unknown",
        "operator": "Bank of Baroda",
        "amenity": "atm"
      }
    },
    {
      "type": "Feature",
      "geometry": {
        "type": "Point",
        "coordinates": [
          77.2327215,
          28.5661974
        ]
      },
      "properties": {
        "id": 10149207082,
        "name": "UCO Bank",
        "operator": "Unknown Bank",
        "amenity": "bank"
      }
    },
    {
      "type": "Feature",
      "geometry": {
        "type": "Point",
        "coordinates": [
          77.2324505,
          28.5662111
        ]
      },
      "properties": {
        "id": 10149213450,
        "name": "Canara Bank",
        "operator": "Unknown Bank",
        "amenity": "bank"
      }
    },
    {
      "type": "Feature",
      "geometry": {
        "type": "Point",
        "coordinates": [
          77.2339315,
          28.5669858
        ]
      },
      "properties": {
        "id": 10149247223,
        "name": "Unknown",
        "operator": "Canara Bank",
        "amenity": "atm"
      }
    },
    {
      "type": "Feature",
      "geometry": {
        "type": "Point",
        "coordinates": [
          77.2941735,
          28.5425781
        ]
      },
      "properties": {
        "id": 10172949289,
        "name": "HDFC Bank",
        "operator": "Unknown Bank",
        "amenity": "bank"
      }
    },
    {
      "type": "Feature",
      "geometry": {
        "type": "Point",
        "coordinates": [
          77.1980381,
          28.6313034
        ]
      },
      "properties": {
        "id": 10230373027,
        "name": "Bank of India",
        "operator": "Unknown Bank",
        "amenity": "bank"
      }
    },
    {
      "type": "Feature",
      "geometry": {
        "type": "Point",
        "coordinates": [
          77.1962165,
          28.5590045
        ]
      },
      "properties": {
        "id": 10231089497,
        "name": "Axis Bank",
        "operator": "Unknown Bank",
        "amenity": "bank"
      }
    },
    {
      "type": "Feature",
      "geometry": {
        "type": "Point",
        "coordinates": [
          77.1961489,
          28.5590066
        ]
      },
      "properties": {
        "id": 10231111582,
        "name": "Yes Bank",
        "operator": "Unknown Bank",
        "amenity": "bank"
      }
    },
    {
      "type": "Feature",
      "geometry": {
        "type": "Point",
        "coordinates": [
          77.1957428,
          28.5590262
        ]
      },
      "properties": {
        "id": 10231136010,
        "name": "HDFC Bank",
        "operator": "Unknown Bank",
        "amenity": "bank"
      }
    },
    {
      "type": "Feature",
      "geometry": {
        "type": "Point",
        "coordinates": [
          77.1963553,
          28.558997
        ]
      },
      "properties": {
        "id": 10231149840,
        "name": "Bank of India",
        "operator": "Unknown Bank",
        "amenity": "bank"
      }
    },
    {
      "type": "Feature",
      "geometry": {
        "type": "Point",
        "coordinates": [
          77.1959529,
          28.5590059
        ]
      },
      "properties": {
        "id": 10231151386,
        "name": "IndusInd Bank",
        "operator": "Unknown Bank",
        "amenity": "bank"
      }
    },
    {
      "type": "Feature",
      "geometry": {
        "type": "Point",
        "coordinates": [
          77.1960856,
          28.55901
        ]
      },
      "properties": {
        "id": 10231152617,
        "name": "IDFC First Bank",
        "operator": "Unknown Bank",
        "amenity": "bank"
      }
    },
    {
      "type": "Feature",
      "geometry": {
        "type": "Point",
        "coordinates": [
          77.2225531,
          28.6322114
        ]
      },
      "properties": {
        "id": 10235163930,
        "name": "Federal Bank",
        "operator": "Unknown Bank",
        "amenity": "bank"
      }
    },
    {
      "type": "Feature",
      "geometry": {
        "type": "Point",
        "coordinates": [
          77.2320215,
          28.6292891
        ]
      },
      "properties": {
        "id": 10235176416,
        "name": "Unknown",
        "operator": "Unknown Bank",
        "amenity": "atm"
      }
    },
    {
      "type": "Feature",
      "geometry": {
        "type": "Point",
        "coordinates": [
          77.2226314,
          28.6322127
        ]
      },
      "properties": {
        "id": 10235180871,
        "name": "Unknown",
        "operator": "Unknown Bank",
        "amenity": "atm"
      }
    },
    {
      "type": "Feature",
      "geometry": {
        "type": "Point",
        "coordinates": [
          77.2322425,
          28.6292119
        ]
      },
      "properties": {
        "id": 10235182960,
        "name": "Kotak Mahindra Bank",
        "operator": "Kotak Mahindra Bank",
        "amenity": "atm"
      }
    },
    {
      "type": "Feature",
      "geometry": {
        "type": "Point",
        "coordinates": [
          77.2099037,
          28.574092
        ]
      },
      "properties": {
        "id": 10270998563,
        "name": "Unknown",
        "operator": "Unknown Bank",
        "amenity": "atm"
      }
    },
    {
      "type": "Feature",
      "geometry": {
        "type": "Point",
        "coordinates": [
          77.2532826,
          28.5886196
        ]
      },
      "properties": {
        "id": 10271235652,
        "name": "Unknown",
        "operator": "Punjab National Bank",
        "amenity": "atm"
      }
    },
    {
      "type": "Feature",
      "geometry": {
        "type": "Point",
        "coordinates": [
          77.0660033,
          28.720273
        ]
      },
      "properties": {
        "id": 10290673082,
        "name": "Unknown",
        "operator": "Punjab National Bank",
        "amenity": "atm"
      }
    },
    {
      "type": "Feature",
      "geometry": {
        "type": "Point",
        "coordinates": [
          77.237633,
          28.5714374
        ]
      },
      "properties": {
        "id": 10538900851,
        "name": "Unknown",
        "operator": "Kotak Mahindra Bank",
        "amenity": "atm"
      }
    },
    {
      "type": "Feature",
      "geometry": {
        "type": "Point",
        "coordinates": [
          77.2375139,
          28.5720919
        ]
      },
      "properties": {
        "id": 10538900852,
        "name": "Indian Bank",
        "operator": "Unknown Bank",
        "amenity": "bank"
      }
    },
    {
      "type": "Feature",
      "geometry": {
        "type": "Point",
        "coordinates": [
          77.238772,
          28.5712465
        ]
      },
      "properties": {
        "id": 10538900853,
        "name": "State Bank of India",
        "operator": "Unknown Bank",
        "amenity": "bank"
      }
    },
    {
      "type": "Feature",
      "geometry": {
        "type": "Point",
        "coordinates": [
          77.1701232,
          28.7247918
        ]
      },
      "properties": {
        "id": 10567632783,
        "name": "Unknown",
        "operator": "State Bank of India",
        "amenity": "atm"
      }
    },
    {
      "type": "Feature",
      "geometry": {
        "type": "Point",
        "coordinates": [
          77.1701075,
          28.724821
        ]
      },
      "properties": {
        "id": 10567632803,
        "name": "Unknown",
        "operator": "ICICI Bank",
        "amenity": "atm"
      }
    },
    {
      "type": "Feature",
      "geometry": {
        "type": "Point",
        "coordinates": [
          77.172428,
          28.7309246
        ]
      },
      "properties": {
        "id": 10572375252,
        "name": "Unknown",
        "operator": "State Bank of India",
        "amenity": "atm"
      }
    },
    {
      "type": "Feature",
      "geometry": {
        "type": "Point",
        "coordinates": [
          77.1741275,
          28.7286709
        ]
      },
      "properties": {
        "id": 10572375294,
        "name": "Unknown",
        "operator": "Unknown Bank",
        "amenity": "atm"
      }
    },
    {
      "type": "Feature",
      "geometry": {
        "type": "Point",
        "coordinates": [
          77.1734914,
          28.7324034
        ]
      },
      "properties": {
        "id": 10572427806,
        "name": "Unknown",
        "operator": "State Bank of India",
        "amenity": "atm"
      }
    },
    {
      "type": "Feature",
      "geometry": {
        "type": "Point",
        "coordinates": [
          77.2274818,
          28.6002254
        ]
      },
      "properties": {
        "id": 10576156944,
        "name": "Punjab National Bank",
        "operator": "Unknown Bank",
        "amenity": "bank"
      }
    },
    {
      "type": "Feature",
      "geometry": {
        "type": "Point",
        "coordinates": [
          77.1349085,
          28.4652256
        ]
      },
      "properties": {
        "id": 10579158719,
        "name": "Paramjeet Saha",
        "operator": "Unknown Bank",
        "amenity": "bank"
      }
    },
    {
      "type": "Feature",
      "geometry": {
        "type": "Point",
        "coordinates": [
          77.0381956,
          28.4196716
        ]
      },
      "properties": {
        "id": 10593541925,
        "name": "Axis Bank",
        "operator": "Unknown Bank",
        "amenity": "bank"
      }
    },
    {
      "type": "Feature",
      "geometry": {
        "type": "Point",
        "coordinates": [
          77.0383143,
          28.4182107
        ]
      },
      "properties": {
        "id": 10593615558,
        "name": "State Bank of India",
        "operator": "Unknown Bank",
        "amenity": "bank"
      }
    },
    {
      "type": "Feature",
      "geometry": {
        "type": "Point",
        "coordinates": [
          77.1709597,
          28.7296082
        ]
      },
      "properties": {
        "id": 10605760880,
        "name": "Unknown",
        "operator": "State Bank of India",
        "amenity": "atm"
      }
    },
    {
      "type": "Feature",
      "geometry": {
        "type": "Point",
        "coordinates": [
          77.1666572,
          28.7293228
        ]
      },
      "properties": {
        "id": 10683049261,
        "name": "State Bank of India",
        "operator": "Unknown Bank",
        "amenity": "bank"
      }
    },
    {
      "type": "Feature",
      "geometry": {
        "type": "Point",
        "coordinates": [
          77.1676264,
          28.7283784
        ]
      },
      "properties": {
        "id": 10683049269,
        "name": "Unknown",
        "operator": "Axis Bank",
        "amenity": "atm"
      }
    },
    {
      "type": "Feature",
      "geometry": {
        "type": "Point",
        "coordinates": [
          77.2476127,
          28.5847422
        ]
      },
      "properties": {
        "id": 10709184441,
        "name": "Axis Bank",
        "operator": "Unknown Bank",
        "amenity": "bank"
      }
    },
    {
      "type": "Feature",
      "geometry": {
        "type": "Point",
        "coordinates": [
          77.1582589,
          28.7040408
        ]
      },
      "properties": {
        "id": 10732236405,
        "name": "Unknown",
        "operator": "IndusInd Bank",
        "amenity": "atm"
      }
    },
    {
      "type": "Feature",
      "geometry": {
        "type": "Point",
        "coordinates": [
          77.2175333,
          28.6081726
        ]
      },
      "properties": {
        "id": 10732829707,
        "name": "Unknown",
        "operator": "Unknown Bank",
        "amenity": "atm"
      }
    },
    {
      "type": "Feature",
      "geometry": {
        "type": "Point",
        "coordinates": [
          77.1426955,
          28.6490342
        ]
      },
      "properties": {
        "id": 10732857205,
        "name": "Unknown",
        "operator": "Unknown Bank",
        "amenity": "atm"
      }
    },
    {
      "type": "Feature",
      "geometry": {
        "type": "Point",
        "coordinates": [
          77.1668102,
          28.722724
        ]
      },
      "properties": {
        "id": 10739029975,
        "name": "Unknown",
        "operator": "Axis Bank",
        "amenity": "atm"
      }
    },
    {
      "type": "Feature",
      "geometry": {
        "type": "Point",
        "coordinates": [
          77.1663359,
          28.7223865
        ]
      },
      "properties": {
        "id": 10739029994,
        "name": "Unknown",
        "operator": "State Bank of India",
        "amenity": "atm"
      }
    },
    {
      "type": "Feature",
      "geometry": {
        "type": "Point",
        "coordinates": [
          77.1678278,
          28.7200473
        ]
      },
      "properties": {
        "id": 10741318299,
        "name": "Unknown",
        "operator": "Axis Bank",
        "amenity": "atm"
      }
    },
    {
      "type": "Feature",
      "geometry": {
        "type": "Point",
        "coordinates": [
          77.1682732,
          28.7204949
        ]
      },
      "properties": {
        "id": 10741340118,
        "name": "Unknown",
        "operator": "Bank of India",
        "amenity": "atm"
      }
    },
    {
      "type": "Feature",
      "geometry": {
        "type": "Point",
        "coordinates": [
          77.1492335,
          28.5308944
        ]
      },
      "properties": {
        "id": 10750293472,
        "name": "RBL Bank",
        "operator": "Unknown Bank",
        "amenity": "bank"
      }
    },
    {
      "type": "Feature",
      "geometry": {
        "type": "Point",
        "coordinates": [
          77.1494722,
          28.5312418
        ]
      },
      "properties": {
        "id": 10750309798,
        "name": "IndusInd Bank",
        "operator": "Unknown Bank",
        "amenity": "bank"
      }
    },
    {
      "type": "Feature",
      "geometry": {
        "type": "Point",
        "coordinates": [
          77.1495621,
          28.5314895
        ]
      },
      "properties": {
        "id": 10750314717,
        "name": "Punjab National Bank",
        "operator": "Unknown Bank",
        "amenity": "bank"
      }
    },
    {
      "type": "Feature",
      "geometry": {
        "type": "Point",
        "coordinates": [
          77.1522948,
          28.5352595
        ]
      },
      "properties": {
        "id": 10750342307,
        "name": "HDFC Bank",
        "operator": "Unknown Bank",
        "amenity": "bank"
      }
    },
    {
      "type": "Feature",
      "geometry": {
        "type": "Point",
        "coordinates": [
          77.2849797,
          28.6370561
        ]
      },
      "properties": {
        "id": 10763672533,
        "name": "Unknown",
        "operator": "Unknown Bank",
        "amenity": "bank"
      }
    },
    {
      "type": "Feature",
      "geometry": {
        "type": "Point",
        "coordinates": [
          77.1636315,
          28.7334929
        ]
      },
      "properties": {
        "id": 10766083894,
        "name": "Unknown",
        "operator": "State Bank of India",
        "amenity": "atm"
      }
    },
    {
      "type": "Feature",
      "geometry": {
        "type": "Point",
        "coordinates": [
          77.1643403,
          28.5578721
        ]
      },
      "properties": {
        "id": 10770284458,
        "name": "Yes Bank",
        "operator": "Unknown Bank",
        "amenity": "bank"
      }
    },
    {
      "type": "Feature",
      "geometry": {
        "type": "Point",
        "coordinates": [
          77.1639855,
          28.5582638
        ]
      },
      "properties": {
        "id": 10770306921,
        "name": "DBS",
        "operator": "Unknown Bank",
        "amenity": "bank"
      }
    },
    {
      "type": "Feature",
      "geometry": {
        "type": "Point",
        "coordinates": [
          77.1648199,
          28.5572202
        ]
      },
      "properties": {
        "id": 10770446472,
        "name": "J&K Bank",
        "operator": "Unknown Bank",
        "amenity": "bank"
      }
    },
    {
      "type": "Feature",
      "geometry": {
        "type": "Point",
        "coordinates": [
          77.2264443,
          28.6008973
        ]
      },
      "properties": {
        "id": 10778052404,
        "name": "Central Bank of India",
        "operator": "Central Bank of India",
        "amenity": "atm"
      }
    },
    {
      "type": "Feature",
      "geometry": {
        "type": "Point",
        "coordinates": [
          77.1999608,
          28.6798308
        ]
      },
      "properties": {
        "id": 10805073783,
        "name": "Canara Bank",
        "operator": "Unknown Bank",
        "amenity": "bank"
      }
    },
    {
      "type": "Feature",
      "geometry": {
        "type": "Point",
        "coordinates": [
          77.1704775,
          28.7172861
        ]
      },
      "properties": {
        "id": 10810516953,
        "name": "Unknown",
        "operator": "Unknown Bank",
        "amenity": "atm"
      }
    },
    {
      "type": "Feature",
      "geometry": {
        "type": "Point",
        "coordinates": [
          77.1701869,
          28.7175542
        ]
      },
      "properties": {
        "id": 10810516956,
        "name": "Punjab National Bank",
        "operator": "Unknown Bank",
        "amenity": "bank"
      }
    },
    {
      "type": "Feature",
      "geometry": {
        "type": "Point",
        "coordinates": [
          77.1725939,
          28.7186994
        ]
      },
      "properties": {
        "id": 10813916934,
        "name": "Unknown",
        "operator": "State Bank of India",
        "amenity": "atm"
      }
    },
    {
      "type": "Feature",
      "geometry": {
        "type": "Point",
        "coordinates": [
          77.1734661,
          28.7191
        ]
      },
      "properties": {
        "id": 10813972453,
        "name": "Unknown",
        "operator": "ICICI Bank",
        "amenity": "atm"
      }
    },
    {
      "type": "Feature",
      "geometry": {
        "type": "Point",
        "coordinates": [
          77.0933183,
          28.4761034
        ]
      },
      "properties": {
        "id": 10816636701,
        "name": "HDFC Bank",
        "operator": "Unknown Bank",
        "amenity": "bank"
      }
    },
    {
      "type": "Feature",
      "geometry": {
        "type": "Point",
        "coordinates": [
          77.1727146,
          28.7218532
        ]
      },
      "properties": {
        "id": 10821172480,
        "name": "Unknown",
        "operator": "Bank of India",
        "amenity": "atm"
      }
    },
    {
      "type": "Feature",
      "geometry": {
        "type": "Point",
        "coordinates": [
          77.1747062,
          28.7194818
        ]
      },
      "properties": {
        "id": 10826212944,
        "name": "Unknown",
        "operator": "Bank of India",
        "amenity": "atm"
      }
    },
    {
      "type": "Feature",
      "geometry": {
        "type": "Point",
        "coordinates": [
          77.1728974,
          28.7142373
        ]
      },
      "properties": {
        "id": 10855344993,
        "name": "HDFC Bank",
        "operator": "Unknown Bank",
        "amenity": "bank"
      }
    },
    {
      "type": "Feature",
      "geometry": {
        "type": "Point",
        "coordinates": [
          77.1735919,
          28.7134486
        ]
      },
      "properties": {
        "id": 10855390310,
        "name": "Axis Bank",
        "operator": "Unknown Bank",
        "amenity": "bank"
      }
    },
    {
      "type": "Feature",
      "geometry": {
        "type": "Point",
        "coordinates": [
          77.1732043,
          28.7138478
        ]
      },
      "properties": {
        "id": 10855390318,
        "name": "Indian Bank",
        "operator": "Unknown Bank",
        "amenity": "bank"
      }
    },
    {
      "type": "Feature",
      "geometry": {
        "type": "Point",
        "coordinates": [
          77.1728325,
          28.7131133
        ]
      },
      "properties": {
        "id": 10855504777,
        "name": "Bank of India",
        "operator": "Unknown Bank",
        "amenity": "bank"
      }
    },
    {
      "type": "Feature",
      "geometry": {
        "type": "Point",
        "coordinates": [
          77.1729233,
          28.7131638
        ]
      },
      "properties": {
        "id": 10855534411,
        "name": "Canara Bank",
        "operator": "Unknown Bank",
        "amenity": "bank"
      }
    },
    {
      "type": "Feature",
      "geometry": {
        "type": "Point",
        "coordinates": [
          77.217595,
          28.5371494
        ]
      },
      "properties": {
        "id": 10864770490,
        "name": "ICICI Bank",
        "operator": "Unknown Bank",
        "amenity": "bank"
      }
    },
    {
      "type": "Feature",
      "geometry": {
        "type": "Point",
        "coordinates": [
          77.2101067,
          28.5347397
        ]
      },
      "properties": {
        "id": 10864770496,
        "name": "IDFC First Bank",
        "operator": "Unknown Bank",
        "amenity": "bank"
      }
    },
    {
      "type": "Feature",
      "geometry": {
        "type": "Point",
        "coordinates": [
          77.2109253,
          28.536316
        ]
      },
      "properties": {
        "id": 10864770499,
        "name": "Ujjivan Small Finance Bank",
        "operator": "Unknown Bank",
        "amenity": "bank"
      }
    },
    {
      "type": "Feature",
      "geometry": {
        "type": "Point",
        "coordinates": [
          77.2108147,
          28.5364224
        ]
      },
      "properties": {
        "id": 10864770501,
        "name": "Punjab National Bank",
        "operator": "Unknown Bank",
        "amenity": "bank"
      }
    },
    {
      "type": "Feature",
      "geometry": {
        "type": "Point",
        "coordinates": [
          77.2107705,
          28.5364613
        ]
      },
      "properties": {
        "id": 10864770502,
        "name": "Bajaj Capital",
        "operator": "Unknown Bank",
        "amenity": "bank"
      }
    },
    {
      "type": "Feature",
      "geometry": {
        "type": "Point",
        "coordinates": [
          77.2107252,
          28.5365002
        ]
      },
      "properties": {
        "id": 10864770503,
        "name": "Bandhan Bank",
        "operator": "Unknown Bank",
        "amenity": "bank"
      }
    },
    {
      "type": "Feature",
      "geometry": {
        "type": "Point",
        "coordinates": [
          77.2174051,
          28.537146
        ]
      },
      "properties": {
        "id": 10864790226,
        "name": "UCO Bank",
        "operator": "Unknown Bank",
        "amenity": "bank"
      }
    },
    {
      "type": "Feature",
      "geometry": {
        "type": "Point",
        "coordinates": [
          77.0683946,
          28.424833
        ]
      },
      "properties": {
        "id": 10876296335,
        "name": "Axis Bank",
        "operator": "Axis Bank",
        "amenity": "bank"
      }
    },
    {
      "type": "Feature",
      "geometry": {
        "type": "Point",
        "coordinates": [
          77.2785052,
          28.6282868
        ]
      },
      "properties": {
        "id": 10893067282,
        "name": "Karur Vysya Bank",
        "operator": "Unknown Bank",
        "amenity": "bank"
      }
    },
    {
      "type": "Feature",
      "geometry": {
        "type": "Point",
        "coordinates": [
          77.1700544,
          28.7177056
        ]
      },
      "properties": {
        "id": 10901094679,
        "name": "Canara Bank",
        "operator": "Canara Bank",
        "amenity": "bank"
      }
    },
    {
      "type": "Feature",
      "geometry": {
        "type": "Point",
        "coordinates": [
          77.1737463,
          28.7162813
        ]
      },
      "properties": {
        "id": 10901403953,
        "name": "Unknown",
        "operator": "State Bank of India",
        "amenity": "atm"
      }
    },
    {
      "type": "Feature",
      "geometry": {
        "type": "Point",
        "coordinates": [
          77.1728184,
          28.7143205
        ]
      },
      "properties": {
        "id": 10901403969,
        "name": "Union Bank of India",
        "operator": "Union Bank of India",
        "amenity": "bank"
      }
    },
    {
      "type": "Feature",
      "geometry": {
        "type": "Point",
        "coordinates": [
          77.1731264,
          28.7139658
        ]
      },
      "properties": {
        "id": 10901403977,
        "name": "ICICI Bank",
        "operator": "Unknown Bank",
        "amenity": "bank"
      }
    },
    {
      "type": "Feature",
      "geometry": {
        "type": "Point",
        "coordinates": [
          77.1737787,
          28.7162504
        ]
      },
      "properties": {
        "id": 10901403978,
        "name": "State Bank of India",
        "operator": "Unknown Bank",
        "amenity": "bank"
      }
    },
    {
      "type": "Feature",
      "geometry": {
        "type": "Point",
        "coordinates": [
          77.1722827,
          28.7148197
        ]
      },
      "properties": {
        "id": 10901403980,
        "name": "Unknown",
        "operator": "Unknown Bank",
        "amenity": "bank"
      }
    },
    {
      "type": "Feature",
      "geometry": {
        "type": "Point",
        "coordinates": [
          77.1724584,
          28.714663
        ]
      },
      "properties": {
        "id": 10901404002,
        "name": "Yes Bank",
        "operator": "Unknown Bank",
        "amenity": "bank"
      }
    },
    {
      "type": "Feature",
      "geometry": {
        "type": "Point",
        "coordinates": [
          77.1320311,
          28.7424534
        ]
      },
      "properties": {
        "id": 10901628318,
        "name": "Andhra Bank ATM",
        "operator": "Unknown Bank",
        "amenity": "bank"
      }
    },
    {
      "type": "Feature",
      "geometry": {
        "type": "Point",
        "coordinates": [
          77.0729024,
          28.4588986
        ]
      },
      "properties": {
        "id": 10911354429,
        "name": "State Bank Of India",
        "operator": "State Bank of India",
        "amenity": "atm"
      }
    },
    {
      "type": "Feature",
      "geometry": {
        "type": "Point",
        "coordinates": [
          77.0686678,
          28.4248283
        ]
      },
      "properties": {
        "id": 10924011401,
        "name": "HDFC Bank",
        "operator": "Unknown Bank",
        "amenity": "bank"
      }
    },
    {
      "type": "Feature",
      "geometry": {
        "type": "Point",
        "coordinates": [
          77.0685991,
          28.4247901
        ]
      },
      "properties": {
        "id": 10924013202,
        "name": "IndusInd Bank",
        "operator": "Unknown Bank",
        "amenity": "bank"
      }
    },
    {
      "type": "Feature",
      "geometry": {
        "type": "Point",
        "coordinates": [
          77.2222745,
          28.6325263
        ]
      },
      "properties": {
        "id": 10924124859,
        "name": "Canara Bank",
        "operator": "Unknown Bank",
        "amenity": "bank"
      }
    },
    {
      "type": "Feature",
      "geometry": {
        "type": "Point",
        "coordinates": [
          77.1593343,
          28.7313139
        ]
      },
      "properties": {
        "id": 10931627163,
        "name": "Canara Bank",
        "operator": "Unknown Bank",
        "amenity": "bank"
      }
    },
    {
      "type": "Feature",
      "geometry": {
        "type": "Point",
        "coordinates": [
          77.2528032,
          28.5488466
        ]
      },
      "properties": {
        "id": 10933922036,
        "name": "Central Bank of India",
        "operator": "Unknown Bank",
        "amenity": "bank"
      }
    },
    {
      "type": "Feature",
      "geometry": {
        "type": "Point",
        "coordinates": [
          77.2507372,
          28.5496897
        ]
      },
      "properties": {
        "id": 10933923063,
        "name": "Kotak Mahindra Bank",
        "operator": "Unknown Bank",
        "amenity": "bank"
      }
    },
    {
      "type": "Feature",
      "geometry": {
        "type": "Point",
        "coordinates": [
          77.2519522,
          28.548526
        ]
      },
      "properties": {
        "id": 10933923174,
        "name": "SVC Co-operative Bank",
        "operator": "Unknown Bank",
        "amenity": "bank"
      }
    },
    {
      "type": "Feature",
      "geometry": {
        "type": "Point",
        "coordinates": [
          77.2505184,
          28.5493727
        ]
      },
      "properties": {
        "id": 10933936506,
        "name": "State Bank of India",
        "operator": "Unknown Bank",
        "amenity": "bank"
      }
    },
    {
      "type": "Feature",
      "geometry": {
        "type": "Point",
        "coordinates": [
          77.2507451,
          28.5495304
        ]
      },
      "properties": {
        "id": 10933956603,
        "name": "Kotak Mahindra Bank",
        "operator": "Unknown Bank",
        "amenity": "bank"
      }
    },
    {
      "type": "Feature",
      "geometry": {
        "type": "Point",
        "coordinates": [
          77.2196893,
          28.6334701
        ]
      },
      "properties": {
        "id": 10940744609,
        "name": "Unknown",
        "operator": "Punjab National Bank",
        "amenity": "atm"
      }
    },
    {
      "type": "Feature",
      "geometry": {
        "type": "Point",
        "coordinates": [
          77.0350935,
          28.6063744
        ]
      },
      "properties": {
        "id": 10962998462,
        "name": "Unknown",
        "operator": "Kotak Mahindra Bank",
        "amenity": "atm"
      }
    },
    {
      "type": "Feature",
      "geometry": {
        "type": "Point",
        "coordinates": [
          77.2265968,
          28.6563989
        ]
      },
      "properties": {
        "id": 10969162383,
        "name": "South Indian Bank",
        "operator": "Unknown Bank",
        "amenity": "bank"
      }
    },
    {
      "type": "Feature",
      "geometry": {
        "type": "Point",
        "coordinates": [
          77.224514,
          28.6568737
        ]
      },
      "properties": {
        "id": 10969162384,
        "name": "Jammu and Kashmir Bank",
        "operator": "Unknown Bank",
        "amenity": "bank"
      }
    },
    {
      "type": "Feature",
      "geometry": {
        "type": "Point",
        "coordinates": [
          77.2238005,
          28.6568061
        ]
      },
      "properties": {
        "id": 10969162387,
        "name": "Bandhan Bank",
        "operator": "Unknown Bank",
        "amenity": "bank"
      }
    },
    {
      "type": "Feature",
      "geometry": {
        "type": "Point",
        "coordinates": [
          77.2238605,
          28.6568221
        ]
      },
      "properties": {
        "id": 10969162389,
        "name": "Karur Vysya Bank",
        "operator": "Unknown Bank",
        "amenity": "bank"
      }
    },
    {
      "type": "Feature",
      "geometry": {
        "type": "Point",
        "coordinates": [
          77.225006,
          28.6568118
        ]
      },
      "properties": {
        "id": 10969162396,
        "name": "RBL Bank",
        "operator": "Unknown Bank",
        "amenity": "bank"
      }
    },
    {
      "type": "Feature",
      "geometry": {
        "type": "Point",
        "coordinates": [
          77.2277318,
          28.6561671
        ]
      },
      "properties": {
        "id": 10969232950,
        "name": "Unknown",
        "operator": "Kotak Mahindra Bank",
        "amenity": "atm"
      }
    },
    {
      "type": "Feature",
      "geometry": {
        "type": "Point",
        "coordinates": [
          77.2257507,
          28.6564251
        ]
      },
      "properties": {
        "id": 10969232955,
        "name": "Indian Bank",
        "operator": "Indian Bank",
        "amenity": "bank"
      }
    },
    {
      "type": "Feature",
      "geometry": {
        "type": "Point",
        "coordinates": [
          77.224138,
          28.6564171
        ]
      },
      "properties": {
        "id": 10969232957,
        "name": "Unknown",
        "operator": "Union Bank of India",
        "amenity": "atm"
      }
    },
    {
      "type": "Feature",
      "geometry": {
        "type": "Point",
        "coordinates": [
          77.1785294,
          28.7192948
        ]
      },
      "properties": {
        "id": 10977114580,
        "name": "Unknown",
        "operator": "State Bank of India",
        "amenity": "atm"
      }
    },
    {
      "type": "Feature",
      "geometry": {
        "type": "Point",
        "coordinates": [
          77.2117463,
          28.5368701
        ]
      },
      "properties": {
        "id": 10977516991,
        "name": "Central Bank of India",
        "operator": "Unknown Bank",
        "amenity": "bank"
      }
    },
    {
      "type": "Feature",
      "geometry": {
        "type": "Point",
        "coordinates": [
          77.0884608,
          28.7326849
        ]
      },
      "properties": {
        "id": 11009508924,
        "name": "State Bank of India",
        "operator": "Unknown Bank",
        "amenity": "bank"
      }
    },
    {
      "type": "Feature",
      "geometry": {
        "type": "Point",
        "coordinates": [
          77.1603122,
          28.7449649
        ]
      },
      "properties": {
        "id": 11022363795,
        "name": "Unknown",
        "operator": "Unknown Bank",
        "amenity": "atm"
      }
    },
    {
      "type": "Feature",
      "geometry": {
        "type": "Point",
        "coordinates": [
          77.100718,
          28.4435036
        ]
      },
      "properties": {
        "id": 11037384815,
        "name": "ICICI Bank",
        "operator": "Unknown Bank",
        "amenity": "bank"
      }
    },
    {
      "type": "Feature",
      "geometry": {
        "type": "Point",
        "coordinates": [
          77.1006983,
          28.4436497
        ]
      },
      "properties": {
        "id": 11037384816,
        "name": "AU Small Finance Bank",
        "operator": "Unknown Bank",
        "amenity": "bank"
      }
    },
    {
      "type": "Feature",
      "geometry": {
        "type": "Point",
        "coordinates": [
          77.0823676,
          28.4670456
        ]
      },
      "properties": {
        "id": 11037504489,
        "name": "Axis Bank",
        "operator": "Axis Bank",
        "amenity": "atm"
      }
    },
    {
      "type": "Feature",
      "geometry": {
        "type": "Point",
        "coordinates": [
          77.0822756,
          28.4670342
        ]
      },
      "properties": {
        "id": 11037529618,
        "name": "Kotak Mahindra Bank",
        "operator": "Unknown Bank",
        "amenity": "bank"
      }
    },
    {
      "type": "Feature",
      "geometry": {
        "type": "Point",
        "coordinates": [
          77.166103,
          28.7420785
        ]
      },
      "properties": {
        "id": 11048957648,
        "name": "Bank of India",
        "operator": "Bank of India",
        "amenity": "atm"
      }
    },
    {
      "type": "Feature",
      "geometry": {
        "type": "Point",
        "coordinates": [
          77.1714868,
          28.7179763
        ]
      },
      "properties": {
        "id": 11081567469,
        "name": "Ujjivan Small Finance Bank",
        "operator": "Unknown Bank",
        "amenity": "bank"
      }
    },
    {
      "type": "Feature",
      "geometry": {
        "type": "Point",
        "coordinates": [
          77.2953795,
          28.6419304
        ]
      },
      "properties": {
        "id": 11089119016,
        "name": "Bank of Baroda",
        "operator": "Unknown Bank",
        "amenity": "bank"
      }
    },
    {
      "type": "Feature",
      "geometry": {
        "type": "Point",
        "coordinates": [
          77.2954497,
          28.6419801
        ]
      },
      "properties": {
        "id": 11089119044,
        "name": "State Bank of India",
        "operator": "State Bank of India",
        "amenity": "atm"
      }
    },
    {
      "type": "Feature",
      "geometry": {
        "type": "Point",
        "coordinates": [
          77.2954793,
          28.6420005
        ]
      },
      "properties": {
        "id": 11089119048,
        "name": "State Bank of India",
        "operator": "Unknown Bank",
        "amenity": "bank"
      }
    },
    {
      "type": "Feature",
      "geometry": {
        "type": "Point",
        "coordinates": [
          77.2953443,
          28.6419061
        ]
      },
      "properties": {
        "id": 11089119050,
        "name": "Unknown",
        "operator": "Bank of Baroda",
        "amenity": "atm"
      }
    },
    {
      "type": "Feature",
      "geometry": {
        "type": "Point",
        "coordinates": [
          77.2926627,
          28.6393244
        ]
      },
      "properties": {
        "id": 11096368478,
        "name": "Union Bank of India",
        "operator": "Union Bank of India",
        "amenity": "atm"
      }
    },
    {
      "type": "Feature",
      "geometry": {
        "type": "Point",
        "coordinates": [
          77.2926373,
          28.6393094
        ]
      },
      "properties": {
        "id": 11096368480,
        "name": "Union Bank of India",
        "operator": "Unknown Bank",
        "amenity": "bank"
      }
    },
    {
      "type": "Feature",
      "geometry": {
        "type": "Point",
        "coordinates": [
          77.2773847,
          28.6303091
        ]
      },
      "properties": {
        "id": 11098889649,
        "name": "Unknown",
        "operator": "Punjab National Bank",
        "amenity": "atm"
      }
    },
    {
      "type": "Feature",
      "geometry": {
        "type": "Point",
        "coordinates": [
          77.2346413,
          28.55075
        ]
      },
      "properties": {
        "id": 11101285447,
        "name": "RBL Bank",
        "operator": "Unknown Bank",
        "amenity": "bank"
      }
    },
    {
      "type": "Feature",
      "geometry": {
        "type": "Point",
        "coordinates": [
          77.2351289,
          28.5504459
        ]
      },
      "properties": {
        "id": 11118587140,
        "name": "Axis Bank",
        "operator": "Axis Bank",
        "amenity": "atm"
      }
    },
    {
      "type": "Feature",
      "geometry": {
        "type": "Point",
        "coordinates": [
          77.1366875,
          28.7970169
        ]
      },
      "properties": {
        "id": 11124618466,
        "name": "Unknown",
        "operator": "Unknown Bank",
        "amenity": "atm"
      }
    },
    {
      "type": "Feature",
      "geometry": {
        "type": "Point",
        "coordinates": [
          77.1360243,
          28.7970293
        ]
      },
      "properties": {
        "id": 11124618467,
        "name": "Unknown",
        "operator": "Unknown Bank",
        "amenity": "bank"
      }
    },
    {
      "type": "Feature",
      "geometry": {
        "type": "Point",
        "coordinates": [
          77.242533,
          28.5535941
        ]
      },
      "properties": {
        "id": 11131212713,
        "name": "Union Bank of India",
        "operator": "Union Bank of India",
        "amenity": "atm"
      }
    },
    {
      "type": "Feature",
      "geometry": {
        "type": "Point",
        "coordinates": [
          77.2408191,
          28.5536507
        ]
      },
      "properties": {
        "id": 11131967560,
        "name": "Unknown",
        "operator": "Bank of Baroda",
        "amenity": "atm"
      }
    },
    {
      "type": "Feature",
      "geometry": {
        "type": "Point",
        "coordinates": [
          77.2408306,
          28.5536609
        ]
      },
      "properties": {
        "id": 11131967561,
        "name": "Bank of Baroda",
        "operator": "Unknown Bank",
        "amenity": "bank"
      }
    },
    {
      "type": "Feature",
      "geometry": {
        "type": "Point",
        "coordinates": [
          77.2350109,
          28.5500918
        ]
      },
      "properties": {
        "id": 11155711182,
        "name": "Yes Bank",
        "operator": "Unknown Bank",
        "amenity": "bank"
      }
    },
    {
      "type": "Feature",
      "geometry": {
        "type": "Point",
        "coordinates": [
          77.2349963,
          28.5500962
        ]
      },
      "properties": {
        "id": 11155711185,
        "name": "Yes Bank",
        "operator": "Unknown Bank",
        "amenity": "bank"
      }
    },
    {
      "type": "Feature",
      "geometry": {
        "type": "Point",
        "coordinates": [
          77.1857709,
          28.6986924
        ]
      },
      "properties": {
        "id": 11157984728,
        "name": "State Bank of India",
        "operator": "Unknown Bank",
        "amenity": "bank"
      }
    },
    {
      "type": "Feature",
      "geometry": {
        "type": "Point",
        "coordinates": [
          77.1855925,
          28.6988761
        ]
      },
      "properties": {
        "id": 11157984745,
        "name": "Bank of Baroda",
        "operator": "Unknown Bank",
        "amenity": "bank"
      }
    },
    {
      "type": "Feature",
      "geometry": {
        "type": "Point",
        "coordinates": [
          77.2260606,
          28.6299855
        ]
      },
      "properties": {
        "id": 11204948057,
        "name": "Canara Bank",
        "operator": "Unknown Bank",
        "amenity": "bank"
      }
    },
    {
      "type": "Feature",
      "geometry": {
        "type": "Point",
        "coordinates": [
          77.2437489,
          28.5841013
        ]
      },
      "properties": {
        "id": 11207800291,
        "name": "Kotak Mahindra Bank ATM",
        "operator": "Kotak Mahindra Bank",
        "amenity": "atm"
      }
    },
    {
      "type": "Feature",
      "geometry": {
        "type": "Point",
        "coordinates": [
          77.2437777,
          28.5840892
        ]
      },
      "properties": {
        "id": 11207807859,
        "name": "Kotak Mahindra Bank",
        "operator": "Unknown Bank",
        "amenity": "bank"
      }
    },
    {
      "type": "Feature",
      "geometry": {
        "type": "Point",
        "coordinates": [
          77.2444573,
          28.5831632
        ]
      },
      "properties": {
        "id": 11207809601,
        "name": "IndusInd Bank",
        "operator": "Unknown Bank",
        "amenity": "bank"
      }
    },
    {
      "type": "Feature",
      "geometry": {
        "type": "Point",
        "coordinates": [
          77.2444791,
          28.5831576
        ]
      },
      "properties": {
        "id": 11207875247,
        "name": "Indusind bank atm",
        "operator": "IndusInd Bank",
        "amenity": "atm"
      }
    },
    {
      "type": "Feature",
      "geometry": {
        "type": "Point",
        "coordinates": [
          77.2430943,
          28.5843349
        ]
      },
      "properties": {
        "id": 11207900478,
        "name": "Yes Bank",
        "operator": "Unknown Bank",
        "amenity": "bank"
      }
    },
    {
      "type": "Feature",
      "geometry": {
        "type": "Point",
        "coordinates": [
          77.2431217,
          28.5840688
        ]
      },
      "properties": {
        "id": 11207910484,
        "name": "HDFC Bank",
        "operator": "Unknown Bank",
        "amenity": "bank"
      }
    },
    {
      "type": "Feature",
      "geometry": {
        "type": "Point",
        "coordinates": [
          77.2430991,
          28.5843152
        ]
      },
      "properties": {
        "id": 11207914999,
        "name": "Unknown",
        "operator": "Yes Bank",
        "amenity": "atm"
      }
    },
    {
      "type": "Feature",
      "geometry": {
        "type": "Point",
        "coordinates": [
          77.2791763,
          28.6365102
        ]
      },
      "properties": {
        "id": 11210261200,
        "name": "State Bank of India",
        "operator": "Unknown Bank",
        "amenity": "bank"
      }
    },
    {
      "type": "Feature",
      "geometry": {
        "type": "Point",
        "coordinates": [
          77.2762183,
          28.6309535
        ]
      },
      "properties": {
        "id": 11210266056,
        "name": "HDFC Bank",
        "operator": "HDFC Bank",
        "amenity": "atm"
      }
    },
    {
      "type": "Feature",
      "geometry": {
        "type": "Point",
        "coordinates": [
          77.277575,
          28.6308734
        ]
      },
      "properties": {
        "id": 11210394528,
        "name": "IndusInd Bank",
        "operator": "IndusInd Bank",
        "amenity": "atm"
      }
    },
    {
      "type": "Feature",
      "geometry": {
        "type": "Point",
        "coordinates": [
          77.2864471,
          28.6369069
        ]
      },
      "properties": {
        "id": 11212328363,
        "name": "Unknown",
        "operator": "IDBI Bank",
        "amenity": "atm"
      }
    },
    {
      "type": "Feature",
      "geometry": {
        "type": "Point",
        "coordinates": [
          77.2787943,
          28.6316666
        ]
      },
      "properties": {
        "id": 11212470450,
        "name": "Axis Bank",
        "operator": "Unknown Bank",
        "amenity": "bank"
      }
    },
    {
      "type": "Feature",
      "geometry": {
        "type": "Point",
        "coordinates": [
          77.2784303,
          28.6309485
        ]
      },
      "properties": {
        "id": 11212541720,
        "name": "DCB Bank",
        "operator": "Unknown Bank",
        "amenity": "bank"
      }
    },
    {
      "type": "Feature",
      "geometry": {
        "type": "Point",
        "coordinates": [
          77.2797791,
          28.6318101
        ]
      },
      "properties": {
        "id": 11212543196,
        "name": "Equitas Small Finance Bank",
        "operator": "Unknown Bank",
        "amenity": "bank"
      }
    },
    {
      "type": "Feature",
      "geometry": {
        "type": "Point",
        "coordinates": [
          77.2729482,
          28.6305138
        ]
      },
      "properties": {
        "id": 11215641550,
        "name": "Bank Of India ATM",
        "operator": "Bank of India",
        "amenity": "atm"
      }
    },
    {
      "type": "Feature",
      "geometry": {
        "type": "Point",
        "coordinates": [
          77.2724034,
          28.6313335
        ]
      },
      "properties": {
        "id": 11215720072,
        "name": "Bank of Baroda ATM",
        "operator": "Bank of Baroda",
        "amenity": "atm"
      }
    },
    {
      "type": "Feature",
      "geometry": {
        "type": "Point",
        "coordinates": [
          77.2775823,
          28.6316974
        ]
      },
      "properties": {
        "id": 11215979041,
        "name": "State Bank of India",
        "operator": "State Bank of India",
        "amenity": "atm"
      }
    },
    {
      "type": "Feature",
      "geometry": {
        "type": "Point",
        "coordinates": [
          77.278574,
          28.6309885
        ]
      },
      "properties": {
        "id": 11216000144,
        "name": "Kotak Bank ATM",
        "operator": "Kotak Mahindra Bank",
        "amenity": "atm"
      }
    },
    {
      "type": "Feature",
      "geometry": {
        "type": "Point",
        "coordinates": [
          77.2762883,
          28.6310597
        ]
      },
      "properties": {
        "id": 11216000939,
        "name": "Axis Bank ATM",
        "operator": "Axis Bank",
        "amenity": "atm"
      }
    },
    {
      "type": "Feature",
      "geometry": {
        "type": "Point",
        "coordinates": [
          77.2788235,
          28.6316774
        ]
      },
      "properties": {
        "id": 11216002635,
        "name": "Axis Bank ATM",
        "operator": "Axis Bank",
        "amenity": "atm"
      }
    },
    {
      "type": "Feature",
      "geometry": {
        "type": "Point",
        "coordinates": [
          77.2535041,
          28.5487919
        ]
      },
      "properties": {
        "id": 11219740588,
        "name": "Kotak Mahindra Bank",
        "operator": "Kotak Mahindra Bank",
        "amenity": "atm"
      }
    },
    {
      "type": "Feature",
      "geometry": {
        "type": "Point",
        "coordinates": [
          77.252913,
          28.5485501
        ]
      },
      "properties": {
        "id": 11219767351,
        "name": "Punjab and Sindh Bank",
        "operator": "Unknown Bank",
        "amenity": "atm"
      }
    },
    {
      "type": "Feature",
      "geometry": {
        "type": "Point",
        "coordinates": [
          77.2148449,
          28.7108458
        ]
      },
      "properties": {
        "id": 11226466039,
        "name": "Unknown",
        "operator": "Unknown Bank",
        "amenity": "atm"
      }
    },
    {
      "type": "Feature",
      "geometry": {
        "type": "Point",
        "coordinates": [
          77.2790201,
          28.6314184
        ]
      },
      "properties": {
        "id": 11238395697,
        "name": "Bank of Baroda",
        "operator": "Unknown Bank",
        "amenity": "bank"
      }
    },
    {
      "type": "Feature",
      "geometry": {
        "type": "Point",
        "coordinates": [
          77.2800925,
          28.6320173
        ]
      },
      "properties": {
        "id": 11238410846,
        "name": "HDFC Bank",
        "operator": "Unknown Bank",
        "amenity": "bank"
      }
    },
    {
      "type": "Feature",
      "geometry": {
        "type": "Point",
        "coordinates": [
          77.280759,
          28.6324377
        ]
      },
      "properties": {
        "id": 11238413146,
        "name": "ICICI Bank",
        "operator": "Unknown Bank",
        "amenity": "bank"
      }
    },
    {
      "type": "Feature",
      "geometry": {
        "type": "Point",
        "coordinates": [
          77.2783792,
          28.6309285
        ]
      },
      "properties": {
        "id": 11238427278,
        "name": "CSB Bank",
        "operator": "Unknown Bank",
        "amenity": "bank"
      }
    },
    {
      "type": "Feature",
      "geometry": {
        "type": "Point",
        "coordinates": [
          77.2788927,
          28.6312998
        ]
      },
      "properties": {
        "id": 11238492962,
        "name": "City Union Bank",
        "operator": "Unknown Bank",
        "amenity": "bank"
      }
    },
    {
      "type": "Feature",
      "geometry": {
        "type": "Point",
        "coordinates": [
          77.2516931,
          28.5513363
        ]
      },
      "properties": {
        "id": 11241096705,
        "name": "Unknown",
        "operator": "Axis Bank",
        "amenity": "atm"
      }
    },
    {
      "type": "Feature",
      "geometry": {
        "type": "Point",
        "coordinates": [
          77.2971788,
          28.643245
        ]
      },
      "properties": {
        "id": 11241175931,
        "name": "Bank of India ATM",
        "operator": "Bank of India",
        "amenity": "atm"
      }
    },
    {
      "type": "Feature",
      "geometry": {
        "type": "Point",
        "coordinates": [
          77.2972535,
          28.6427009
        ]
      },
      "properties": {
        "id": 11241189365,
        "name": "Yes Bank",
        "operator": "Unknown Bank",
        "amenity": "bank"
      }
    },
    {
      "type": "Feature",
      "geometry": {
        "type": "Point",
        "coordinates": [
          77.2971835,
          28.6432525
        ]
      },
      "properties": {
        "id": 11241214360,
        "name": "Bank of India",
        "operator": "Unknown Bank",
        "amenity": "bank"
      }
    },
    {
      "type": "Feature",
      "geometry": {
        "type": "Point",
        "coordinates": [
          77.2972703,
          28.6433368
        ]
      },
      "properties": {
        "id": 11241224844,
        "name": "Utkarsh Small Finance Bank",
        "operator": "Unknown Bank",
        "amenity": "bank"
      }
    },
    {
      "type": "Feature",
      "geometry": {
        "type": "Point",
        "coordinates": [
          77.1664285,
          28.5450889
        ]
      },
      "properties": {
        "id": 11242142960,
        "name": "State Bank of India",
        "operator": "Unknown Bank",
        "amenity": "bank"
      }
    },
    {
      "type": "Feature",
      "geometry": {
        "type": "Point",
        "coordinates": [
          77.209223,
          28.7020531
        ]
      },
      "properties": {
        "id": 11242951124,
        "name": "Bandhan Bank",
        "operator": "Unknown Bank",
        "amenity": "bank"
      }
    },
    {
      "type": "Feature",
      "geometry": {
        "type": "Point",
        "coordinates": [
          77.2091698,
          28.7019603
        ]
      },
      "properties": {
        "id": 11242951125,
        "name": "HDFC Bank",
        "operator": "Unknown Bank",
        "amenity": "bank"
      }
    },
    {
      "type": "Feature",
      "geometry": {
        "type": "Point",
        "coordinates": [
          77.208942,
          28.701443
        ]
      },
      "properties": {
        "id": 11242951126,
        "name": "IndusInd Bank",
        "operator": "IndusInd Bank",
        "amenity": "atm"
      }
    },
    {
      "type": "Feature",
      "geometry": {
        "type": "Point",
        "coordinates": [
          77.2084785,
          28.7004638
        ]
      },
      "properties": {
        "id": 11242951127,
        "name": "Unknown",
        "operator": "Unknown Bank",
        "amenity": "atm"
      }
    },
    {
      "type": "Feature",
      "geometry": {
        "type": "Point",
        "coordinates": [
          77.2076305,
          28.6988139
        ]
      },
      "properties": {
        "id": 11242951703,
        "name": "Unknown",
        "operator": "Bank of Baroda",
        "amenity": "atm"
      }
    },
    {
      "type": "Feature",
      "geometry": {
        "type": "Point",
        "coordinates": [
          77.2792774,
          28.6390289
        ]
      },
      "properties": {
        "id": 11262675773,
        "name": "ICICI Bank",
        "operator": "ICICI Bank",
        "amenity": "atm"
      }
    },
    {
      "type": "Feature",
      "geometry": {
        "type": "Point",
        "coordinates": [
          77.2806869,
          28.6368167
        ]
      },
      "properties": {
        "id": 11262787347,
        "name": "HDFC Bank",
        "operator": "HDFC Bank",
        "amenity": "atm"
      }
    },
    {
      "type": "Feature",
      "geometry": {
        "type": "Point",
        "coordinates": [
          77.2357079,
          28.5501197
        ]
      },
      "properties": {
        "id": 11264313178,
        "name": "Axis Bank",
        "operator": "Axis Bank",
        "amenity": "atm"
      }
    },
    {
      "type": "Feature",
      "geometry": {
        "type": "Point",
        "coordinates": [
          77.2357327,
          28.550144
        ]
      },
      "properties": {
        "id": 11264384450,
        "name": "Axis Bank",
        "operator": "Unknown Bank",
        "amenity": "bank"
      }
    },
    {
      "type": "Feature",
      "geometry": {
        "type": "Point",
        "coordinates": [
          77.0552358,
          28.4133091
        ]
      },
      "properties": {
        "id": 11273906543,
        "name": "ICICI Bank",
        "operator": "Unknown Bank",
        "amenity": "bank"
      }
    },
    {
      "type": "Feature",
      "geometry": {
        "type": "Point",
        "coordinates": [
          77.0552529,
          28.4130415
        ]
      },
      "properties": {
        "id": 11273915350,
        "name": "HDFC Bank",
        "operator": "Unknown Bank",
        "amenity": "bank"
      }
    },
    {
      "type": "Feature",
      "geometry": {
        "type": "Point",
        "coordinates": [
          77.0552487,
          28.4130678
        ]
      },
      "properties": {
        "id": 11273940037,
        "name": "HDFC atm",
        "operator": "Unknown Bank",
        "amenity": "atm"
      }
    },
    {
      "type": "Feature",
      "geometry": {
        "type": "Point",
        "coordinates": [
          77.0554298,
          28.412674
        ]
      },
      "properties": {
        "id": 11273947397,
        "name": "State Bank of India",
        "operator": "Unknown Bank",
        "amenity": "bank"
      }
    },
    {
      "type": "Feature",
      "geometry": {
        "type": "Point",
        "coordinates": [
          77.0552296,
          28.413235
        ]
      },
      "properties": {
        "id": 11273948156,
        "name": "IDFC First Bank",
        "operator": "Unknown Bank",
        "amenity": "bank"
      }
    },
    {
      "type": "Feature",
      "geometry": {
        "type": "Point",
        "coordinates": [
          77.0553589,
          28.4127054
        ]
      },
      "properties": {
        "id": 11273950020,
        "name": "SBI ATM",
        "operator": "State Bank of India",
        "amenity": "atm"
      }
    },
    {
      "type": "Feature",
      "geometry": {
        "type": "Point",
        "coordinates": [
          77.0552363,
          28.4128435
        ]
      },
      "properties": {
        "id": 11273951303,
        "name": "Yes Bank ATM",
        "operator": "Yes Bank",
        "amenity": "atm"
      }
    },
    {
      "type": "Feature",
      "geometry": {
        "type": "Point",
        "coordinates": [
          77.0552499,
          28.4133871
        ]
      },
      "properties": {
        "id": 11273952091,
        "name": "Axis Bank",
        "operator": "Unknown Bank",
        "amenity": "bank"
      }
    },
    {
      "type": "Feature",
      "geometry": {
        "type": "Point",
        "coordinates": [
          77.0552506,
          28.4134421
        ]
      },
      "properties": {
        "id": 11273953827,
        "name": "Kotak mahendra bank",
        "operator": "Unknown Bank",
        "amenity": "bank"
      }
    },
    {
      "type": "Feature",
      "geometry": {
        "type": "Point",
        "coordinates": [
          77.2242042,
          28.5434754
        ]
      },
      "properties": {
        "id": 11288754555,
        "name": "HDFC Bank",
        "operator": "HDFC Bank",
        "amenity": "atm"
      }
    },
    {
      "type": "Feature",
      "geometry": {
        "type": "Point",
        "coordinates": [
          77.2275931,
          28.6007035
        ]
      },
      "properties": {
        "id": 11297280210,
        "name": "HDFC Bank",
        "operator": "HDFC Bank",
        "amenity": "atm"
      }
    },
    {
      "type": "Feature",
      "geometry": {
        "type": "Point",
        "coordinates": [
          77.22783,
          28.6005073
        ]
      },
      "properties": {
        "id": 11297311426,
        "name": "Axis Bank",
        "operator": "Axis Bank",
        "amenity": "atm"
      }
    },
    {
      "type": "Feature",
      "geometry": {
        "type": "Point",
        "coordinates": [
          77.2276217,
          28.6006831
        ]
      },
      "properties": {
        "id": 11297311427,
        "name": "HDFC Bank",
        "operator": "Unknown Bank",
        "amenity": "bank"
      }
    },
    {
      "type": "Feature",
      "geometry": {
        "type": "Point",
        "coordinates": [
          77.227831,
          28.6004772
        ]
      },
      "properties": {
        "id": 11297320407,
        "name": "Axis Bank",
        "operator": "Unknown Bank",
        "amenity": "bank"
      }
    },
    {
      "type": "Feature",
      "geometry": {
        "type": "Point",
        "coordinates": [
          77.2045702,
          28.5601205
        ]
      },
      "properties": {
        "id": 11302717261,
        "name": "Indian Bank",
        "operator": "Indian Bank",
        "amenity": "atm"
      }
    },
    {
      "type": "Feature",
      "geometry": {
        "type": "Point",
        "coordinates": [
          77.1957417,
          28.5590049
        ]
      },
      "properties": {
        "id": 11302738994,
        "name": "HDFC Bank",
        "operator": "HDFC Bank",
        "amenity": "atm"
      }
    },
    {
      "type": "Feature",
      "geometry": {
        "type": "Point",
        "coordinates": [
          77.2018938,
          28.5607356
        ]
      },
      "properties": {
        "id": 11302768601,
        "name": "State Bank of India",
        "operator": "Unknown Bank",
        "amenity": "bank"
      }
    },
    {
      "type": "Feature",
      "geometry": {
        "type": "Point",
        "coordinates": [
          77.2045563,
          28.56013
        ]
      },
      "properties": {
        "id": 11302789784,
        "name": "Indian Bank",
        "operator": "Unknown Bank",
        "amenity": "bank"
      }
    },
    {
      "type": "Feature",
      "geometry": {
        "type": "Point",
        "coordinates": [
          77.2197792,
          28.5639725
        ]
      },
      "properties": {
        "id": 11327738863,
        "name": "Unknown",
        "operator": "Punjab National Bank",
        "amenity": "atm"
      }
    },
    {
      "type": "Feature",
      "geometry": {
        "type": "Point",
        "coordinates": [
          77.1021336,
          28.4399379
        ]
      },
      "properties": {
        "id": 11332955343,
        "name": "HDFC Bank",
        "operator": "Unknown Bank",
        "amenity": "bank"
      }
    },
    {
      "type": "Feature",
      "geometry": {
        "type": "Point",
        "coordinates": [
          77.1152737,
          28.7340307
        ]
      },
      "properties": {
        "id": 11388851652,
        "name": "Unknown",
        "operator": "ICICI Bank",
        "amenity": "atm"
      }
    },
    {
      "type": "Feature",
      "geometry": {
        "type": "Point",
        "coordinates": [
          77.1135027,
          28.7342799
        ]
      },
      "properties": {
        "id": 11389511376,
        "name": "State Bank of India",
        "operator": "Unknown Bank",
        "amenity": "bank"
      }
    },
    {
      "type": "Feature",
      "geometry": {
        "type": "Point",
        "coordinates": [
          77.1146848,
          28.7349627
        ]
      },
      "properties": {
        "id": 11389511391,
        "name": "Unknown",
        "operator": "Union Bank of India",
        "amenity": "atm"
      }
    },
    {
      "type": "Feature",
      "geometry": {
        "type": "Point",
        "coordinates": [
          77.1139991,
          28.7347137
        ]
      },
      "properties": {
        "id": 11389511398,
        "name": "IDBI Bank",
        "operator": "Unknown Bank",
        "amenity": "bank"
      }
    },
    {
      "type": "Feature",
      "geometry": {
        "type": "Point",
        "coordinates": [
          77.2106873,
          28.5374122
        ]
      },
      "properties": {
        "id": 11409393170,
        "name": "Unknown",
        "operator": "Axis Bank",
        "amenity": "atm"
      }
    },
    {
      "type": "Feature",
      "geometry": {
        "type": "Point",
        "coordinates": [
          77.2192589,
          28.6323421
        ]
      },
      "properties": {
        "id": 11443161937,
        "name": "Unknown",
        "operator": "State Bank of India",
        "amenity": "atm"
      }
    },
    {
      "type": "Feature",
      "geometry": {
        "type": "Point",
        "coordinates": [
          77.216355,
          28.6316678
        ]
      },
      "properties": {
        "id": 11449298397,
        "name": "State Bank of India",
        "operator": "State Bank of India",
        "amenity": "atm"
      }
    },
    {
      "type": "Feature",
      "geometry": {
        "type": "Point",
        "coordinates": [
          77.216345,
          28.6317223
        ]
      },
      "properties": {
        "id": 11449298398,
        "name": "State Bank of India",
        "operator": "Unknown Bank",
        "amenity": "bank"
      }
    },
    {
      "type": "Feature",
      "geometry": {
        "type": "Point",
        "coordinates": [
          77.1933106,
          28.5619887
        ]
      },
      "properties": {
        "id": 11480691822,
        "name": "Axis Bank",
        "operator": "Axis Bank",
        "amenity": "atm"
      }
    },
    {
      "type": "Feature",
      "geometry": {
        "type": "Point",
        "coordinates": [
          77.085136,
          28.5542223
        ]
      },
      "properties": {
        "id": 11545414516,
        "name": "SBI ATM State Bank of India",
        "operator": "State Bank of India",
        "amenity": "atm"
      }
    },
    {
      "type": "Feature",
      "geometry": {
        "type": "Point",
        "coordinates": [
          77.0850778,
          28.5542898
        ]
      },
      "properties": {
        "id": 11545414517,
        "name": "Citibank ATM",
        "operator": "Citibank",
        "amenity": "atm"
      }
    },
    {
      "type": "Feature",
      "geometry": {
        "type": "Point",
        "coordinates": [
          77.0845832,
          28.5547264
        ]
      },
      "properties": {
        "id": 11545414518,
        "name": "IndusInd Bank",
        "operator": "IndusInd Bank",
        "amenity": "atm"
      }
    },
    {
      "type": "Feature",
      "geometry": {
        "type": "Point",
        "coordinates": [
          77.0841363,
          28.5551071
        ]
      },
      "properties": {
        "id": 11545414519,
        "name": "IndusInd Bank",
        "operator": "IndusInd Bank",
        "amenity": "atm"
      }
    },
    {
      "type": "Feature",
      "geometry": {
        "type": "Point",
        "coordinates": [
          77.0843918,
          28.5550358
        ]
      },
      "properties": {
        "id": 11545414520,
        "name": "IndusInd Bank",
        "operator": "IndusInd Bank",
        "amenity": "atm"
      }
    },
    {
      "type": "Feature",
      "geometry": {
        "type": "Point",
        "coordinates": [
          77.0844517,
          28.5550883
        ]
      },
      "properties": {
        "id": 11545414521,
        "name": "Kotak Mahindra Bank",
        "operator": "Kotak Mahindra Bank",
        "amenity": "atm"
      }
    },
    {
      "type": "Feature",
      "geometry": {
        "type": "Point",
        "coordinates": [
          77.1193546,
          28.5626421
        ]
      },
      "properties": {
        "id": 11545414522,
        "name": "SBI ATM State bank of india",
        "operator": "State Bank of India",
        "amenity": "atm"
      }
    },
    {
      "type": "Feature",
      "geometry": {
        "type": "Point",
        "coordinates": [
          77.1195719,
          28.5624984
        ]
      },
      "properties": {
        "id": 11545414523,
        "name": "Indusind bank ATM",
        "operator": "IndusInd Bank",
        "amenity": "atm"
      }
    },
    {
      "type": "Feature",
      "geometry": {
        "type": "Point",
        "coordinates": [
          77.1198937,
          28.5627128
        ]
      },
      "properties": {
        "id": 11545414524,
        "name": "Vijaya bank ATM",
        "operator": "Bank of Baroda",
        "amenity": "atm"
      }
    },
    {
      "type": "Feature",
      "geometry": {
        "type": "Point",
        "coordinates": [
          77.1299643,
          28.7050206
        ]
      },
      "properties": {
        "id": 11578114948,
        "name": "Unknown",
        "operator": "Punjab National Bank",
        "amenity": "atm"
      }
    },
    {
      "type": "Feature",
      "geometry": {
        "type": "Point",
        "coordinates": [
          77.1381322,
          28.7131782
        ]
      },
      "properties": {
        "id": 11583977996,
        "name": "Utkarsh Small Finance Bank",
        "operator": "Unknown Bank",
        "amenity": "bank"
      }
    },
    {
      "type": "Feature",
      "geometry": {
        "type": "Point",
        "coordinates": [
          77.1381672,
          28.7133067
        ]
      },
      "properties": {
        "id": 11583978039,
        "name": "Axis Bank",
        "operator": "Unknown Bank",
        "amenity": "bank"
      }
    },
    {
      "type": "Feature",
      "geometry": {
        "type": "Point",
        "coordinates": [
          77.1380841,
          28.7130892
        ]
      },
      "properties": {
        "id": 11583978050,
        "name": "Yes Bank",
        "operator": "Unknown Bank",
        "amenity": "bank"
      }
    },
    {
      "type": "Feature",
      "geometry": {
        "type": "Point",
        "coordinates": [
          77.1380001,
          28.7128528
        ]
      },
      "properties": {
        "id": 11583984572,
        "name": "ICICI Bank",
        "operator": "Unknown Bank",
        "amenity": "bank"
      }
    },
    {
      "type": "Feature",
      "geometry": {
        "type": "Point",
        "coordinates": [
          77.138035,
          28.7129869
        ]
      },
      "properties": {
        "id": 11583984575,
        "name": "Federal Bank",
        "operator": "Unknown Bank",
        "amenity": "bank"
      }
    },
    {
      "type": "Feature",
      "geometry": {
        "type": "Point",
        "coordinates": [
          77.1904718,
          28.6445453
        ]
      },
      "properties": {
        "id": 11609607899,
        "name": "State Bank of India",
        "operator": "Unknown Bank",
        "amenity": "bank"
      }
    },
    {
      "type": "Feature",
      "geometry": {
        "type": "Point",
        "coordinates": [
          77.1712831,
          28.6441476
        ]
      },
      "properties": {
        "id": 11633754789,
        "name": "Kotak Mahindra Bank",
        "operator": "Unknown Bank",
        "amenity": "bank"
      }
    },
    {
      "type": "Feature",
      "geometry": {
        "type": "Point",
        "coordinates": [
          77.048653,
          28.4118993
        ]
      },
      "properties": {
        "id": 11634093111,
        "name": "Unknown",
        "operator": "IndusInd Bank",
        "amenity": "atm"
      }
    },
    {
      "type": "Feature",
      "geometry": {
        "type": "Point",
        "coordinates": [
          77.2169663,
          28.6336824
        ]
      },
      "properties": {
        "id": 11637330958,
        "name": "Karnataka Bank",
        "operator": "Unknown Bank",
        "amenity": "bank"
      }
    },
    {
      "type": "Feature",
      "geometry": {
        "type": "Point",
        "coordinates": [
          77.2189047,
          28.6349355
        ]
      },
      "properties": {
        "id": 11637338912,
        "name": "Bank of India",
        "operator": "Unknown Bank",
        "amenity": "bank"
      }
    },
    {
      "type": "Feature",
      "geometry": {
        "type": "Point",
        "coordinates": [
          77.2183109,
          28.6346813
        ]
      },
      "properties": {
        "id": 11637338914,
        "name": "Punjab National Bank",
        "operator": "Unknown Bank",
        "amenity": "bank"
      }
    },
    {
      "type": "Feature",
      "geometry": {
        "type": "Point",
        "coordinates": [
          77.216686,
          28.6329073
        ]
      },
      "properties": {
        "id": 11637354349,
        "name": "Bank of Baroda",
        "operator": "Unknown Bank",
        "amenity": "bank"
      }
    },
    {
      "type": "Feature",
      "geometry": {
        "type": "Point",
        "coordinates": [
          77.2166213,
          28.6327615
        ]
      },
      "properties": {
        "id": 11637365580,
        "name": "CSB Bank",
        "operator": "Unknown Bank",
        "amenity": "bank"
      }
    },
    {
      "type": "Feature",
      "geometry": {
        "type": "Point",
        "coordinates": [
          77.2419548,
          28.5812243
        ]
      },
      "properties": {
        "id": 11660106869,
        "name": "Unknown",
        "operator": "Unknown Bank",
        "amenity": "atm"
      }
    },
    {
      "type": "Feature",
      "geometry": {
        "type": "Point",
        "coordinates": [
          77.1939259,
          28.6882268
        ]
      },
      "properties": {
        "id": 11684987572,
        "name": "HDFC Bank",
        "operator": "Unknown Bank",
        "amenity": "bank"
      }
    },
    {
      "type": "Feature",
      "geometry": {
        "type": "Point",
        "coordinates": [
          77.1061225,
          28.5148093
        ]
      },
      "properties": {
        "id": 11688160164,
        "name": "Corporation Bank",
        "operator": "Unknown Bank",
        "amenity": "bank"
      }
    },
    {
      "type": "Feature",
      "geometry": {
        "type": "Point",
        "coordinates": [
          77.1066454,
          28.5145607
        ]
      },
      "properties": {
        "id": 11688160165,
        "name": "Unknown",
        "operator": "ICICI Bank",
        "amenity": "atm"
      }
    },
    {
      "type": "Feature",
      "geometry": {
        "type": "Point",
        "coordinates": [
          77.1078043,
          28.5160429
        ]
      },
      "properties": {
        "id": 11688160172,
        "name": "Unknown",
        "operator": "Axis Bank ATM",
        "amenity": "atm"
      }
    },
    {
      "type": "Feature",
      "geometry": {
        "type": "Point",
        "coordinates": [
          77.1071958,
          28.5145665
        ]
      },
      "properties": {
        "id": 11688160175,
        "name": "Indian Bank",
        "operator": "Unknown Bank",
        "amenity": "bank"
      }
    },
    {
      "type": "Feature",
      "geometry": {
        "type": "Point",
        "coordinates": [
          77.2916235,
          28.6914865
        ]
      },
      "properties": {
        "id": 11690585141,
        "name": "BANK OF BARODA JYOTI NAGAR",
        "operator": "Unknown Bank",
        "amenity": "bank"
      }
    },
    {
      "type": "Feature",
      "geometry": {
        "type": "Point",
        "coordinates": [
          77.2920557,
          28.6919562
        ]
      },
      "properties": {
        "id": 11690591123,
        "name": "HDFC BANK",
        "operator": "Unknown Bank",
        "amenity": "bank"
      }
    },
    {
      "type": "Feature",
      "geometry": {
        "type": "Point",
        "coordinates": [
          77.050174,
          28.5644878
        ]
      },
      "properties": {
        "id": 11691408377,
        "name": "State Bank of India",
        "operator": "Unknown Bank",
        "amenity": "bank"
      }
    },
    {
      "type": "Feature",
      "geometry": {
        "type": "Point",
        "coordinates": [
          77.2958816,
          28.7360032
        ]
      },
      "properties": {
        "id": 11691729515,
        "name": "Unknown",
        "operator": "Unknown Bank",
        "amenity": "atm"
      }
    },
    {
      "type": "Feature",
      "geometry": {
        "type": "Point",
        "coordinates": [
          77.2887083,
          28.7358516
        ]
      },
      "properties": {
        "id": 11697644711,
        "name": "Unknown",
        "operator": "Unknown Bank",
        "amenity": "atm"
      }
    },
    {
      "type": "Feature",
      "geometry": {
        "type": "Point",
        "coordinates": [
          77.2889248,
          28.7359596
        ]
      },
      "properties": {
        "id": 11697657942,
        "name": "Unknown",
        "operator": "Unknown Bank",
        "amenity": "atm"
      }
    },
    {
      "type": "Feature",
      "geometry": {
        "type": "Point",
        "coordinates": [
          77.2955164,
          28.7361389
        ]
      },
      "properties": {
        "id": 11697715404,
        "name": "Unknown",
        "operator": "Unknown Bank",
        "amenity": "atm"
      }
    },
    {
      "type": "Feature",
      "geometry": {
        "type": "Point",
        "coordinates": [
          77.282637,
          28.4965873
        ]
      },
      "properties": {
        "id": 11697955765,
        "name": "Unknown",
        "operator": "axis bank ATM",
        "amenity": "atm"
      }
    },
    {
      "type": "Feature",
      "geometry": {
        "type": "Point",
        "coordinates": [
          77.237689,
          28.5111474
        ]
      },
      "properties": {
        "id": 11698085444,
        "name": "Unknown",
        "operator": "union bank",
        "amenity": "atm"
      }
    },
    {
      "type": "Feature",
      "geometry": {
        "type": "Point",
        "coordinates": [
          77.0471503,
          28.602111
        ]
      },
      "properties": {
        "id": 11698425262,
        "name": "pnb",
        "operator": "Unknown Bank",
        "amenity": "bank"
      }
    },
    {
      "type": "Feature",
      "geometry": {
        "type": "Point",
        "coordinates": [
          77.0472671,
          28.6022996
        ]
      },
      "properties": {
        "id": 11698484806,
        "name": "Unknown",
        "operator": "pnb atm",
        "amenity": "atm"
      }
    },
    {
      "type": "Feature",
      "geometry": {
        "type": "Point",
        "coordinates": [
          77.1306102,
          28.748511
        ]
      },
      "properties": {
        "id": 11698642981,
        "name": "Unknown",
        "operator": "Union Bank of India ATM",
        "amenity": "atm"
      }
    },
    {
      "type": "Feature",
      "geometry": {
        "type": "Point",
        "coordinates": [
          77.2532736,
          28.5491579
        ]
      },
      "properties": {
        "id": 11726857266,
        "name": "Bandhan Bank",
        "operator": "Unknown Bank",
        "amenity": "bank"
      }
    },
    {
      "type": "Feature",
      "geometry": {
        "type": "Point",
        "coordinates": [
          77.0331845,
          28.6117674
        ]
      },
      "properties": {
        "id": 11738436718,
        "name": "Punjab National Bank",
        "operator": "Unknown Bank",
        "amenity": "bank"
      }
    },
    {
      "type": "Feature",
      "geometry": {
        "type": "Point",
        "coordinates": [
          77.0331868,
          28.6117511
        ]
      },
      "properties": {
        "id": 11738436719,
        "name": "Unknown",
        "operator": "Punjab National Bank",
        "amenity": "atm"
      }
    },
    {
      "type": "Feature",
      "geometry": {
        "type": "Point",
        "coordinates": [
          77.1231866,
          28.596814
        ]
      },
      "properties": {
        "id": 11778265113,
        "name": "Central Bank of India",
        "operator": "Unknown Bank",
        "amenity": "bank"
      }
    },
    {
      "type": "Feature",
      "geometry": {
        "type": "Point",
        "coordinates": [
          77.2084278,
          28.6787062
        ]
      },
      "properties": {
        "id": 11778344671,
        "name": "Canara Bank",
        "operator": "Unknown Bank",
        "amenity": "bank"
      }
    },
    {
      "type": "Feature",
      "geometry": {
        "type": "Point",
        "coordinates": [
          77.196814,
          28.645968
        ]
      },
      "properties": {
        "id": 11778364550,
        "name": "Federal Bank",
        "operator": "Unknown Bank",
        "amenity": "bank"
      }
    },
    {
      "type": "Feature",
      "geometry": {
        "type": "Point",
        "coordinates": [
          77.2151961,
          28.6952877
        ]
      },
      "properties": {
        "id": 11786927050,
        "name": "Punjab National Bank",
        "operator": "Punjab National Bank",
        "amenity": "atm"
      }
    },
    {
      "type": "Feature",
      "geometry": {
        "type": "Point",
        "coordinates": [
          77.2197381,
          28.6286352
        ]
      },
      "properties": {
        "id": 11795618864,
        "name": "ICICI Bank",
        "operator": "Unknown Bank",
        "amenity": "bank"
      }
    },
    {
      "type": "Feature",
      "geometry": {
        "type": "Point",
        "coordinates": [
          77.2227151,
          28.6328514
        ]
      },
      "properties": {
        "id": 11799184121,
        "name": "HDFC Bank",
        "operator": "Unknown Bank",
        "amenity": "bank"
      }
    },
    {
      "type": "Feature",
      "geometry": {
        "type": "Point",
        "coordinates": [
          77.2227131,
          28.6327463
        ]
      },
      "properties": {
        "id": 11799184124,
        "name": "Union Bank of India",
        "operator": "Unknown Bank",
        "amenity": "bank"
      }
    },
    {
      "type": "Feature",
      "geometry": {
        "type": "Point",
        "coordinates": [
          77.2004624,
          28.6444389
        ]
      },
      "properties": {
        "id": 11799187510,
        "name": "HDFC Bank",
        "operator": "Unknown Bank",
        "amenity": "bank"
      }
    },
    {
      "type": "Feature",
      "geometry": {
        "type": "Point",
        "coordinates": [
          77.2081894,
          28.6797377
        ]
      },
      "properties": {
        "id": 11802147567,
        "name": "ICICI Bank",
        "operator": "Unknown Bank",
        "amenity": "bank"
      }
    },
    {
      "type": "Feature",
      "geometry": {
        "type": "Point",
        "coordinates": [
          77.1679014,
          28.5880173
        ]
      },
      "properties": {
        "id": 11813707991,
        "name": "Unknown",
        "operator": "ICICI Bank",
        "amenity": "atm"
      }
    },
    {
      "type": "Feature",
      "geometry": {
        "type": "Point",
        "coordinates": [
          77.2860558,
          28.6354666
        ]
      },
      "properties": {
        "id": 11816260777,
        "name": "ICICI Bank",
        "operator": "ICICI Bank",
        "amenity": "atm"
      }
    },
    {
      "type": "Feature",
      "geometry": {
        "type": "Point",
        "coordinates": [
          77.1691626,
          28.586802
        ]
      },
      "properties": {
        "id": 11818491475,
        "name": "Punjab National Bank",
        "operator": "Unknown Bank",
        "amenity": "bank"
      }
    },
    {
      "type": "Feature",
      "geometry": {
        "type": "Point",
        "coordinates": [
          77.1690259,
          28.5875348
        ]
      },
      "properties": {
        "id": 11818675682,
        "name": "Unknown",
        "operator": "Yes Bank",
        "amenity": "atm"
      }
    },
    {
      "type": "Feature",
      "geometry": {
        "type": "Point",
        "coordinates": [
          77.2219806,
          28.6326523
        ]
      },
      "properties": {
        "id": 11827370421,
        "name": "Punjab National Bank",
        "operator": "Punjab National Bank",
        "amenity": "atm"
      }
    },
    {
      "type": "Feature",
      "geometry": {
        "type": "Point",
        "coordinates": [
          77.2033099,
          28.6575262
        ]
      },
      "properties": {
        "id": 11832459496,
        "name": "Indraprastha Sehkari Bank",
        "operator": "Unknown Bank",
        "amenity": "bank"
      }
    },
    {
      "type": "Feature",
      "geometry": {
        "type": "Point",
        "coordinates": [
          77.209867,
          28.6459492
        ]
      },
      "properties": {
        "id": 11833042045,
        "name": "Punjab National Bank",
        "operator": "Unknown Bank",
        "amenity": "bank"
      }
    },
    {
      "type": "Feature",
      "geometry": {
        "type": "Point",
        "coordinates": [
          77.1230909,
          28.5966088
        ]
      },
      "properties": {
        "id": 11837484613,
        "name": "Indian Bank",
        "operator": "Unknown Bank",
        "amenity": "bank"
      }
    },
    {
      "type": "Feature",
      "geometry": {
        "type": "Point",
        "coordinates": [
          77.2033814,
          28.6583791
        ]
      },
      "properties": {
        "id": 11849811728,
        "name": "State Bank of India",
        "operator": "State Bank of India",
        "amenity": "atm"
      }
    },
    {
      "type": "Feature",
      "geometry": {
        "type": "Point",
        "coordinates": [
          77.1204725,
          28.5916589
        ]
      },
      "properties": {
        "id": 11862202633,
        "name": "Indian Overseas Bank",
        "operator": "Unknown Bank",
        "amenity": "bank"
      }
    },
    {
      "type": "Feature",
      "geometry": {
        "type": "Point",
        "coordinates": [
          77.2254919,
          28.6300407
        ]
      },
      "properties": {
        "id": 11868892365,
        "name": "State Bank of India",
        "operator": "Unknown Bank",
        "amenity": "bank"
      }
    },
    {
      "type": "Feature",
      "geometry": {
        "type": "Point",
        "coordinates": [
          77.2258282,
          28.6299332
        ]
      },
      "properties": {
        "id": 11868892367,
        "name": "HDFC Bank",
        "operator": "Unknown Bank",
        "amenity": "bank"
      }
    },
    {
      "type": "Feature",
      "geometry": {
        "type": "Point",
        "coordinates": [
          77.2249334,
          28.6290813
        ]
      },
      "properties": {
        "id": 11868931767,
        "name": "Canara Bank",
        "operator": "Unknown Bank",
        "amenity": "bank"
      }
    },
    {
      "type": "Feature",
      "geometry": {
        "type": "Point",
        "coordinates": [
          77.2252225,
          28.6290137
        ]
      },
      "properties": {
        "id": 11868985155,
        "name": "Aditya Birla Capital",
        "operator": "Unknown Bank",
        "amenity": "bank"
      }
    },
    {
      "type": "Feature",
      "geometry": {
        "type": "Point",
        "coordinates": [
          77.2256733,
          28.6288659
        ]
      },
      "properties": {
        "id": 11868985156,
        "name": "RBL Bank",
        "operator": "Unknown Bank",
        "amenity": "bank"
      }
    },
    {
      "type": "Feature",
      "geometry": {
        "type": "Point",
        "coordinates": [
          77.2249525,
          28.6291263
        ]
      },
      "properties": {
        "id": 11868985169,
        "name": "Dhanlaxmi Bank",
        "operator": "Unknown Bank",
        "amenity": "bank"
      }
    },
    {
      "type": "Feature",
      "geometry": {
        "type": "Point",
        "coordinates": [
          77.2258103,
          28.568094
        ]
      },
      "properties": {
        "id": 11871731689,
        "name": "ICICI Bank",
        "operator": "Unknown Bank",
        "amenity": "bank"
      }
    },
    {
      "type": "Feature",
      "geometry": {
        "type": "Point",
        "coordinates": [
          77.2175505,
          28.5683647
        ]
      },
      "properties": {
        "id": 11871762214,
        "name": "Axis Bank",
        "operator": "Unknown Bank",
        "amenity": "bank"
      }
    },
    {
      "type": "Feature",
      "geometry": {
        "type": "Point",
        "coordinates": [
          77.1226445,
          28.594839
        ]
      },
      "properties": {
        "id": 11873753850,
        "name": "Union Bank of India",
        "operator": "Union Bank of India",
        "amenity": "bank"
      }
    },
    {
      "type": "Feature",
      "geometry": {
        "type": "Point",
        "coordinates": [
          77.122833,
          28.5952331
        ]
      },
      "properties": {
        "id": 11873857912,
        "name": "ICICI Bank",
        "operator": "Unknown Bank",
        "amenity": "bank"
      }
    },
    {
      "type": "Feature",
      "geometry": {
        "type": "Point",
        "coordinates": [
          77.1224913,
          28.5945731
        ]
      },
      "properties": {
        "id": 11881217923,
        "name": "Kotak Mahindra Bank",
        "operator": "Kotak Mahindra Bank",
        "amenity": "atm"
      }
    },
    {
      "type": "Feature",
      "geometry": {
        "type": "Point",
        "coordinates": [
          77.1224985,
          28.5945872
        ]
      },
      "properties": {
        "id": 11881217961,
        "name": "Axis Bank",
        "operator": "Axis Bank",
        "amenity": "atm"
      }
    },
    {
      "type": "Feature",
      "geometry": {
        "type": "Point",
        "coordinates": [
          77.0864623,
          28.5585422
        ]
      },
      "properties": {
        "id": 11881372212,
        "name": "Unknown",
        "operator": "Kotak Mahindra Bank",
        "amenity": "atm"
      }
    },
    {
      "type": "Feature",
      "geometry": {
        "type": "Point",
        "coordinates": [
          77.0864759,
          28.5585431
        ]
      },
      "properties": {
        "id": 11881372216,
        "name": "IDFC First Bank",
        "operator": "IDFC First Bank",
        "amenity": "atm"
      }
    },
    {
      "type": "Feature",
      "geometry": {
        "type": "Point",
        "coordinates": [
          77.1292668,
          28.5420264
        ]
      },
      "properties": {
        "id": 11882034360,
        "name": "Unknown",
        "operator": "HDFC Bank",
        "amenity": "atm"
      }
    },
    {
      "type": "Feature",
      "geometry": {
        "type": "Point",
        "coordinates": [
          77.1338863,
          28.5964135
        ]
      },
      "properties": {
        "id": 11896860196,
        "name": "Yes Bank",
        "operator": "Yes Bank",
        "amenity": "atm"
      }
    },
    {
      "type": "Feature",
      "geometry": {
        "type": "Point",
        "coordinates": [
          77.1329045,
          28.5963351
        ]
      },
      "properties": {
        "id": 11901174306,
        "name": "Punjab National Bank",
        "operator": "Unknown Bank",
        "amenity": "bank"
      }
    },
    {
      "type": "Feature",
      "geometry": {
        "type": "Point",
        "coordinates": [
          77.2778063,
          28.631006
        ]
      },
      "properties": {
        "id": 11914850896,
        "name": "Unknown",
        "operator": "Bank of Maharashtra",
        "amenity": "atm"
      }
    },
    {
      "type": "Feature",
      "geometry": {
        "type": "Point",
        "coordinates": [
          77.2764746,
          28.6294206
        ]
      },
      "properties": {
        "id": 11914861946,
        "name": "State Bank of India",
        "operator": "Unknown Bank",
        "amenity": "bank"
      }
    },
    {
      "type": "Feature",
      "geometry": {
        "type": "Point",
        "coordinates": [
          77.2778049,
          28.6310026
        ]
      },
      "properties": {
        "id": 11914864930,
        "name": "Bank of Maharashtra",
        "operator": "Unknown Bank",
        "amenity": "bank"
      }
    },
    {
      "type": "Feature",
      "geometry": {
        "type": "Point",
        "coordinates": [
          77.2777584,
          28.6309792
        ]
      },
      "properties": {
        "id": 11914871706,
        "name": "Bank of Maharashtra",
        "operator": "Unknown Bank",
        "amenity": "bank"
      }
    },
    {
      "type": "Feature",
      "geometry": {
        "type": "Point",
        "coordinates": [
          77.0315018,
          28.6179972
        ]
      },
      "properties": {
        "id": 11915188531,
        "name": "Unknown",
        "operator": "Kangra Bank ATM",
        "amenity": "atm"
      }
    },
    {
      "type": "Feature",
      "geometry": {
        "type": "Point",
        "coordinates": [
          77.0315065,
          28.6179852
        ]
      },
      "properties": {
        "id": 11915255194,
        "name": "The Kangra Co-operative Bank Limited",
        "operator": "Unknown Bank",
        "amenity": "bank"
      }
    },
    {
      "type": "Feature",
      "geometry": {
        "type": "Point",
        "coordinates": [
          77.088503,
          28.7327594
        ]
      },
      "properties": {
        "id": 11917115004,
        "name": "Indian Bank",
        "operator": "Unknown Bank",
        "amenity": "bank"
      }
    },
    {
      "type": "Feature",
      "geometry": {
        "type": "Point",
        "coordinates": [
          77.0881948,
          28.7323399
        ]
      },
      "properties": {
        "id": 11917129208,
        "name": "Bank of Baroda",
        "operator": "Unknown Bank",
        "amenity": "bank"
      }
    },
    {
      "type": "Feature",
      "geometry": {
        "type": "Point",
        "coordinates": [
          77.0880679,
          28.7322032
        ]
      },
      "properties": {
        "id": 11917129999,
        "name": "Axis Bank",
        "operator": "Unknown Bank",
        "amenity": "bank"
      }
    },
    {
      "type": "Feature",
      "geometry": {
        "type": "Point",
        "coordinates": [
          77.0878297,
          28.7319323
        ]
      },
      "properties": {
        "id": 11917138776,
        "name": "HDFC Bank",
        "operator": "Unknown Bank",
        "amenity": "bank"
      }
    },
    {
      "type": "Feature",
      "geometry": {
        "type": "Point",
        "coordinates": [
          77.0876505,
          28.7317285
        ]
      },
      "properties": {
        "id": 11917164472,
        "name": "Canara Bank",
        "operator": "Unknown Bank",
        "amenity": "bank"
      }
    },
    {
      "type": "Feature",
      "geometry": {
        "type": "Point",
        "coordinates": [
          77.2509512,
          28.5491316
        ]
      },
      "properties": {
        "id": 11917699015,
        "name": "Bank of Baroda",
        "operator": "Unknown Bank",
        "amenity": "bank"
      }
    },
    {
      "type": "Feature",
      "geometry": {
        "type": "Point",
        "coordinates": [
          77.0834877,
          28.7269918
        ]
      },
      "properties": {
        "id": 11919113271,
        "name": "Bank of India",
        "operator": "Unknown Bank",
        "amenity": "bank"
      }
    },
    {
      "type": "Feature",
      "geometry": {
        "type": "Point",
        "coordinates": [
          77.0818181,
          28.4512951
        ]
      },
      "properties": {
        "id": 11929097589,
        "name": "Punjab National Bank",
        "operator": "Unknown Bank",
        "amenity": "bank"
      }
    },
    {
      "type": "Feature",
      "geometry": {
        "type": "Point",
        "coordinates": [
          77.0817127,
          28.4507793
        ]
      },
      "properties": {
        "id": 11929097593,
        "name": "Unknown",
        "operator": "Bank of Baroda",
        "amenity": "atm"
      }
    },
    {
      "type": "Feature",
      "geometry": {
        "type": "Point",
        "coordinates": [
          77.0819161,
          28.4511443
        ]
      },
      "properties": {
        "id": 11929097594,
        "name": "Unknown",
        "operator": "Axis Bank",
        "amenity": "atm"
      }
    },
    {
      "type": "Feature",
      "geometry": {
        "type": "Point",
        "coordinates": [
          77.0818709,
          28.4512715
        ]
      },
      "properties": {
        "id": 11929097595,
        "name": "Unknown",
        "operator": "Punjab National Bank",
        "amenity": "atm"
      }
    },
    {
      "type": "Feature",
      "geometry": {
        "type": "Point",
        "coordinates": [
          77.0817406,
          28.4512629
        ]
      },
      "properties": {
        "id": 11929097596,
        "name": "HDFC Bank",
        "operator": "HDFC Bank Limited",
        "amenity": "bank"
      }
    },
    {
      "type": "Feature",
      "geometry": {
        "type": "Point",
        "coordinates": [
          77.0815839,
          28.4510217
        ]
      },
      "properties": {
        "id": 11929097597,
        "name": "ICICI Bank",
        "operator": "ICICI Bank Limited",
        "amenity": "bank"
      }
    },
    {
      "type": "Feature",
      "geometry": {
        "type": "Point",
        "coordinates": [
          77.0815598,
          28.4509926
        ]
      },
      "properties": {
        "id": 11929097598,
        "name": "Kotak Mahindra Bank",
        "operator": "Kotak Mahindra Bank Limited",
        "amenity": "bank"
      }
    },
    {
      "type": "Feature",
      "geometry": {
        "type": "Point",
        "coordinates": [
          77.0817022,
          28.4511774
        ]
      },
      "properties": {
        "id": 11929097600,
        "name": "Ujjivan Small Finance Bank",
        "operator": "Ujjivan Small Finance Bank Limited",
        "amenity": "bank"
      }
    },
    {
      "type": "Feature",
      "geometry": {
        "type": "Point",
        "coordinates": [
          77.0817448,
          28.4508302
        ]
      },
      "properties": {
        "id": 11929097623,
        "name": "Bank of Baroda",
        "operator": "Unknown Bank",
        "amenity": "bank"
      }
    },
    {
      "type": "Feature",
      "geometry": {
        "type": "Point",
        "coordinates": [
          77.0819589,
          28.4510998
        ]
      },
      "properties": {
        "id": 11929097624,
        "name": "Axis Bank",
        "operator": "Unknown Bank",
        "amenity": "bank"
      }
    },
    {
      "type": "Feature",
      "geometry": {
        "type": "Point",
        "coordinates": [
          77.0816064,
          28.4510648
        ]
      },
      "properties": {
        "id": 11929097641,
        "name": "Unknown",
        "operator": "ICICI Bank",
        "amenity": "atm"
      }
    },
    {
      "type": "Feature",
      "geometry": {
        "type": "Point",
        "coordinates": [
          77.0713317,
          28.478679
        ]
      },
      "properties": {
        "id": 11930060341,
        "name": "Axis Bank",
        "operator": "Axis Bank Limited",
        "amenity": "bank"
      }
    },
    {
      "type": "Feature",
      "geometry": {
        "type": "Point",
        "coordinates": [
          77.0712094,
          28.4785697
        ]
      },
      "properties": {
        "id": 11930060342,
        "name": "RBL Bank",
        "operator": "RBL Bank Limited",
        "amenity": "bank"
      }
    },
    {
      "type": "Feature",
      "geometry": {
        "type": "Point",
        "coordinates": [
          77.071068,
          28.5847904
        ]
      },
      "properties": {
        "id": 11938691873,
        "name": "RBL Bank",
        "operator": "Unknown Bank",
        "amenity": "bank"
      }
    },
    {
      "type": "Feature",
      "geometry": {
        "type": "Point",
        "coordinates": [
          77.0171922,
          28.5939734
        ]
      },
      "properties": {
        "id": 11947456405,
        "name": "Indian Bank",
        "operator": "Unknown Bank",
        "amenity": "bank"
      }
    },
    {
      "type": "Feature",
      "geometry": {
        "type": "Point",
        "coordinates": [
          77.2012362,
          28.645047
        ]
      },
      "properties": {
        "id": 11959841125,
        "name": "ICICI Bank",
        "operator": "ICICI Securities Limited",
        "amenity": "bank"
      }
    },
    {
      "type": "Feature",
      "geometry": {
        "type": "Point",
        "coordinates": [
          77.2504362,
          28.5391736
        ]
      },
      "properties": {
        "id": 11964843534,
        "name": "Punjab National Bank",
        "operator": "Unknown Bank",
        "amenity": "bank"
      }
    },
    {
      "type": "Feature",
      "geometry": {
        "type": "Point",
        "coordinates": [
          77.2713534,
          28.5639682
        ]
      },
      "properties": {
        "id": 11965957244,
        "name": "Indian Overseas Bank",
        "operator": "Unknown Bank",
        "amenity": "bank"
      }
    },
    {
      "type": "Feature",
      "geometry": {
        "type": "Point",
        "coordinates": [
          77.2013826,
          28.6439521
        ]
      },
      "properties": {
        "id": 11971462027,
        "name": "ICICI Bank",
        "operator": "Unknown Bank",
        "amenity": "bank"
      }
    },
    {
      "type": "Feature",
      "geometry": {
        "type": "Point",
        "coordinates": [
          77.2014351,
          28.64426
        ]
      },
      "properties": {
        "id": 11971465780,
        "name": "Bank of Baroda",
        "operator": "Unknown Bank",
        "amenity": "bank"
      }
    },
    {
      "type": "Feature",
      "geometry": {
        "type": "Point",
        "coordinates": [
          77.1206684,
          28.5920139
        ]
      },
      "properties": {
        "id": 11975425515,
        "name": "Punjab & Sind Bank",
        "operator": "Unknown Bank",
        "amenity": "bank"
      }
    },
    {
      "type": "Feature",
      "geometry": {
        "type": "Point",
        "coordinates": [
          77.1206795,
          28.5920341
        ]
      },
      "properties": {
        "id": 11975425522,
        "name": "Punjab National Bank",
        "operator": "Punjab National Bank",
        "amenity": "atm"
      }
    },
    {
      "type": "Feature",
      "geometry": {
        "type": "Point",
        "coordinates": [
          77.2484925,
          28.5372897
        ]
      },
      "properties": {
        "id": 11985404061,
        "name": "Punjab National Bank",
        "operator": "Unknown Bank",
        "amenity": "bank"
      }
    },
    {
      "type": "Feature",
      "geometry": {
        "type": "Point",
        "coordinates": [
          77.2323216,
          28.6290511
        ]
      },
      "properties": {
        "id": 11985483788,
        "name": "Punjab National Bank",
        "operator": "Punjab National Bank",
        "amenity": "atm"
      }
    },
    {
      "type": "Feature",
      "geometry": {
        "type": "Point",
        "coordinates": [
          77.2469826,
          28.5402757
        ]
      },
      "properties": {
        "id": 11985532451,
        "name": "ICIC Bank",
        "operator": "Unknown Bank",
        "amenity": "bank"
      }
    },
    {
      "type": "Feature",
      "geometry": {
        "type": "Point",
        "coordinates": [
          77.2477977,
          28.5404343
        ]
      },
      "properties": {
        "id": 11985543091,
        "name": "Punjab National Bank",
        "operator": "Unknown Bank",
        "amenity": "bank"
      }
    },
    {
      "type": "Feature",
      "geometry": {
        "type": "Point",
        "coordinates": [
          77.1329712,
          28.596897
        ]
      },
      "properties": {
        "id": 11989736423,
        "name": "State Bank of India",
        "operator": "State Bank of India",
        "amenity": "atm"
      }
    },
    {
      "type": "Feature",
      "geometry": {
        "type": "Point",
        "coordinates": [
          77.221722,
          28.6427247
        ]
      },
      "properties": {
        "id": 12016200924,
        "name": "Unknown",
        "operator": "Allahabad Bank",
        "amenity": "atm"
      }
    },
    {
      "type": "Feature",
      "geometry": {
        "type": "Point",
        "coordinates": [
          77.2217144,
          28.6427769
        ]
      },
      "properties": {
        "id": 12016200928,
        "name": "State Bank of India",
        "operator": "State Bank of India",
        "amenity": "atm"
      }
    },
    {
      "type": "Feature",
      "geometry": {
        "type": "Point",
        "coordinates": [
          77.2217267,
          28.6426658
        ]
      },
      "properties": {
        "id": 12016200929,
        "name": "Canara Bank",
        "operator": "Canara Bank",
        "amenity": "atm"
      }
    },
    {
      "type": "Feature",
      "geometry": {
        "type": "Point",
        "coordinates": [
          77.2868026,
          28.6614329
        ]
      },
      "properties": {
        "id": 12020183808,
        "name": "State Bank of India",
        "operator": "State Bank of India",
        "amenity": "atm"
      }
    },
    {
      "type": "Feature",
      "geometry": {
        "type": "Point",
        "coordinates": [
          77.1256076,
          28.7189446
        ]
      },
      "properties": {
        "id": 12028994761,
        "name": "ICICI Bank",
        "operator": "Unknown Bank",
        "amenity": "bank"
      }
    },
    {
      "type": "Feature",
      "geometry": {
        "type": "Point",
        "coordinates": [
          77.2970198,
          28.6425091
        ]
      },
      "properties": {
        "id": 12032869071,
        "name": "HDFC Bank",
        "operator": "Unknown Bank",
        "amenity": "bank"
      }
    },
    {
      "type": "Feature",
      "geometry": {
        "type": "Point",
        "coordinates": [
          77.1295818,
          28.7140471
        ]
      },
      "properties": {
        "id": 12035936769,
        "name": "IndusInd Bank",
        "operator": "Unknown Bank",
        "amenity": "bank"
      }
    },
    {
      "type": "Feature",
      "geometry": {
        "type": "Point",
        "coordinates": [
          77.2109771,
          28.63814
        ]
      },
      "properties": {
        "id": 12054396922,
        "name": "HDFC Bank",
        "operator": "Unknown Bank",
        "amenity": "bank"
      }
    },
    {
      "type": "Feature",
      "geometry": {
        "type": "Point",
        "coordinates": [
          77.2215847,
          28.6339108
        ]
      },
      "properties": {
        "id": 12065399324,
        "name": "South Indian Bank",
        "operator": "Unknown Bank",
        "amenity": "bank"
      }
    },
    {
      "type": "Feature",
      "geometry": {
        "type": "Point",
        "coordinates": [
          77.2215478,
          28.6338797
        ]
      },
      "properties": {
        "id": 12065399335,
        "name": "Unknown",
        "operator": "South Indian Bank",
        "amenity": "atm"
      }
    },
    {
      "type": "Feature",
      "geometry": {
        "type": "Point",
        "coordinates": [
          77.2857935,
          28.6367378
        ]
      },
      "properties": {
        "id": 12066219418,
        "name": "Unknown",
        "operator": "Kotak Mahindra Bank",
        "amenity": "atm"
      }
    },
    {
      "type": "Feature",
      "geometry": {
        "type": "Point",
        "coordinates": [
          77.0727632,
          28.4592127
        ]
      },
      "properties": {
        "id": 12091557061,
        "name": "Unknown",
        "operator": "State Bank of India",
        "amenity": "atm"
      }
    },
    {
      "type": "Feature",
      "geometry": {
        "type": "Point",
        "coordinates": [
          77.0780658,
          28.4604825
        ]
      },
      "properties": {
        "id": 12091616657,
        "name": "AU Small Finance Bank",
        "operator": "Unknown Bank",
        "amenity": "bank"
      }
    },
    {
      "type": "Feature",
      "geometry": {
        "type": "Point",
        "coordinates": [
          77.079346,
          28.4604124
        ]
      },
      "properties": {
        "id": 12091626142,
        "name": "Unknown",
        "operator": "Axis Bank Limited",
        "amenity": "atm"
      }
    },
    {
      "type": "Feature",
      "geometry": {
        "type": "Point",
        "coordinates": [
          77.2167018,
          28.6325936
        ]
      },
      "properties": {
        "id": 12092828103,
        "name": "Bank of India",
        "operator": "Unknown Bank",
        "amenity": "bank"
      }
    },
    {
      "type": "Feature",
      "geometry": {
        "type": "Point",
        "coordinates": [
          77.216701,
          28.6325537
        ]
      },
      "properties": {
        "id": 12092828928,
        "name": "Indian Bank",
        "operator": "Unknown Bank",
        "amenity": "bank"
      }
    },
    {
      "type": "Feature",
      "geometry": {
        "type": "Point",
        "coordinates": [
          77.2167179,
          28.6324968
        ]
      },
      "properties": {
        "id": 12092831604,
        "name": "J&K Bank",
        "operator": "Unknown Bank",
        "amenity": "bank"
      }
    },
    {
      "type": "Feature",
      "geometry": {
        "type": "Point",
        "coordinates": [
          77.2167369,
          28.6324472
        ]
      },
      "properties": {
        "id": 12092832041,
        "name": "Central Bank of India",
        "operator": "Unknown Bank",
        "amenity": "bank"
      }
    },
    {
      "type": "Feature",
      "geometry": {
        "type": "Point",
        "coordinates": [
          77.2523343,
          28.5398113
        ]
      },
      "properties": {
        "id": 12093503920,
        "name": "IndusInd Bank",
        "operator": "Unknown Bank",
        "amenity": "bank"
      }
    },
    {
      "type": "Feature",
      "geometry": {
        "type": "Point",
        "coordinates": [
          77.2522186,
          28.5398547
        ]
      },
      "properties": {
        "id": 12093503921,
        "name": "CSB Bank",
        "operator": "Unknown Bank",
        "amenity": "bank"
      }
    },
    {
      "type": "Feature",
      "geometry": {
        "type": "Point",
        "coordinates": [
          77.2221806,
          28.6329143
        ]
      },
      "properties": {
        "id": 12098494670,
        "name": "Indian Overseas Bank",
        "operator": "Unknown Bank",
        "amenity": "bank"
      }
    },
    {
      "type": "Feature",
      "geometry": {
        "type": "Point",
        "coordinates": [
          77.2968579,
          28.6185983
        ]
      },
      "properties": {
        "id": 12108172612,
        "name": "Canara Bank",
        "operator": "Unknown Bank",
        "amenity": "bank"
      }
    },
    {
      "type": "Feature",
      "geometry": {
        "type": "Point",
        "coordinates": [
          77.2930375,
          28.6177849
        ]
      },
      "properties": {
        "id": 12115519736,
        "name": "Punjab National Bank",
        "operator": "Unknown Bank",
        "amenity": "bank"
      }
    },
    {
      "type": "Feature",
      "geometry": {
        "type": "Point",
        "coordinates": [
          77.1923348,
          28.6474998
        ]
      },
      "properties": {
        "id": 12135340724,
        "name": "HDFC Bank",
        "operator": "Unknown Bank",
        "amenity": "bank"
      }
    },
    {
      "type": "Feature",
      "geometry": {
        "type": "Point",
        "coordinates": [
          77.1921758,
          28.6476251
        ]
      },
      "properties": {
        "id": 12135340725,
        "name": "Bandhan Bank",
        "operator": "Unknown Bank",
        "amenity": "bank"
      }
    },
    {
      "type": "Feature",
      "geometry": {
        "type": "Point",
        "coordinates": [
          77.1921406,
          28.6475785
        ]
      },
      "properties": {
        "id": 12135340726,
        "name": "Indian Bank",
        "operator": "Unknown Bank",
        "amenity": "bank"
      }
    },
    {
      "type": "Feature",
      "geometry": {
        "type": "Point",
        "coordinates": [
          77.1919734,
          28.6474925
        ]
      },
      "properties": {
        "id": 12135340727,
        "name": "AU Small Finance Bank",
        "operator": "Unknown Bank",
        "amenity": "bank"
      }
    },
    {
      "type": "Feature",
      "geometry": {
        "type": "Point",
        "coordinates": [
          77.1918739,
          28.647544
        ]
      },
      "properties": {
        "id": 12135340729,
        "name": "Indian Overseas Bank",
        "operator": "Unknown Bank",
        "amenity": "bank"
      }
    },
    {
      "type": "Feature",
      "geometry": {
        "type": "Point",
        "coordinates": [
          77.1920817,
          28.6458277
        ]
      },
      "properties": {
        "id": 12135351290,
        "name": "Punjab National Bank",
        "operator": "Unknown Bank",
        "amenity": "bank"
      }
    },
    {
      "type": "Feature",
      "geometry": {
        "type": "Point",
        "coordinates": [
          77.2508062,
          28.5466731
        ]
      },
      "properties": {
        "id": 12162059480,
        "name": "Canara Bank",
        "operator": "Unknown Bank",
        "amenity": "bank"
      }
    },
    {
      "type": "Feature",
      "geometry": {
        "type": "Point",
        "coordinates": [
          77.2974699,
          28.6292569
        ]
      },
      "properties": {
        "id": 12185790508,
        "name": "Unknown",
        "operator": "Unknown Bank",
        "amenity": "atm"
      }
    },
    {
      "type": "Feature",
      "geometry": {
        "type": "Point",
        "coordinates": [
          77.2427347,
          28.5814829
        ]
      },
      "properties": {
        "id": 12189675534,
        "name": "ICICI Bank",
        "operator": "Unknown Bank",
        "amenity": "bank"
      }
    },
    {
      "type": "Feature",
      "geometry": {
        "type": "Point",
        "coordinates": [
          77.2427347,
          28.5814829
        ]
      },
      "properties": {
        "id": 12189714392,
        "name": "ICICI Bank",
        "operator": "Unknown Bank",
        "amenity": "bank"
      }
    },
    {
      "type": "Feature",
      "geometry": {
        "type": "Point",
        "coordinates": [
          77.2087354,
          28.6925154
        ]
      },
      "properties": {
        "id": 12196467710,
        "name": "State Bank of India",
        "operator": "State Bank of India",
        "amenity": "atm"
      }
    },
    {
      "type": "Feature",
      "geometry": {
        "type": "Point",
        "coordinates": [
          77.210224,
          28.6961596
        ]
      },
      "properties": {
        "id": 12196479684,
        "name": "Punjab & Sind Bank",
        "operator": "Punjab & Sind Bank",
        "amenity": "atm"
      }
    },
    {
      "type": "Feature",
      "geometry": {
        "type": "Point",
        "coordinates": [
          77.2476224,
          28.5685852
        ]
      },
      "properties": {
        "id": 12208728715,
        "name": "City Union Bank",
        "operator": "Unknown Bank",
        "amenity": "bank"
      }
    },
    {
      "type": "Feature",
      "geometry": {
        "type": "Point",
        "coordinates": [
          77.2470844,
          28.5682951
        ]
      },
      "properties": {
        "id": 12208744131,
        "name": "ESAF Small Finance Bank",
        "operator": "Unknown Bank",
        "amenity": "bank"
      }
    },
    {
      "type": "Feature",
      "geometry": {
        "type": "Point",
        "coordinates": [
          77.2469642,
          28.5680516
        ]
      },
      "properties": {
        "id": 12208769445,
        "name": "Axis Bank",
        "operator": "Unknown Bank",
        "amenity": "bank"
      }
    },
    {
      "type": "Feature",
      "geometry": {
        "type": "Point",
        "coordinates": [
          77.246961,
          28.5680466
        ]
      },
      "properties": {
        "id": 12208769448,
        "name": "IndusInd Bank",
        "operator": "Unknown Bank",
        "amenity": "bank"
      }
    },
    {
      "type": "Feature",
      "geometry": {
        "type": "Point",
        "coordinates": [
          77.2473418,
          28.5679561
        ]
      },
      "properties": {
        "id": 12208781433,
        "name": "CSB Bank",
        "operator": "Unknown Bank",
        "amenity": "bank"
      }
    },
    {
      "type": "Feature",
      "geometry": {
        "type": "Point",
        "coordinates": [
          77.2091805,
          28.6817504
        ]
      },
      "properties": {
        "id": 12211190275,
        "name": "Canara Bank",
        "operator": "Unknown Bank",
        "amenity": "bank"
      }
    },
    {
      "type": "Feature",
      "geometry": {
        "type": "Point",
        "coordinates": [
          77.169959,
          28.6928937
        ]
      },
      "properties": {
        "id": 12219362873,
        "name": "HDFC Bank",
        "operator": "Unknown Bank",
        "amenity": "bank"
      }
    },
    {
      "type": "Feature",
      "geometry": {
        "type": "Point",
        "coordinates": [
          77.2471542,
          28.5684558
        ]
      },
      "properties": {
        "id": 12223870487,
        "name": "Ujjiwan Small Finance Bank",
        "operator": "Unknown Bank",
        "amenity": "bank"
      }
    },
    {
      "type": "Feature",
      "geometry": {
        "type": "Point",
        "coordinates": [
          77.0716113,
          28.5874069
        ]
      },
      "properties": {
        "id": 12223912039,
        "name": "Bank of Maharashtra",
        "operator": "Unknown Bank",
        "amenity": "bank"
      }
    },
    {
      "type": "Feature",
      "geometry": {
        "type": "Point",
        "coordinates": [
          77.0716363,
          28.5881104
        ]
      },
      "properties": {
        "id": 12223921248,
        "name": "HDFC Bank",
        "operator": "Unknown Bank",
        "amenity": "bank"
      }
    },
    {
      "type": "Feature",
      "geometry": {
        "type": "Point",
        "coordinates": [
          77.2081809,
          28.6860305
        ]
      },
      "properties": {
        "id": 12250019990,
        "name": "Union Bank of India",
        "operator": "Union Bank of India",
        "amenity": "atm"
      }
    },
    {
      "type": "Feature",
      "geometry": {
        "type": "Point",
        "coordinates": [
          77.1841255,
          28.5058524
        ]
      },
      "properties": {
        "id": 12254988654,
        "name": "Unknown",
        "operator": "State Bank of India",
        "amenity": "atm"
      }
    },
    {
      "type": "Feature",
      "geometry": {
        "type": "Point",
        "coordinates": [
          77.1200953,
          28.5823071
        ]
      },
      "properties": {
        "id": 12270431842,
        "name": "Punjab National Bank",
        "operator": "Punjab National Bank",
        "amenity": "atm"
      }
    },
    {
      "type": "Feature",
      "geometry": {
        "type": "Point",
        "coordinates": [
          77.1399057,
          28.6072273
        ]
      },
      "properties": {
        "id": 12271412938,
        "name": "Bank of India",
        "operator": "Bank of India",
        "amenity": "atm"
      }
    },
    {
      "type": "Feature",
      "geometry": {
        "type": "Point",
        "coordinates": [
          77.19226,
          28.6533614
        ]
      },
      "properties": {
        "id": 12307595323,
        "name": "RBL Bank",
        "operator": "Unknown Bank",
        "amenity": "bank"
      }
    },
    {
      "type": "Feature",
      "geometry": {
        "type": "Point",
        "coordinates": [
          77.1938736,
          28.6493692
        ]
      },
      "properties": {
        "id": 12307601409,
        "name": "ICICI Bank",
        "operator": "Unknown Bank",
        "amenity": "bank"
      }
    },
    {
      "type": "Feature",
      "geometry": {
        "type": "Point",
        "coordinates": [
          77.1938637,
          28.6493408
        ]
      },
      "properties": {
        "id": 12307601415,
        "name": "HDFC Bank",
        "operator": "Unknown Bank",
        "amenity": "bank"
      }
    },
    {
      "type": "Feature",
      "geometry": {
        "type": "Point",
        "coordinates": [
          77.1943078,
          28.6517334
        ]
      },
      "properties": {
        "id": 12307601417,
        "name": "ICICI Bank",
        "operator": "Unknown Bank",
        "amenity": "bank"
      }
    },
    {
      "type": "Feature",
      "geometry": {
        "type": "Point",
        "coordinates": [
          77.1942974,
          28.6517481
        ]
      },
      "properties": {
        "id": 12307601419,
        "name": "ICICI Bank",
        "operator": "ICICI Bank",
        "amenity": "atm"
      }
    },
    {
      "type": "Feature",
      "geometry": {
        "type": "Point",
        "coordinates": [
          77.1938823,
          28.6493851
        ]
      },
      "properties": {
        "id": 12307601420,
        "name": "ICICI Bank",
        "operator": "ICICI Bank",
        "amenity": "atm"
      }
    },
    {
      "type": "Feature",
      "geometry": {
        "type": "Point",
        "coordinates": [
          77.2083608,
          28.5494043
        ]
      },
      "properties": {
        "id": 12321104483,
        "name": "Axis Bank",
        "operator": "Axis Bank",
        "amenity": "atm"
      }
    },
    {
      "type": "Feature",
      "geometry": {
        "type": "Point",
        "coordinates": [
          77.2435683,
          28.5561119
        ]
      },
      "properties": {
        "id": 12344924790,
        "name": "HDFC Bank",
        "operator": "Unknown Bank",
        "amenity": "bank"
      }
    },
    {
      "type": "Feature",
      "geometry": {
        "type": "Point",
        "coordinates": [
          77.0715802,
          28.5838713
        ]
      },
      "properties": {
        "id": 12368969597,
        "name": "Jana Small Finance Bank",
        "operator": "Unknown Bank",
        "amenity": "bank"
      }
    },
    {
      "type": "Feature",
      "geometry": {
        "type": "Point",
        "coordinates": [
          77.232749,
          28.6562884
        ]
      },
      "properties": {
        "id": 12384421001,
        "name": "HDFC Bank",
        "operator": "Unknown Bank",
        "amenity": "bank"
      }
    },
    {
      "type": "Feature",
      "geometry": {
        "type": "Point",
        "coordinates": [
          77.0329206,
          28.6151209
        ]
      },
      "properties": {
        "id": 12390169340,
        "name": "Keshav Sahkari Bank Limited",
        "operator": "Unknown Bank",
        "amenity": "bank"
      }
    },
    {
      "type": "Feature",
      "geometry": {
        "type": "Point",
        "coordinates": [
          77.0711229,
          28.5853686
        ]
      },
      "properties": {
        "id": 12401372919,
        "name": "Kotak Mahindra Bank",
        "operator": "Unknown Bank",
        "amenity": "bank"
      }
    },
    {
      "type": "Feature",
      "geometry": {
        "type": "Point",
        "coordinates": [
          77.0711307,
          28.5855345
        ]
      },
      "properties": {
        "id": 12421936665,
        "name": "Unknown",
        "operator": "Punjab National Bank",
        "amenity": "atm"
      }
    },
    {
      "type": "Feature",
      "geometry": {
        "type": "Point",
        "coordinates": [
          77.1894233,
          28.5659208
        ]
      },
      "properties": {
        "id": 12438445565,
        "name": "RBL Bank",
        "operator": "Unknown Bank",
        "amenity": "bank"
      }
    },
    {
      "type": "Feature",
      "geometry": {
        "type": "Point",
        "coordinates": [
          77.2401691,
          28.6447159
        ]
      },
      "properties": {
        "id": 12440467191,
        "name": "Unknown",
        "operator": "Bank of Baroda",
        "amenity": "atm"
      }
    },
    {
      "type": "Feature",
      "geometry": {
        "type": "Point",
        "coordinates": [
          77.240638,
          28.6434739
        ]
      },
      "properties": {
        "id": 12440472700,
        "name": "Yes Bank",
        "operator": "Unknown Bank",
        "amenity": "bank"
      }
    },
    {
      "type": "Feature",
      "geometry": {
        "type": "Point",
        "coordinates": [
          77.2402299,
          28.6437486
        ]
      },
      "properties": {
        "id": 12440859350,
        "name": "Unknown",
        "operator": "HDFC Bank",
        "amenity": "atm"
      }
    },
    {
      "type": "Feature",
      "geometry": {
        "type": "Point",
        "coordinates": [
          77.2401686,
          28.6439081
        ]
      },
      "properties": {
        "id": 12440859351,
        "name": "Unknown",
        "operator": "ICICI Bank",
        "amenity": "atm"
      }
    },
    {
      "type": "Feature",
      "geometry": {
        "type": "Point",
        "coordinates": [
          77.240645,
          28.6434042
        ]
      },
      "properties": {
        "id": 12440861101,
        "name": "IndusInd Bank",
        "operator": "Unknown Bank",
        "amenity": "bank"
      }
    },
    {
      "type": "Feature",
      "geometry": {
        "type": "Point",
        "coordinates": [
          77.2406441,
          28.6433702
        ]
      },
      "properties": {
        "id": 12440861102,
        "name": "ICICI Bank",
        "operator": "Unknown Bank",
        "amenity": "bank"
      }
    },
    {
      "type": "Feature",
      "geometry": {
        "type": "Point",
        "coordinates": [
          77.2405089,
          28.6451931
        ]
      },
      "properties": {
        "id": 12441103691,
        "name": "Capital Small Finance Bank",
        "operator": "Unknown Bank",
        "amenity": "bank"
      }
    },
    {
      "type": "Feature",
      "geometry": {
        "type": "Point",
        "coordinates": [
          77.2069957,
          28.682945
        ]
      },
      "properties": {
        "id": 12475142957,
        "name": "Punjab National Bank",
        "operator": "Punjab National Bank",
        "amenity": "atm"
      }
    },
    {
      "type": "Feature",
      "geometry": {
        "type": "Point",
        "coordinates": [
          77.2044004,
          28.6962565
        ]
      },
      "properties": {
        "id": 12495421600,
        "name": "Unknown",
        "operator": "State Bank of India",
        "amenity": "atm"
      }
    },
    {
      "type": "Feature",
      "geometry": {
        "type": "Point",
        "coordinates": [
          77.2089776,
          28.70149
        ]
      },
      "properties": {
        "id": 12495427369,
        "name": "Axis Bank",
        "operator": "Unknown Bank",
        "amenity": "bank"
      }
    },
    {
      "type": "Feature",
      "geometry": {
        "type": "Point",
        "coordinates": [
          77.2079742,
          28.6986644
        ]
      },
      "properties": {
        "id": 12495427865,
        "name": "Unknown",
        "operator": "Axis Bank",
        "amenity": "atm"
      }
    },
    {
      "type": "Feature",
      "geometry": {
        "type": "Point",
        "coordinates": [
          77.2046194,
          28.69757
        ]
      },
      "properties": {
        "id": 12495433852,
        "name": "ICICI Bank",
        "operator": "Unknown Bank",
        "amenity": "bank"
      }
    },
    {
      "type": "Feature",
      "geometry": {
        "type": "Point",
        "coordinates": [
          77.2042734,
          28.6973691
        ]
      },
      "properties": {
        "id": 12495434105,
        "name": "Unknown",
        "operator": "Unknown Bank",
        "amenity": "atm"
      }
    },
    {
      "type": "Feature",
      "geometry": {
        "type": "Point",
        "coordinates": [
          77.2044434,
          28.6965108
        ]
      },
      "properties": {
        "id": 12495441519,
        "name": "Yes Bank",
        "operator": "Unknown Bank",
        "amenity": "bank"
      }
    },
    {
      "type": "Feature",
      "geometry": {
        "type": "Point",
        "coordinates": [
          77.2133176,
          28.5769098
        ]
      },
      "properties": {
        "id": 12511952907,
        "name": "HDFC Bank",
        "operator": "HDFC Bank",
        "amenity": "atm"
      }
    },
    {
      "type": "Feature",
      "geometry": {
        "type": "Point",
        "coordinates": [
          77.1346958,
          28.694877
        ]
      },
      "properties": {
        "id": 12512081938,
        "name": "ICICI Bank",
        "operator": "ICICI",
        "amenity": "bank"
      }
    },
    {
      "type": "Feature",
      "geometry": {
        "type": "Point",
        "coordinates": [
          77.0287263,
          28.6174187
        ]
      },
      "properties": {
        "id": 12519987953,
        "name": "Unknown",
        "operator": "ICICI Bank",
        "amenity": "atm"
      }
    },
    {
      "type": "Feature",
      "geometry": {
        "type": "Point",
        "coordinates": [
          77.0286997,
          28.6173802
        ]
      },
      "properties": {
        "id": 12519987954,
        "name": "Unknown",
        "operator": "Axis Bank",
        "amenity": "atm"
      }
    },
    {
      "type": "Feature",
      "geometry": {
        "type": "Point",
        "coordinates": [
          77.0712825,
          28.5876303
        ]
      },
      "properties": {
        "id": 12525323971,
        "name": "ICICI Bank",
        "operator": "Unknown Bank",
        "amenity": "bank"
      }
    },
    {
      "type": "Feature",
      "geometry": {
        "type": "Point",
        "coordinates": [
          77.0712031,
          28.5868506
        ]
      },
      "properties": {
        "id": 12525417463,
        "name": "IndusInd Bank",
        "operator": "Unknown Bank",
        "amenity": "bank"
      }
    },
    {
      "type": "Feature",
      "geometry": {
        "type": "Point",
        "coordinates": [
          77.07127,
          28.5874415
        ]
      },
      "properties": {
        "id": 12525630689,
        "name": "J&K Bank",
        "operator": "Unknown Bank",
        "amenity": "bank"
      }
    },
    {
      "type": "Feature",
      "geometry": {
        "type": "Point",
        "coordinates": [
          77.0712666,
          28.5877762
        ]
      },
      "properties": {
        "id": 12548074463,
        "name": "Bank of India",
        "operator": "Unknown Bank",
        "amenity": "bank"
      }
    },
    {
      "type": "Feature",
      "geometry": {
        "type": "Point",
        "coordinates": [
          77.278409,
          28.6283859
        ]
      },
      "properties": {
        "id": 12564260199,
        "name": "HDFC Bank",
        "operator": "HDFC Bank",
        "amenity": "atm"
      }
    },
    {
      "type": "Feature",
      "geometry": {
        "type": "Point",
        "coordinates": [
          77.0713875,
          28.5883272
        ]
      },
      "properties": {
        "id": 12570457891,
        "name": "State Bank of India",
        "operator": "Unknown Bank",
        "amenity": "bank"
      }
    },
    {
      "type": "Feature",
      "geometry": {
        "type": "Point",
        "coordinates": [
          77.211871,
          28.6235066
        ]
      },
      "properties": {
        "id": 12586887172,
        "name": "Punjab National Bank",
        "operator": "Unknown Bank",
        "amenity": "bank"
      }
    },
    {
      "type": "Feature",
      "geometry": {
        "type": "Point",
        "coordinates": [
          77.2264167,
          28.6497144
        ]
      },
      "properties": {
        "id": 12592695687,
        "name": "Kotak Mahindra Bank",
        "operator": "Unknown Bank",
        "amenity": "bank"
      }
    },
    {
      "type": "Feature",
      "geometry": {
        "type": "Point",
        "coordinates": [
          77.2261794,
          28.6499077
        ]
      },
      "properties": {
        "id": 12592707149,
        "name": "State Bank of India",
        "operator": "Unknown Bank",
        "amenity": "bank"
      }
    },
    {
      "type": "Feature",
      "geometry": {
        "type": "Point",
        "coordinates": [
          77.2251469,
          28.6506329
        ]
      },
      "properties": {
        "id": 12592985160,
        "name": "Canara Bank",
        "operator": "Unknown Bank",
        "amenity": "bank"
      }
    },
    {
      "type": "Feature",
      "geometry": {
        "type": "Point",
        "coordinates": [
          77.2249681,
          28.6568792
        ]
      },
      "properties": {
        "id": 12593250474,
        "name": "RBL Bank",
        "operator": "RBL Bank",
        "amenity": "atm"
      }
    },
    {
      "type": "Feature",
      "geometry": {
        "type": "Point",
        "coordinates": [
          77.2852026,
          28.6659799
        ]
      },
      "properties": {
        "id": 12596444448,
        "name": "Axis Bank Branch",
        "operator": "Unknown Bank",
        "amenity": "bank"
      }
    },
    {
      "type": "Feature",
      "geometry": {
        "type": "Point",
        "coordinates": [
          77.288911,
          28.6686217
        ]
      },
      "properties": {
        "id": 12596454493,
        "name": "Bank Of Baroda, ATM",
        "operator": "Unknown Bank",
        "amenity": "bank"
      }
    },
    {
      "type": "Feature",
      "geometry": {
        "type": "Point",
        "coordinates": [
          77.2059273,
          28.5206171
        ]
      },
      "properties": {
        "id": 12603090802,
        "name": "Unknown",
        "operator": "State Bank of India",
        "amenity": "atm"
      }
    },
    {
      "type": "Feature",
      "geometry": {
        "type": "Point",
        "coordinates": [
          77.2059534,
          28.5205981
        ]
      },
      "properties": {
        "id": 12603093101,
        "name": "\u092d\u093e\u0930\u0924\u0940\u092f \u0938\u094d\u091f\u0947\u091f \u092c\u0948\u0902\u0915 (\u0938\u093e\u0915\u0947\u0924)",
        "operator": "Unknown Bank",
        "amenity": "bank"
      }
    },
    {
      "type": "Feature",
      "geometry": {
        "type": "Point",
        "coordinates": [
          77.0454341,
          28.5919565
        ]
      },
      "properties": {
        "id": 12647083365,
        "name": "Canara Bank",
        "operator": "Unknown Bank",
        "amenity": "bank"
      }
    },
    {
      "type": "Feature",
      "geometry": {
        "type": "Point",
        "coordinates": [
          77.0451624,
          28.5916218
        ]
      },
      "properties": {
        "id": 12647084498,
        "name": "Bank of Baroda",
        "operator": "Unknown Bank",
        "amenity": "bank"
      }
    },
    {
      "type": "Feature",
      "geometry": {
        "type": "Point",
        "coordinates": [
          77.0410684,
          28.5952564
        ]
      },
      "properties": {
        "id": 12647113742,
        "name": "State Bank of India",
        "operator": "Unknown Bank",
        "amenity": "bank"
      }
    },
    {
      "type": "Feature",
      "geometry": {
        "type": "Point",
        "coordinates": [
          77.04241,
          28.5943218
        ]
      },
      "properties": {
        "id": 12647113743,
        "name": "Punjab & Sind Bank",
        "operator": "Unknown Bank",
        "amenity": "bank"
      }
    },
    {
      "type": "Feature",
      "geometry": {
        "type": "Point",
        "coordinates": [
          77.0406394,
          28.5960548
        ]
      },
      "properties": {
        "id": 12647113749,
        "name": "Punjab National Bank",
        "operator": "Unknown Bank",
        "amenity": "bank"
      }
    },
    {
      "type": "Feature",
      "geometry": {
        "type": "Point",
        "coordinates": [
          77.0397888,
          28.5966249
        ]
      },
      "properties": {
        "id": 12647113750,
        "name": "Canara Bank",
        "operator": "Unknown Bank",
        "amenity": "bank"
      }
    },
    {
      "type": "Feature",
      "geometry": {
        "type": "Point",
        "coordinates": [
          77.0421041,
          28.5945738
        ]
      },
      "properties": {
        "id": 12647113751,
        "name": "Bandhan Bank",
        "operator": "Unknown Bank",
        "amenity": "bank"
      }
    },
    {
      "type": "Feature",
      "geometry": {
        "type": "Point",
        "coordinates": [
          77.0400013,
          28.5964173
        ]
      },
      "properties": {
        "id": 12647113753,
        "name": "AU Small Finance Bank",
        "operator": "Unknown Bank",
        "amenity": "bank"
      }
    },
    {
      "type": "Feature",
      "geometry": {
        "type": "Point",
        "coordinates": [
          77.0426053,
          28.5941981
        ]
      },
      "properties": {
        "id": 12647113754,
        "name": "Bank of Baroda",
        "operator": "Unknown Bank",
        "amenity": "bank"
      }
    },
    {
      "type": "Feature",
      "geometry": {
        "type": "Point",
        "coordinates": [
          77.0418572,
          28.5947617
        ]
      },
      "properties": {
        "id": 12647113762,
        "name": "Unity Small Finance Bank",
        "operator": "Unknown Bank",
        "amenity": "bank"
      }
    },
    {
      "type": "Feature",
      "geometry": {
        "type": "Point",
        "coordinates": [
          77.0428859,
          28.593469
        ]
      },
      "properties": {
        "id": 12647123148,
        "name": "Yes Bank",
        "operator": "Unknown Bank",
        "amenity": "bank"
      }
    },
    {
      "type": "Feature",
      "geometry": {
        "type": "Point",
        "coordinates": [
          77.0407224,
          28.5959478
        ]
      },
      "properties": {
        "id": 12647123150,
        "name": "IndusInd Bank",
        "operator": "Unknown Bank",
        "amenity": "bank"
      }
    },
    {
      "type": "Feature",
      "geometry": {
        "type": "Point",
        "coordinates": [
          77.0420967,
          28.5945776
        ]
      },
      "properties": {
        "id": 12647123151,
        "name": "IDBI Bank",
        "operator": "Unknown Bank",
        "amenity": "bank"
      }
    },
    {
      "type": "Feature",
      "geometry": {
        "type": "Point",
        "coordinates": [
          77.0401186,
          28.596354
        ]
      },
      "properties": {
        "id": 12647123155,
        "name": "IDFC First Bank",
        "operator": "Unknown Bank",
        "amenity": "bank"
      }
    },
    {
      "type": "Feature",
      "geometry": {
        "type": "Point",
        "coordinates": [
          77.0413078,
          28.5950964
        ]
      },
      "properties": {
        "id": 12647123158,
        "name": "Bank of India",
        "operator": "Unknown Bank",
        "amenity": "bank"
      }
    },
    {
      "type": "Feature",
      "geometry": {
        "type": "Point",
        "coordinates": [
          77.0399454,
          28.5964768
        ]
      },
      "properties": {
        "id": 12647123161,
        "name": "Axis Bank",
        "operator": "Unknown Bank",
        "amenity": "bank"
      }
    },
    {
      "type": "Feature",
      "geometry": {
        "type": "Point",
        "coordinates": [
          77.0408324,
          28.5954298
        ]
      },
      "properties": {
        "id": 12647123164,
        "name": "RBL Bank",
        "operator": "Unknown Bank",
        "amenity": "bank"
      }
    },
    {
      "type": "Feature",
      "geometry": {
        "type": "Point",
        "coordinates": [
          77.0404883,
          28.5961458
        ]
      },
      "properties": {
        "id": 12647123166,
        "name": "ICICI Bank",
        "operator": "Unknown Bank",
        "amenity": "bank"
      }
    },
    {
      "type": "Feature",
      "geometry": {
        "type": "Point",
        "coordinates": [
          77.0413954,
          28.5950592
        ]
      },
      "properties": {
        "id": 12647123167,
        "name": "Indian Bank",
        "operator": "Unknown Bank",
        "amenity": "bank"
      }
    },
    {
      "type": "Feature",
      "geometry": {
        "type": "Point",
        "coordinates": [
          77.0434755,
          28.5907629
        ]
      },
      "properties": {
        "id": 12647161605,
        "name": "Southern Star Co-operative (Urban) Thrift & Credit Society Limited",
        "operator": "Unknown Bank",
        "amenity": "bank"
      }
    },
    {
      "type": "Feature",
      "geometry": {
        "type": "Point",
        "coordinates": [
          77.1367138,
          28.721424
        ]
      },
      "properties": {
        "id": 12669938836,
        "name": "Union Bank of India",
        "operator": "Unknown Bank",
        "amenity": "bank"
      }
    },
    {
      "type": "Feature",
      "geometry": {
        "type": "Point",
        "coordinates": [
          77.130605,
          28.7235021
        ]
      },
      "properties": {
        "id": 12669960388,
        "name": "Canara Bank",
        "operator": "Unknown Bank",
        "amenity": "bank"
      }
    },
    {
      "type": "Feature",
      "geometry": {
        "type": "Point",
        "coordinates": [
          77.210448,
          28.6860347
        ]
      },
      "properties": {
        "id": 12695877220,
        "name": "State Bank of India",
        "operator": "State Bank of India",
        "amenity": "bank"
      }
    },
    {
      "type": "Feature",
      "geometry": {
        "type": "Point",
        "coordinates": [
          77.1669196,
          28.5483282
        ]
      },
      "properties": {
        "id": 12698755109,
        "name": "State Bank of India",
        "operator": "SBI",
        "amenity": "bank"
      }
    },
    {
      "type": "Feature",
      "geometry": {
        "type": "Point",
        "coordinates": [
          77.2895972,
          28.6241827
        ]
      },
      "properties": {
        "id": 12718990598,
        "name": "Unknown",
        "operator": "State Bank of India",
        "amenity": "atm"
      }
    },
    {
      "type": "Feature",
      "geometry": {
        "type": "Point",
        "coordinates": [
          77.2151484,
          28.6899187
        ]
      },
      "properties": {
        "id": 12722464579,
        "name": "State Bank of India",
        "operator": "State Bank of India",
        "amenity": "bank"
      }
    },
    {
      "type": "Feature",
      "geometry": {
        "type": "Point",
        "coordinates": [
          77.2151284,
          28.6899272
        ]
      },
      "properties": {
        "id": 12722464580,
        "name": "ICICI Bank",
        "operator": "ICICI Bank",
        "amenity": "bank"
      }
    },
    {
      "type": "Feature",
      "geometry": {
        "type": "Point",
        "coordinates": [
          77.2150646,
          28.6897533
        ]
      },
      "properties": {
        "id": 12722464581,
        "name": "ICICI Bank",
        "operator": "ICICI Bank",
        "amenity": "atm"
      }
    },
    {
      "type": "Feature",
      "geometry": {
        "type": "Point",
        "coordinates": [
          77.1403755,
          28.7189169
        ]
      },
      "properties": {
        "id": 12722875205,
        "name": "Unknown",
        "operator": "Punjab National Bank",
        "amenity": "atm"
      }
    },
    {
      "type": "Feature",
      "geometry": {
        "type": "Point",
        "coordinates": [
          77.2931151,
          28.6395635
        ]
      },
      "properties": {
        "id": 12726500772,
        "name": "Indian Bank",
        "operator": "Unknown Bank",
        "amenity": "bank"
      }
    },
    {
      "type": "Feature",
      "geometry": {
        "type": "Point",
        "coordinates": [
          77.2916235,
          28.6387279
        ]
      },
      "properties": {
        "id": 12726500773,
        "name": "Axis Bank",
        "operator": "Unknown Bank",
        "amenity": "bank"
      }
    },
    {
      "type": "Feature",
      "geometry": {
        "type": "Point",
        "coordinates": [
          77.2243483,
          28.6564446
        ]
      },
      "properties": {
        "id": 12752269135,
        "name": "HDFC bank",
        "operator": "Unknown Bank",
        "amenity": "bank"
      }
    },
    {
      "type": "Feature",
      "geometry": {
        "type": "Point",
        "coordinates": [
          77.2250267,
          28.6567943
        ]
      },
      "properties": {
        "id": 12752276651,
        "name": "RBL bank ATM",
        "operator": "Unknown Bank",
        "amenity": "atm"
      }
    },
    {
      "type": "Feature",
      "geometry": {
        "type": "Point",
        "coordinates": [
          77.2245555,
          28.656878
        ]
      },
      "properties": {
        "id": 12752277071,
        "name": "Canara bank ATM",
        "operator": "Unknown Bank",
        "amenity": "atm"
      }
    },
    {
      "type": "Feature",
      "geometry": {
        "type": "Point",
        "coordinates": [
          77.2236487,
          28.6568238
        ]
      },
      "properties": {
        "id": 12752314014,
        "name": "Axis bank ATM",
        "operator": "Unknown Bank",
        "amenity": "atm"
      }
    },
    {
      "type": "Feature",
      "geometry": {
        "type": "Point",
        "coordinates": [
          77.223841,
          28.6568822
        ]
      },
      "properties": {
        "id": 12752315479,
        "name": "Karur vysya bank atm",
        "operator": "Unknown Bank",
        "amenity": "atm"
      }
    },
    {
      "type": "Feature",
      "geometry": {
        "type": "Point",
        "coordinates": [
          77.2251102,
          28.6567809
        ]
      },
      "properties": {
        "id": 12752323708,
        "name": "Punjab National Bank ATM",
        "operator": "Unknown Bank",
        "amenity": "atm"
      }
    },
    {
      "type": "Feature",
      "geometry": {
        "type": "Point",
        "coordinates": [
          77.2307007,
          28.6564515
        ]
      },
      "properties": {
        "id": 12752568011,
        "name": "Unknown",
        "operator": "Central Bank of India",
        "amenity": "atm"
      }
    },
    {
      "type": "Feature",
      "geometry": {
        "type": "Point",
        "coordinates": [
          77.2232946,
          28.6580636
        ]
      },
      "properties": {
        "id": 12753521538,
        "name": "AU Small Finance Bank",
        "operator": "AU Small Finance Bank",
        "amenity": "atm"
      }
    },
    {
      "type": "Feature",
      "geometry": {
        "type": "Point",
        "coordinates": [
          77.2233002,
          28.658102
        ]
      },
      "properties": {
        "id": 12753521542,
        "name": "Unknown",
        "operator": "IDFC First Bank",
        "amenity": "atm"
      }
    },
    {
      "type": "Feature",
      "geometry": {
        "type": "Point",
        "coordinates": [
          77.1277781,
          28.7236228
        ]
      },
      "properties": {
        "id": 12754622527,
        "name": "Unknown",
        "operator": "State Bank of India",
        "amenity": "atm"
      }
    },
    {
      "type": "Feature",
      "geometry": {
        "type": "Point",
        "coordinates": [
          77.2902659,
          28.6243386
        ]
      },
      "properties": {
        "id": 12788223135,
        "name": "Money Plus Cooperative (Urban) Thrift and Credit Society Limited",
        "operator": "Unknown Bank",
        "amenity": "bank"
      }
    },
    {
      "type": "Feature",
      "geometry": {
        "type": "Point",
        "coordinates": [
          77.241898,
          28.5551261
        ]
      },
      "properties": {
        "id": 12799910139,
        "name": "Punjab National Bank",
        "operator": "Punjab National Bank",
        "amenity": "atm"
      }
    },
    {
      "type": "Feature",
      "geometry": {
        "type": "Point",
        "coordinates": [
          77.2406644,
          28.5535178
        ]
      },
      "properties": {
        "id": 12800054371,
        "name": "Axis Bank",
        "operator": "Unknown Bank",
        "amenity": "bank"
      }
    },
    {
      "type": "Feature",
      "geometry": {
        "type": "Point",
        "coordinates": [
          77.2417227,
          28.5525528
        ]
      },
      "properties": {
        "id": 12800054387,
        "name": "HDFC Bank",
        "operator": "HDFC Bank",
        "amenity": "bank"
      }
    },
    {
      "type": "Feature",
      "geometry": {
        "type": "Point",
        "coordinates": [
          77.2407778,
          28.5530446
        ]
      },
      "properties": {
        "id": 12800054391,
        "name": "Punjab & Sind Bank",
        "operator": "Punjab & Sind Bank",
        "amenity": "bank"
      }
    },
    {
      "type": "Feature",
      "geometry": {
        "type": "Point",
        "coordinates": [
          77.236411,
          28.5718818
        ]
      },
      "properties": {
        "id": 12809389765,
        "name": "Standard Chartered",
        "operator": "Unknown Bank",
        "amenity": "bank"
      }
    },
    {
      "type": "Feature",
      "geometry": {
        "type": "Point",
        "coordinates": [
          77.0565068,
          28.4491018
        ]
      },
      "properties": {
        "id": 12810731410,
        "name": "ICICI Bank",
        "operator": "Unknown Bank",
        "amenity": "bank"
      }
    },
    {
      "type": "Feature",
      "geometry": {
        "type": "Point",
        "coordinates": [
          77.0565186,
          28.4491127
        ]
      },
      "properties": {
        "id": 12810731411,
        "name": "Unknown",
        "operator": "ICICI Bank",
        "amenity": "atm"
      }
    },
    {
      "type": "Feature",
      "geometry": {
        "type": "Point",
        "coordinates": [
          77.2517949,
          28.567031
        ]
      },
      "properties": {
        "id": 12816100018,
        "name": "Canara Bank",
        "operator": "Unknown Bank",
        "amenity": "bank"
      }
    },
    {
      "type": "Feature",
      "geometry": {
        "type": "Point",
        "coordinates": [
          77.2464202,
          28.5678247
        ]
      },
      "properties": {
        "id": 12821028240,
        "name": "Unknown",
        "operator": "ICICI Bank",
        "amenity": "atm"
      }
    },
    {
      "type": "Feature",
      "geometry": {
        "type": "Point",
        "coordinates": [
          77.1239996,
          28.7079332
        ]
      },
      "properties": {
        "id": 12828223573,
        "name": "State Bank of India (e-Lobby)",
        "operator": "Unknown Bank",
        "amenity": "bank"
      }
    },
    {
      "type": "Feature",
      "geometry": {
        "type": "Point",
        "coordinates": [
          77.1268827,
          28.7066844
        ]
      },
      "properties": {
        "id": 12828302098,
        "name": "Keshav Shakari Bank Limited",
        "operator": "Unknown Bank",
        "amenity": "bank"
      }
    },
    {
      "type": "Feature",
      "geometry": {
        "type": "Point",
        "coordinates": [
          77.1262403,
          28.7073216
        ]
      },
      "properties": {
        "id": 12829446164,
        "name": "Punjab National Bank",
        "operator": "Punjab National Bank",
        "amenity": "atm"
      }
    },
    {
      "type": "Feature",
      "geometry": {
        "type": "Point",
        "coordinates": [
          77.2084666,
          28.639392
        ]
      },
      "properties": {
        "id": 12833498600,
        "name": "State Bank of India",
        "operator": "Unknown Bank",
        "amenity": "bank"
      }
    },
    {
      "type": "Feature",
      "geometry": {
        "type": "Point",
        "coordinates": [
          77.1176992,
          28.6999119
        ]
      },
      "properties": {
        "id": 12842336342,
        "name": "IDBI Bank",
        "operator": "Unknown Bank",
        "amenity": "bank"
      }
    },
    {
      "type": "Feature",
      "geometry": {
        "type": "Point",
        "coordinates": [
          77.2010712,
          28.5297847
        ]
      },
      "properties": {
        "id": 12854670295,
        "name": "Punjab National Bank",
        "operator": "Unknown Bank",
        "amenity": "bank"
      }
    },
    {
      "type": "Feature",
      "geometry": {
        "type": "Point",
        "coordinates": [
          77.2025384,
          28.5320163
        ]
      },
      "properties": {
        "id": 12854822465,
        "name": "HDFC Bank",
        "operator": "Unknown Bank",
        "amenity": "bank"
      }
    },
    {
      "type": "Feature",
      "geometry": {
        "type": "Point",
        "coordinates": [
          77.1896035,
          28.5672339
        ]
      },
      "properties": {
        "id": 12862174317,
        "name": "IDBI Bank",
        "operator": "Unknown Bank",
        "amenity": "bank"
      }
    },
    {
      "type": "Feature",
      "geometry": {
        "type": "Point",
        "coordinates": [
          77.1897526,
          28.5681167
        ]
      },
      "properties": {
        "id": 12862174319,
        "name": "Bandhan Bank",
        "operator": "Unknown Bank",
        "amenity": "bank"
      }
    },
    {
      "type": "Feature",
      "geometry": {
        "type": "Point",
        "coordinates": [
          77.1897543,
          28.5681844
        ]
      },
      "properties": {
        "id": 12862174320,
        "name": "IndusInd Bank",
        "operator": "Unknown Bank",
        "amenity": "bank"
      }
    },
    {
      "type": "Feature",
      "geometry": {
        "type": "Point",
        "coordinates": [
          77.1320813,
          28.597776
        ]
      },
      "properties": {
        "id": 12882781403,
        "name": "Canara Bank",
        "operator": "Unknown Bank",
        "amenity": "bank"
      }
    },
    {
      "type": "Feature",
      "geometry": {
        "type": "Point",
        "coordinates": [
          77.2086314,
          28.6328593
        ]
      },
      "properties": {
        "id": 12896559008,
        "name": "Indian Overseas Bank",
        "operator": "Unknown Bank",
        "amenity": "bank"
      }
    },
    {
      "type": "Feature",
      "geometry": {
        "type": "Point",
        "coordinates": [
          77.2086634,
          28.6330762
        ]
      },
      "properties": {
        "id": 12896559010,
        "name": "Canara Bank",
        "operator": "Unknown Bank",
        "amenity": "bank"
      }
    },
    {
      "type": "Feature",
      "geometry": {
        "type": "Point",
        "coordinates": [
          77.2086242,
          28.6327401
        ]
      },
      "properties": {
        "id": 12896559013,
        "name": "Central Bank of India",
        "operator": "Unknown Bank",
        "amenity": "bank"
      }
    },
    {
      "type": "Feature",
      "geometry": {
        "type": "Point",
        "coordinates": [
          77.2086705,
          28.633125
        ]
      },
      "properties": {
        "id": 12896559014,
        "name": "ICICI Bank",
        "operator": "Unknown Bank",
        "amenity": "bank"
      }
    },
    {
      "type": "Feature",
      "geometry": {
        "type": "Point",
        "coordinates": [
          77.2086299,
          28.6328172
        ]
      },
      "properties": {
        "id": 12896559015,
        "name": "State Bank of India (Global)",
        "operator": "Unknown Bank",
        "amenity": "bank"
      }
    },
    {
      "type": "Feature",
      "geometry": {
        "type": "Point",
        "coordinates": [
          77.2086075,
          28.632595
        ]
      },
      "properties": {
        "id": 12896559016,
        "name": "Axis Bank",
        "operator": "Unknown Bank",
        "amenity": "bank"
      }
    },
    {
      "type": "Feature",
      "geometry": {
        "type": "Point",
        "coordinates": [
          77.2385494,
          28.5797596
        ]
      },
      "properties": {
        "id": 12903526815,
        "name": "State Bank of India",
        "operator": "Unknown Bank",
        "amenity": "bank"
      }
    },
    {
      "type": "Feature",
      "geometry": {
        "type": "Point",
        "coordinates": [
          77.2385869,
          28.5797599
        ]
      },
      "properties": {
        "id": 12903526821,
        "name": "Unknown",
        "operator": "State Bank of India",
        "amenity": "atm"
      }
    },
    {
      "type": "Feature",
      "geometry": {
        "type": "Point",
        "coordinates": [
          77.1778933,
          28.6486832
        ]
      },
      "properties": {
        "id": 12915111699,
        "name": "Canara Bank",
        "operator": "Unknown Bank",
        "amenity": "bank"
      }
    },
    {
      "type": "Feature",
      "geometry": {
        "type": "Point",
        "coordinates": [
          77.2304084,
          28.5739009
        ]
      },
      "properties": {
        "id": 12915952686,
        "name": "ICICI Bank",
        "operator": "Unknown Bank",
        "amenity": "bank"
      }
    },
    {
      "type": "Feature",
      "geometry": {
        "type": "Point",
        "coordinates": [
          77.0934094,
          28.6212721
        ]
      },
      "properties": {
        "id": 12916913769,
        "name": "Punjab National Bank",
        "operator": "Unknown Bank",
        "amenity": "bank"
      }
    },
    {
      "type": "Feature",
      "geometry": {
        "type": "Point",
        "coordinates": [
          77.2266022,
          28.5004187
        ]
      },
      "properties": {
        "id": 12942261004,
        "name": "HDFC",
        "operator": "Unknown Bank",
        "amenity": "atm"
      }
    },
    {
      "type": "Feature",
      "geometry": {
        "type": "Point",
        "coordinates": [
          77.1828926,
          28.5793317
        ]
      },
      "properties": {
        "id": 12965665578,
        "name": "Unknown",
        "operator": "Union Bank of India",
        "amenity": "atm"
      }
    },
    {
      "type": "Feature",
      "geometry": {
        "type": "Point",
        "coordinates": [
          77.1880644,
          28.5801861
        ]
      },
      "properties": {
        "id": 12965728364,
        "name": "Canara Bank",
        "operator": "Unknown Bank",
        "amenity": "bank"
      }
    },
    {
      "type": "Feature",
      "geometry": {
        "type": "Point",
        "coordinates": [
          77.2203632,
          28.6308652
        ]
      },
      "properties": {
        "id": 12977760916,
        "name": "Canara Bank",
        "operator": "Canara Bank",
        "amenity": "bank"
      }
    },
    {
      "type": "Feature",
      "geometry": {
        "type": "Point",
        "coordinates": [
          77.0508392,
          28.6207045
        ]
      },
      "properties": {
        "id": 12992504897,
        "name": "Punjab National Bank",
        "operator": "Unknown Bank",
        "amenity": "bank"
      }
    },
    {
      "type": "Feature",
      "geometry": {
        "type": "Point",
        "coordinates": [
          77.2249161,
          28.6368318
        ]
      },
      "properties": {
        "id": 13020659666,
        "name": "Unknown",
        "operator": "Unknown Bank",
        "amenity": "atm"
      }
    },
    {
      "type": "Feature",
      "geometry": {
        "type": "Point",
        "coordinates": [
          77.2278494,
          28.5729539
        ]
      },
      "properties": {
        "id": 13036736974,
        "name": "Punjab & Sind Bank",
        "operator": "Unknown Bank",
        "amenity": "bank"
      }
    },
    {
      "type": "Feature",
      "geometry": {
        "type": "Point",
        "coordinates": [
          77.2975811,
          28.6035066
        ]
      },
      "properties": {
        "id": 13050710160,
        "name": "Unknown",
        "operator": "Federal Bank",
        "amenity": "atm"
      }
    },
    {
      "type": "Feature",
      "geometry": {
        "type": "Point",
        "coordinates": [
          77.2911698,
          28.5349124
        ]
      },
      "properties": {
        "id": 13059709519,
        "name": "State Bank of India",
        "operator": "State Bank of India",
        "amenity": "atm"
      }
    },
    {
      "type": "Feature",
      "geometry": {
        "type": "Point",
        "coordinates": [
          77.2911283,
          28.5348209
        ]
      },
      "properties": {
        "id": 13059709563,
        "name": "Union Bank of India",
        "operator": "Unknown Bank",
        "amenity": "bank"
      }
    },
    {
      "type": "Feature",
      "geometry": {
        "type": "Point",
        "coordinates": [
          77.2925052,
          28.5391543
        ]
      },
      "properties": {
        "id": 13061138057,
        "name": "UCO Bank",
        "operator": "Unknown Bank",
        "amenity": "bank"
      }
    },
    {
      "type": "Feature",
      "geometry": {
        "type": "Point",
        "coordinates": [
          77.277709,
          28.6290955
        ]
      },
      "properties": {
        "id": 13061852503,
        "name": "Keshav Sehkari Bank Limited",
        "operator": "Unknown Bank",
        "amenity": "bank"
      }
    },
    {
      "type": "Feature",
      "geometry": {
        "type": "Point",
        "coordinates": [
          77.2414874,
          28.5743784
        ]
      },
      "properties": {
        "id": 13071038203,
        "name": "Dhanlaxmi Bank",
        "operator": "Unknown Bank",
        "amenity": "bank"
      }
    },
    {
      "type": "Feature",
      "geometry": {
        "type": "Point",
        "coordinates": [
          77.0685548,
          28.424827
        ]
      },
      "properties": {
        "id": 13073917050,
        "name": "ICICI Bank",
        "operator": "Unknown Bank",
        "amenity": "bank"
      }
    },
    {
      "type": "Feature",
      "geometry": {
        "type": "Point",
        "coordinates": [
          77.2898191,
          28.6378161
        ]
      },
      "properties": {
        "id": 13077879530,
        "name": "Kotak Mahindra Bank",
        "operator": "Unknown Bank",
        "amenity": "bank"
      }
    },
    {
      "type": "Feature",
      "geometry": {
        "type": "Point",
        "coordinates": [
          77.202895,
          28.6801085
        ]
      },
      "properties": {
        "id": 13110018492,
        "name": "Bank Of Baroda",
        "operator": "Unknown Bank",
        "amenity": "bank"
      }
    },
    {
      "type": "Feature",
      "geometry": {
        "type": "Point",
        "coordinates": [
          77.2010157,
          28.683545
        ]
      },
      "properties": {
        "id": 13110018822,
        "name": "RBL Bank",
        "operator": "Unknown Bank",
        "amenity": "bank"
      }
    },
    {
      "type": "Feature",
      "geometry": {
        "type": "Point",
        "coordinates": [
          77.2013808,
          28.683319
        ]
      },
      "properties": {
        "id": 13110018826,
        "name": "Kotak Mahindra Bank",
        "operator": "Unknown Bank",
        "amenity": "bank"
      }
    },
    {
      "type": "Feature",
      "geometry": {
        "type": "Point",
        "coordinates": [
          77.2013879,
          28.6833437
        ]
      },
      "properties": {
        "id": 13110018827,
        "name": "Unknown",
        "operator": "Kotak Mahindra Bank",
        "amenity": "atm"
      }
    },
    {
      "type": "Feature",
      "geometry": {
        "type": "Point",
        "coordinates": [
          77.2010563,
          28.6835156
        ]
      },
      "properties": {
        "id": 13110018828,
        "name": "Unknown",
        "operator": "RBL Bank",
        "amenity": "atm"
      }
    },
    {
      "type": "Feature",
      "geometry": {
        "type": "Point",
        "coordinates": [
          77.201016,
          28.683101
        ]
      },
      "properties": {
        "id": 13110018831,
        "name": "Yes Bank",
        "operator": "Unknown Bank",
        "amenity": "bank"
      }
    },
    {
      "type": "Feature",
      "geometry": {
        "type": "Point",
        "coordinates": [
          77.201016,
          28.683101
        ]
      },
      "properties": {
        "id": 13110018832,
        "name": "Unknown",
        "operator": "Yes Bank",
        "amenity": "atm"
      }
    },
    {
      "type": "Feature",
      "geometry": {
        "type": "Point",
        "coordinates": [
          77.2000957,
          28.6825273
        ]
      },
      "properties": {
        "id": 13110027573,
        "name": "IDFC First Bank",
        "operator": "Unknown Bank",
        "amenity": "bank"
      }
    },
    {
      "type": "Feature",
      "geometry": {
        "type": "Point",
        "coordinates": [
          77.2000957,
          28.6825273
        ]
      },
      "properties": {
        "id": 13110027574,
        "name": "Unknown",
        "operator": "IDFC First Bank",
        "amenity": "atm"
      }
    },
    {
      "type": "Feature",
      "geometry": {
        "type": "Point",
        "coordinates": [
          77.2000204,
          28.6824683
        ]
      },
      "properties": {
        "id": 13110027578,
        "name": "IDBI Bank",
        "operator": "Unknown Bank",
        "amenity": "bank"
      }
    },
    {
      "type": "Feature",
      "geometry": {
        "type": "Point",
        "coordinates": [
          77.2000204,
          28.6824683
        ]
      },
      "properties": {
        "id": 13110027579,
        "name": "Unknown",
        "operator": "IDBI Bank",
        "amenity": "atm"
      }
    },
    {
      "type": "Feature",
      "geometry": {
        "type": "Point",
        "coordinates": [
          77.19912,
          28.6819038
        ]
      },
      "properties": {
        "id": 13110027588,
        "name": "ICICI Bank",
        "operator": "Unknown Bank",
        "amenity": "bank"
      }
    },
    {
      "type": "Feature",
      "geometry": {
        "type": "Point",
        "coordinates": [
          77.19912,
          28.6819038
        ]
      },
      "properties": {
        "id": 13110027589,
        "name": "Unknown",
        "operator": "ICICI Bank",
        "amenity": "atm"
      }
    },
    {
      "type": "Feature",
      "geometry": {
        "type": "Point",
        "coordinates": [
          77.1990968,
          28.6821752
        ]
      },
      "properties": {
        "id": 13110035504,
        "name": "Unknown",
        "operator": "AU Small Finance Bank",
        "amenity": "atm"
      }
    },
    {
      "type": "Feature",
      "geometry": {
        "type": "Point",
        "coordinates": [
          77.1990968,
          28.6821752
        ]
      },
      "properties": {
        "id": 13110035505,
        "name": "AU Small Finance Bank",
        "operator": "Unknown Bank",
        "amenity": "bank"
      }
    },
    {
      "type": "Feature",
      "geometry": {
        "type": "Point",
        "coordinates": [
          77.1994302,
          28.6823972
        ]
      },
      "properties": {
        "id": 13110035507,
        "name": "Indian Overseas Bank",
        "operator": "Unknown Bank",
        "amenity": "bank"
      }
    },
    {
      "type": "Feature",
      "geometry": {
        "type": "Point",
        "coordinates": [
          77.203279,
          28.6803844
        ]
      },
      "properties": {
        "id": 13110079511,
        "name": "Unknown",
        "operator": "Punjab National Bank",
        "amenity": "atm"
      }
    },
    {
      "type": "Feature",
      "geometry": {
        "type": "Point",
        "coordinates": [
          77.2032211,
          28.6803463
        ]
      },
      "properties": {
        "id": 13110079512,
        "name": "Axis Bank",
        "operator": "Unknown Bank",
        "amenity": "bank"
      }
    },
    {
      "type": "Feature",
      "geometry": {
        "type": "Point",
        "coordinates": [
          77.2030462,
          28.6802219
        ]
      },
      "properties": {
        "id": 13110079522,
        "name": "State Bank Of India",
        "operator": "Unknown Bank",
        "amenity": "bank"
      }
    },
    {
      "type": "Feature",
      "geometry": {
        "type": "Point",
        "coordinates": [
          77.2030007,
          28.6801879
        ]
      },
      "properties": {
        "id": 13110079524,
        "name": "Canara Bank",
        "operator": "Unknown Bank",
        "amenity": "bank"
      }
    },
    {
      "type": "Feature",
      "geometry": {
        "type": "Point",
        "coordinates": [
          77.1864616,
          28.6023239
        ]
      },
      "properties": {
        "id": 13113369182,
        "name": "HDFC",
        "operator": "Unknown Bank",
        "amenity": "bank"
      }
    },
    {
      "type": "Feature",
      "geometry": {
        "type": "Point",
        "coordinates": [
          77.2399512,
          28.5707499
        ]
      },
      "properties": {
        "id": 13124086747,
        "name": "Unknown",
        "operator": "IndusInd Bank",
        "amenity": "atm"
      }
    },
    {
      "type": "Feature",
      "geometry": {
        "type": "Point",
        "coordinates": [
          77.1234168,
          28.869845
        ]
      },
      "properties": {
        "id": 13146407841,
        "name": "Bank of Baroda",
        "operator": "Unknown Bank",
        "amenity": "bank"
      }
    },
    {
      "type": "Feature",
      "geometry": {
        "type": "Point",
        "coordinates": [
          77.093261,
          28.4760788
        ]
      },
      "properties": {
        "id": 13175452498,
        "name": "Unknown",
        "operator": "HDFC Bank",
        "amenity": "atm"
      }
    },
    {
      "type": "Feature",
      "geometry": {
        "type": "Point",
        "coordinates": [
          77.0932834,
          28.4762195
        ]
      },
      "properties": {
        "id": 13175452499,
        "name": "ICICI Bank",
        "operator": "Unknown Bank",
        "amenity": "bank"
      }
    },
    {
      "type": "Feature",
      "geometry": {
        "type": "Point",
        "coordinates": [
          77.2530107,
          28.5618558
        ]
      },
      "properties": {
        "id": 13192461092,
        "name": "ICICI Bank",
        "operator": "Unknown Bank",
        "amenity": "bank"
      }
    },
    {
      "type": "Feature",
      "geometry": {
        "type": "Point",
        "coordinates": [
          77.0455943,
          28.5928891
        ]
      },
      "properties": {
        "id": 13227533999,
        "name": "ICICI Bank",
        "operator": "Unknown Bank",
        "amenity": "bank"
      }
    },
    {
      "type": "Feature",
      "geometry": {
        "type": "Point",
        "coordinates": [
          77.0457462,
          28.5928289
        ]
      },
      "properties": {
        "id": 13227534000,
        "name": "Bank of Maharashtra",
        "operator": "Bank of Maharashtra",
        "amenity": "atm"
      }
    },
    {
      "type": "Feature",
      "geometry": {
        "type": "Point",
        "coordinates": [
          77.0362327,
          28.800576
        ]
      },
      "properties": {
        "id": 13234532302,
        "name": "Unknown",
        "operator": "Bank of Baroda",
        "amenity": "atm"
      }
    },
    {
      "type": "Feature",
      "geometry": {
        "type": "Point",
        "coordinates": [
          77.0362609,
          28.8005849
        ]
      },
      "properties": {
        "id": 13234532303,
        "name": "Unknown",
        "operator": "State Bank of India",
        "amenity": "atm"
      }
    },
    {
      "type": "Feature",
      "geometry": {
        "type": "Point",
        "coordinates": [
          77.0363057,
          28.8005992
        ]
      },
      "properties": {
        "id": 13234532304,
        "name": "State Bank of India",
        "operator": "Unknown Bank",
        "amenity": "bank"
      }
    },
    {
      "type": "Feature",
      "geometry": {
        "type": "Point",
        "coordinates": [
          77.0363413,
          28.8006243
        ]
      },
      "properties": {
        "id": 13234532305,
        "name": "Punjab & Sind Bank",
        "operator": "Unknown Bank",
        "amenity": "bank"
      }
    },
    {
      "type": "Feature",
      "geometry": {
        "type": "Point",
        "coordinates": [
          77.0363602,
          28.8006309
        ]
      },
      "properties": {
        "id": 13234532306,
        "name": "Unknown",
        "operator": "Punjab & Sind Bank",
        "amenity": "atm"
      }
    },
    {
      "type": "Feature",
      "geometry": {
        "type": "Point",
        "coordinates": [
          77.0927936,
          28.4803025
        ]
      },
      "properties": {
        "id": 13243334786,
        "name": "Unknown",
        "operator": "Unknown Bank",
        "amenity": "atm"
      }
    },
    {
      "type": "Feature",
      "geometry": {
        "type": "Point",
        "coordinates": [
          77.092174,
          28.4934379
        ]
      },
      "properties": {
        "id": 13246051184,
        "name": "Kotak Mahindra Bank",
        "operator": "Kotak Mahindra Bank",
        "amenity": "atm"
      }
    },
    {
      "type": "Feature",
      "geometry": {
        "type": "Point",
        "coordinates": [
          77.0954516,
          28.4596871
        ]
      },
      "properties": {
        "id": 13246708704,
        "name": "Kotak Mahindra Bank",
        "operator": "Unknown Bank",
        "amenity": "bank"
      }
    },
    {
      "type": "Feature",
      "geometry": {
        "type": "Point",
        "coordinates": [
          77.0954523,
          28.4596244
        ]
      },
      "properties": {
        "id": 13246708705,
        "name": "IDBI Bank",
        "operator": "Unknown Bank",
        "amenity": "bank"
      }
    },
    {
      "type": "Feature",
      "geometry": {
        "type": "Point",
        "coordinates": [
          77.2161212,
          28.7140999
        ]
      },
      "properties": {
        "id": 13333163138,
        "name": "HDFC Bank",
        "operator": "Unknown Bank",
        "amenity": "bank"
      }
    },
    {
      "type": "Feature",
      "geometry": {
        "type": "Point",
        "coordinates": [
          77.2177562,
          28.6341907
        ]
      },
      "properties": {
        "id": 13358572980,
        "name": "Unknown",
        "operator": "UCO Bank",
        "amenity": "atm"
      }
    },
    {
      "type": "Feature",
      "geometry": {
        "type": "Point",
        "coordinates": [
          77.2177456,
          28.6342088
        ]
      },
      "properties": {
        "id": 13358572983,
        "name": "UCO Bank",
        "operator": "Unknown Bank",
        "amenity": "bank"
      }
    },
    {
      "type": "Feature",
      "geometry": {
        "type": "Point",
        "coordinates": [
          77.2219381,
          28.6323003
        ]
      },
      "properties": {
        "id": 13358572985,
        "name": "HDFC Bank",
        "operator": "Unknown Bank",
        "amenity": "bank"
      }
    },
    {
      "type": "Feature",
      "geometry": {
        "type": "Point",
        "coordinates": [
          77.2182706,
          28.6344003
        ]
      },
      "properties": {
        "id": 13358572987,
        "name": "Bank of Baroda",
        "operator": "Unknown Bank",
        "amenity": "bank"
      }
    },
    {
      "type": "Feature",
      "geometry": {
        "type": "Point",
        "coordinates": [
          77.2184207,
          28.6349064
        ]
      },
      "properties": {
        "id": 13358572993,
        "name": "Punjab National Bank",
        "operator": "Unknown Bank",
        "amenity": "bank"
      }
    },
    {
      "type": "Feature",
      "geometry": {
        "type": "Point",
        "coordinates": [
          77.2220165,
          28.6277225
        ]
      },
      "properties": {
        "id": 13358614005,
        "name": "Unknown",
        "operator": "State Bank of India",
        "amenity": "atm"
      }
    },
    {
      "type": "Feature",
      "geometry": {
        "type": "Point",
        "coordinates": [
          77.2219948,
          28.6277525
        ]
      },
      "properties": {
        "id": 13358614009,
        "name": "State Bank of India",
        "operator": "Unknown Bank",
        "amenity": "bank"
      }
    },
    {
      "type": "Feature",
      "geometry": {
        "type": "Point",
        "coordinates": [
          77.2977365,
          28.6348284
        ]
      },
      "properties": {
        "id": 13369334901,
        "name": "Union Bank Patparganj",
        "operator": "Unknown Bank",
        "amenity": "bank"
      }
    },
    {
      "type": "Feature",
      "geometry": {
        "type": "Point",
        "coordinates": [
          77.2977632,
          28.6348109
        ]
      },
      "properties": {
        "id": 13369335101,
        "name": "Unknown",
        "operator": "Union Bank",
        "amenity": "atm"
      }
    },
    {
      "type": "Feature",
      "geometry": {
        "type": "Point",
        "coordinates": [
          77.2149501,
          28.6669828
        ]
      },
      "properties": {
        "id": 13387061703,
        "name": "Unknown",
        "operator": "Indian Overseas Bank",
        "amenity": "atm"
      }
    },
    {
      "type": "Feature",
      "geometry": {
        "type": "Point",
        "coordinates": [
          77.2202686,
          28.6353724
        ]
      },
      "properties": {
        "id": 13387065424,
        "name": "Unknown",
        "operator": "AU Small Finance Bank",
        "amenity": "atm"
      }
    },
    {
      "type": "Feature",
      "geometry": {
        "type": "Point",
        "coordinates": [
          77.2203147,
          28.6353738
        ]
      },
      "properties": {
        "id": 13387065428,
        "name": "AU Small Finance Bank",
        "operator": "Unknown Bank",
        "amenity": "bank"
      }
    },
    {
      "type": "Feature",
      "geometry": {
        "type": "Point",
        "coordinates": [
          77.219632,
          28.6353628
        ]
      },
      "properties": {
        "id": 13404035729,
        "name": "Punjab & Sind Bank",
        "operator": "Unknown Bank",
        "amenity": "bank"
      }
    },
    {
      "type": "Feature",
      "geometry": {
        "type": "Point",
        "coordinates": [
          77.2227087,
          28.6328464
        ]
      },
      "properties": {
        "id": 13415753892,
        "name": "Unknown",
        "operator": "HDFC Bank",
        "amenity": "atm"
      }
    },
    {
      "type": "Feature",
      "geometry": {
        "type": "Point",
        "coordinates": [
          77.2225665,
          28.6320301
        ]
      },
      "properties": {
        "id": 13447612404,
        "name": "Federal Bank",
        "operator": "Unknown Bank",
        "amenity": "bank"
      }
    },
    {
      "type": "Feature",
      "geometry": {
        "type": "Point",
        "coordinates": [
          77.2173963,
          28.6324961
        ]
      },
      "properties": {
        "id": 13447621512,
        "name": "ICICI Bank",
        "operator": "Unknown Bank",
        "amenity": "bank"
      }
    },
    {
      "type": "Feature",
      "geometry": {
        "type": "Point",
        "coordinates": [
          77.2171294,
          28.6326649
        ]
      },
      "properties": {
        "id": 13447625338,
        "name": "Indian Bank",
        "operator": "Unknown Bank",
        "amenity": "bank"
      }
    },
    {
      "type": "Feature",
      "geometry": {
        "type": "Point",
        "coordinates": [
          77.2926632,
          28.6081814
        ]
      },
      "properties": {
        "id": 13453273197,
        "name": "Federal Bank",
        "operator": "Unknown Bank",
        "amenity": "bank"
      }
    },
    {
      "type": "Feature",
      "geometry": {
        "type": "Point",
        "coordinates": [
          77.1115454,
          28.6175389
        ]
      },
      "properties": {
        "id": 13455393958,
        "name": "ICICI Bank",
        "operator": "Unknown Bank",
        "amenity": "bank"
      }
    },
    {
      "type": "Feature",
      "geometry": {
        "type": "Point",
        "coordinates": [
          77.1111582,
          28.6172826
        ]
      },
      "properties": {
        "id": 13455393988,
        "name": "HDFC Bank",
        "operator": "Unknown Bank",
        "amenity": "bank"
      }
    },
    {
      "type": "Feature",
      "geometry": {
        "type": "Point",
        "coordinates": [
          77.1110243,
          28.6241568
        ]
      },
      "properties": {
        "id": 13455403504,
        "name": "Bandhan Bank",
        "operator": "Unknown Bank",
        "amenity": "bank"
      }
    },
    {
      "type": "Feature",
      "geometry": {
        "type": "Point",
        "coordinates": [
          77.1114953,
          28.6174999
        ]
      },
      "properties": {
        "id": 13455403513,
        "name": "State Bank of India",
        "operator": "Unknown Bank",
        "amenity": "bank"
      }
    },
    {
      "type": "Feature",
      "geometry": {
        "type": "Point",
        "coordinates": [
          77.1109373,
          28.6171051
        ]
      },
      "properties": {
        "id": 13455403539,
        "name": "Bank of Baroda",
        "operator": "Unknown Bank",
        "amenity": "bank"
      }
    },
    {
      "type": "Feature",
      "geometry": {
        "type": "Point",
        "coordinates": [
          77.1110136,
          28.6238766
        ]
      },
      "properties": {
        "id": 13455403557,
        "name": "ICICI Bank",
        "operator": "Unknown Bank",
        "amenity": "bank"
      }
    },
    {
      "type": "Feature",
      "geometry": {
        "type": "Point",
        "coordinates": [
          77.1943609,
          28.6787819
        ]
      },
      "properties": {
        "id": 13459406759,
        "name": "ICICI Bank",
        "operator": "Unknown Bank",
        "amenity": "bank"
      }
    },
    {
      "type": "Feature",
      "geometry": {
        "type": "Point",
        "coordinates": [
          77.2169732,
          28.6336902
        ]
      },
      "properties": {
        "id": 13459559381,
        "name": "Kotak Mahindra Bank",
        "operator": "Unknown Bank",
        "amenity": "bank"
      }
    },
    {
      "type": "Feature",
      "geometry": {
        "type": "Point",
        "coordinates": [
          77.2178432,
          28.6449068
        ]
      },
      "properties": {
        "id": 13461161895,
        "name": "Unknown",
        "operator": "IndusInd Bank",
        "amenity": "atm"
      }
    },
    {
      "type": "Feature",
      "geometry": {
        "type": "Point",
        "coordinates": [
          77.2178382,
          28.6449927
        ]
      },
      "properties": {
        "id": 13461161899,
        "name": "Unknown",
        "operator": "State Bank of India",
        "amenity": "atm"
      }
    },
    {
      "type": "Feature",
      "geometry": {
        "type": "Point",
        "coordinates": [
          77.111892,
          28.6176018
        ]
      },
      "properties": {
        "id": 13472851059,
        "name": "Punjab & Sind Bank",
        "operator": "Unknown Bank",
        "amenity": "bank"
      }
    },
    {
      "type": "Feature",
      "geometry": {
        "type": "Point",
        "coordinates": [
          77.1072337,
          28.6143707
        ]
      },
      "properties": {
        "id": 13472864233,
        "name": "Punjab National Bank",
        "operator": "Punjab National Bank",
        "amenity": "atm"
      }
    },
    {
      "type": "Feature",
      "geometry": {
        "type": "Point",
        "coordinates": [
          77.1073574,
          28.6143684
        ]
      },
      "properties": {
        "id": 13472864234,
        "name": "IndusInd Bank",
        "operator": "IndusInd Bank",
        "amenity": "atm"
      }
    },
    {
      "type": "Feature",
      "geometry": {
        "type": "Point",
        "coordinates": [
          77.0937781,
          28.6214101
        ]
      },
      "properties": {
        "id": 13506157297,
        "name": "Punjab National Bank",
        "operator": "Punjab National Bank",
        "amenity": "atm"
      }
    },
    {
      "type": "Feature",
      "geometry": {
        "type": "Point",
        "coordinates": [
          77.1297723,
          28.7142593
        ]
      },
      "properties": {
        "id": 13516694701,
        "name": "HDFC Bank",
        "operator": "Unknown Bank",
        "amenity": "bank"
      }
    },
    {
      "type": "Feature",
      "geometry": {
        "type": "Point",
        "coordinates": [
          77.2313649,
          28.618946
        ]
      },
      "properties": {
        "id": 13522711518,
        "name": "Unknown",
        "operator": "Union Bank of India",
        "amenity": "atm"
      }
    },
    {
      "type": "Feature",
      "geometry": {
        "type": "Point",
        "coordinates": [
          77.1896207,
          28.7041934
        ]
      },
      "properties": {
        "id": 13566053766,
        "name": "ICICI Bank",
        "operator": "Unknown Bank",
        "amenity": "bank"
      }
    },
    {
      "type": "Feature",
      "geometry": {
        "type": "Point",
        "coordinates": [
          77.1901304,
          28.7039784
        ]
      },
      "properties": {
        "id": 13566054221,
        "name": "IndusInd Bank",
        "operator": "Unknown Bank",
        "amenity": "bank"
      }
    },
    {
      "type": "Feature",
      "geometry": {
        "type": "Point",
        "coordinates": [
          77.1902814,
          28.7039077
        ]
      },
      "properties": {
        "id": 13566057612,
        "name": "Bandhan Bank",
        "operator": "Unknown Bank",
        "amenity": "bank"
      }
    },
    {
      "type": "Feature",
      "geometry": {
        "type": "Point",
        "coordinates": [
          77.1893321,
          28.7043107
        ]
      },
      "properties": {
        "id": 13566058933,
        "name": "Kotak Mahindra Bank",
        "operator": "Unknown Bank",
        "amenity": "bank"
      }
    },
    {
      "type": "Feature",
      "geometry": {
        "type": "Point",
        "coordinates": [
          77.1900732,
          28.70571
        ]
      },
      "properties": {
        "id": 13566064822,
        "name": "Bank of Baroda",
        "operator": "Unknown Bank",
        "amenity": "bank"
      }
    },
    {
      "type": "Feature",
      "geometry": {
        "type": "Point",
        "coordinates": [
          77.1895396,
          28.704209
        ]
      },
      "properties": {
        "id": 13566068946,
        "name": "HDFC Bank",
        "operator": "Unknown Bank",
        "amenity": "bank"
      }
    },
    {
      "type": "Feature",
      "geometry": {
        "type": "Point",
        "coordinates": [
          77.1900642,
          28.7056815
        ]
      },
      "properties": {
        "id": 13566070213,
        "name": "Unknown",
        "operator": "Bank of Baroda",
        "amenity": "atm"
      }
    },
    {
      "type": "Feature",
      "geometry": {
        "type": "Point",
        "coordinates": [
          77.1903959,
          28.7038786
        ]
      },
      "properties": {
        "id": 13566085403,
        "name": "HDFC Bank",
        "operator": "Unknown Bank",
        "amenity": "bank"
      }
    },
    {
      "type": "Feature",
      "geometry": {
        "type": "Point",
        "coordinates": [
          77.190513,
          28.7038558
        ]
      },
      "properties": {
        "id": 13566153987,
        "name": "RBL Bank",
        "operator": "Unknown Bank",
        "amenity": "bank"
      }
    },
    {
      "type": "Feature",
      "geometry": {
        "type": "Point",
        "coordinates": [
          77.1899579,
          28.704082
        ]
      },
      "properties": {
        "id": 13566153990,
        "name": "Saraswat Co-operative Bank",
        "operator": "Unknown Bank",
        "amenity": "bank"
      }
    },
    {
      "type": "Feature",
      "geometry": {
        "type": "Point",
        "coordinates": [
          77.1900097,
          28.704064
        ]
      },
      "properties": {
        "id": 13566153994,
        "name": "Yes Bank",
        "operator": "Unknown Bank",
        "amenity": "bank"
      }
    },
    {
      "type": "Feature",
      "geometry": {
        "type": "Point",
        "coordinates": [
          77.1389415,
          28.7157866
        ]
      },
      "properties": {
        "id": 13569544648,
        "name": "HDFC Bank",
        "operator": "Unknown Bank",
        "amenity": "bank"
      }
    },
    {
      "type": "Feature",
      "geometry": {
        "type": "Point",
        "coordinates": [
          77.1390823,
          28.716188
        ]
      },
      "properties": {
        "id": 13569561674,
        "name": "IDFC First Bank",
        "operator": "Unknown Bank",
        "amenity": "bank"
      }
    },
    {
      "type": "Feature",
      "geometry": {
        "type": "Point",
        "coordinates": [
          77.1383251,
          28.7138144
        ]
      },
      "properties": {
        "id": 13569573196,
        "name": "Canara Bank",
        "operator": "Unknown Bank",
        "amenity": "bank"
      }
    },
    {
      "type": "Feature",
      "geometry": {
        "type": "Point",
        "coordinates": [
          77.138279,
          28.7136008
        ]
      },
      "properties": {
        "id": 13569597703,
        "name": "Axis Bank",
        "operator": "Unknown Bank",
        "amenity": "bank"
      }
    },
    {
      "type": "Feature",
      "geometry": {
        "type": "Point",
        "coordinates": [
          77.2016634,
          28.6832376
        ]
      },
      "properties": {
        "id": 13573049156,
        "name": "HDFC Bank",
        "operator": "Unknown Bank",
        "amenity": "bank"
      }
    },
    {
      "type": "Feature",
      "geometry": {
        "type": "Point",
        "coordinates": [
          77.2166463,
          28.6946639
        ]
      },
      "properties": {
        "id": 13575085636,
        "name": "ICICI Bank",
        "operator": "Unknown Bank",
        "amenity": "bank"
      }
    },
    {
      "type": "Feature",
      "geometry": {
        "type": "Point",
        "coordinates": [
          77.0684768,
          28.4248305
        ]
      },
      "properties": {
        "id": 13584134282,
        "name": "Bank of Maharashtra",
        "operator": "Unknown Bank",
        "amenity": "bank"
      }
    },
    {
      "type": "Feature",
      "geometry": {
        "type": "Point",
        "coordinates": [
          77.2204231,
          28.6974402
        ]
      },
      "properties": {
        "id": 13594712502,
        "name": "Punjab National Bank",
        "operator": "Unknown Bank",
        "amenity": "bank"
      }
    },
    {
      "type": "Feature",
      "geometry": {
        "type": "Point",
        "coordinates": [
          77.1387815,
          28.65232
        ]
      },
      "properties": {
        "id": 13597152937,
        "name": "Yes Bank",
        "operator": "Unknown Bank",
        "amenity": "bank"
      }
    },
    {
      "type": "Feature",
      "geometry": {
        "type": "Point",
        "coordinates": [
          77.2947662,
          28.6067573
        ]
      },
      "properties": {
        "id": 13612096013,
        "name": "Indian Bank",
        "operator": "Unknown Bank",
        "amenity": "bank"
      }
    },
    {
      "type": "Feature",
      "geometry": {
        "type": "Point",
        "coordinates": [
          77.2931629,
          28.6043231
        ]
      },
      "properties": {
        "id": 13621275518,
        "name": "Unknown",
        "operator": "Union Bank",
        "amenity": "atm"
      }
    },
    {
      "type": "Feature",
      "geometry": {
        "type": "Point",
        "coordinates": [
          77.2936732,
          28.6043878
        ]
      },
      "properties": {
        "id": 13621275521,
        "name": "State Bank of India",
        "operator": "State Bank of India",
        "amenity": "bank"
      }
    },
    {
      "type": "Feature",
      "geometry": {
        "type": "Point",
        "coordinates": [
          77.1553731,
          28.5614727
        ]
      },
      "properties": {
        "id": 13624445501,
        "name": "HDFC Bank",
        "operator": "Unknown Bank",
        "amenity": "bank"
      }
    },
    {
      "type": "Feature",
      "geometry": {
        "type": "Point",
        "coordinates": [
          77.1554728,
          28.5615407
        ]
      },
      "properties": {
        "id": 13624445701,
        "name": "Unknown",
        "operator": "HDFC",
        "amenity": "atm"
      }
    },
    {
      "type": "Feature",
      "geometry": {
        "type": "Point",
        "coordinates": [
          77.2898323,
          28.6034157
        ]
      },
      "properties": {
        "id": 13626290456,
        "name": "Unknown",
        "operator": "Punjab National Bank",
        "amenity": "atm"
      }
    },
    {
      "type": "Feature",
      "geometry": {
        "type": "Point",
        "coordinates": [
          77.2922176,
          28.6091349
        ]
      },
      "properties": {
        "id": 13626603989,
        "name": "Unknown",
        "operator": "Unknown Bank",
        "amenity": "atm"
      }
    },
    {
      "type": "Feature",
      "geometry": {
        "type": "Point",
        "coordinates": [
          77.2940571,
          28.6093383
        ]
      },
      "properties": {
        "id": 13626641563,
        "name": "Axis Bank",
        "operator": "Axis Bank",
        "amenity": "atm"
      }
    },
    {
      "type": "Feature",
      "geometry": {
        "type": "Point",
        "coordinates": [
          77.2921947,
          28.6094158
        ]
      },
      "properties": {
        "id": 13628916375,
        "name": "Unknown",
        "operator": "Canara Bank",
        "amenity": "atm"
      }
    },
    {
      "type": "Feature",
      "geometry": {
        "type": "Point",
        "coordinates": [
          77.200403,
          28.6814915
        ]
      },
      "properties": {
        "id": 13644908898,
        "name": "Unknown",
        "operator": "Unknown Bank",
        "amenity": "atm"
      }
    },
    {
      "type": "Feature",
      "geometry": {
        "type": "Point",
        "coordinates": [
          77.2015978,
          28.6814018
        ]
      },
      "properties": {
        "id": 13644931601,
        "name": "CSB Bank",
        "operator": "Unknown Bank",
        "amenity": "bank"
      }
    },
    {
      "type": "Feature",
      "geometry": {
        "type": "Point",
        "coordinates": [
          77.2011636,
          28.6810927
        ]
      },
      "properties": {
        "id": 13644931634,
        "name": "Unknown",
        "operator": "Canara Bank",
        "amenity": "atm"
      }
    },
    {
      "type": "Feature",
      "geometry": {
        "type": "Point",
        "coordinates": [
          77.2014786,
          28.6813493
        ]
      },
      "properties": {
        "id": 13644931637,
        "name": "Bandhan Bank",
        "operator": "Unknown Bank",
        "amenity": "bank"
      }
    },
    {
      "type": "Feature",
      "geometry": {
        "type": "Point",
        "coordinates": [
          77.202131,
          28.6816802
        ]
      },
      "properties": {
        "id": 13644931672,
        "name": "ESAF Small Finance Bank",
        "operator": "Unknown Bank",
        "amenity": "bank"
      }
    },
    {
      "type": "Feature",
      "geometry": {
        "type": "Point",
        "coordinates": [
          77.2087261,
          28.5732449
        ]
      },
      "properties": {
        "id": 13647468641,
        "name": "Punjab National Bank",
        "operator": "Punjab National Bank",
        "amenity": "atm"
      }
    },
    {
      "type": "Feature",
      "geometry": {
        "type": "Point",
        "coordinates": [
          77.2422241,
          28.5653764
        ]
      },
      "properties": {
        "id": 13663791173,
        "name": "HSBC",
        "operator": "Unknown Bank",
        "amenity": "bank"
      }
    },
    {
      "type": "Feature",
      "geometry": {
        "type": "Point",
        "coordinates": [
          77.2417863,
          28.6268436
        ]
      },
      "properties": {
        "id": 13670646021,
        "name": "Bank of India",
        "operator": "Unknown Bank",
        "amenity": "bank"
      }
    },
    {
      "type": "Feature",
      "geometry": {
        "type": "Point",
        "coordinates": [
          77.213635,
          28.6173918
        ]
      },
      "properties": {
        "id": 13681529729,
        "name": "Unknown",
        "operator": "Central Bank of India",
        "amenity": "atm"
      }
    },
    {
      "type": "Feature",
      "geometry": {
        "type": "Point",
        "coordinates": [
          77.2192562,
          28.6323787
        ]
      },
      "properties": {
        "id": 13714178299,
        "name": "State Bank of India",
        "operator": "State Bank of India",
        "amenity": "atm"
      }
    },
    {
      "type": "Feature",
      "geometry": {
        "type": "Point",
        "coordinates": [
          77.2876489,
          28.6279116
        ]
      },
      "properties": {
        "id": 13721945349,
        "name": "Unknown",
        "operator": "State Bank of India",
        "amenity": "atm"
      }
    },
    {
      "type": "Feature",
      "geometry": {
        "type": "Point",
        "coordinates": [
          77.1732426,
          28.7138047
        ]
      },
      "properties": {
        "id": 13731198029,
        "name": "Kotak Mahindra",
        "operator": "Unknown Bank",
        "amenity": "bank"
      }
    },
    {
      "type": "Feature",
      "geometry": {
        "type": "Point",
        "coordinates": [
          77.1273422,
          28.5641329
        ]
      },
      "properties": {
        "id": 13747518871,
        "name": "Unknown",
        "operator": "Unknown Bank",
        "amenity": "atm"
      }
    },
    {
      "type": "Feature",
      "geometry": {
        "type": "Point",
        "coordinates": [
          77.2100484,
          28.5438492
        ]
      },
      "properties": {
        "id": 13763852491,
        "name": "Unknown",
        "operator": "Unknown Bank",
        "amenity": "atm"
      }
    },
    {
      "type": "Feature",
      "geometry": {
        "type": "Point",
        "coordinates": [
          77.167351,
          28.5725563
        ]
      },
      "properties": {
        "id": 13780550331,
        "name": "HDFC Bank",
        "operator": "Unknown Bank",
        "amenity": "bank"
      }
    },
    {
      "type": "Feature",
      "geometry": {
        "type": "Point",
        "coordinates": [
          77.2097552,
          28.556007
        ]
      },
      "properties": {
        "id": 13790624027,
        "name": "Punjab National Bank",
        "operator": "Unknown Bank",
        "amenity": "bank"
      }
    },
    {
      "type": "Feature",
      "geometry": {
        "type": "Point",
        "coordinates": [
          77.2096309,
          28.555918
        ]
      },
      "properties": {
        "id": 13792895700,
        "name": "Punjab National Bank",
        "operator": "Unknown Bank",
        "amenity": "bank"
      }
    },
    {
      "type": "Feature",
      "geometry": {
        "type": "Point",
        "coordinates": [
          77.2511597,
          28.5474925
        ]
      },
      "properties": {
        "id": 13808184947,
        "name": "Unknown",
        "operator": "Bank of Baroda",
        "amenity": "atm"
      }
    },
    {
      "type": "Feature",
      "geometry": {
        "type": "Point",
        "coordinates": [
          77.2511524,
          28.5475123
        ]
      },
      "properties": {
        "id": 13808221125,
        "name": "Bank of Baroda",
        "operator": "Unknown Bank",
        "amenity": "bank"
      }
    },
    {
      "type": "Feature",
      "geometry": {
        "type": "Point",
        "coordinates": [
          77.1296732,
          28.714142
        ]
      },
      "properties": {
        "id": 13811229401,
        "name": "Bandhan Bank",
        "operator": "Unknown Bank",
        "amenity": "bank"
      }
    },
    {
      "type": "Feature",
      "geometry": {
        "type": "Point",
        "coordinates": [
          77.196525,
          28.5619233
        ]
      },
      "properties": {
        "id": 13814230346,
        "name": "Unknown",
        "operator": "Axis Bank",
        "amenity": "atm"
      }
    },
    {
      "type": "Feature",
      "geometry": {
        "type": "Point",
        "coordinates": [
          77.2441899,
          28.5404702
        ]
      },
      "properties": {
        "id": 13815887142,
        "name": "Unknown",
        "operator": "HDFC",
        "amenity": "atm"
      }
    },
    {
      "type": "Feature",
      "geometry": {
        "type": "Point",
        "coordinates": [
          77.2438567,
          28.540388
        ]
      },
      "properties": {
        "id": 13815887143,
        "name": "South Indian Bank",
        "operator": "Unknown Bank",
        "amenity": "bank"
      }
    },
    {
      "type": "Feature",
      "geometry": {
        "type": "Point",
        "coordinates": [
          77.2443283,
          28.5402134
        ]
      },
      "properties": {
        "id": 13815887144,
        "name": "Bandhan Bank",
        "operator": "Unknown Bank",
        "amenity": "bank"
      }
    },
    {
      "type": "Feature",
      "geometry": {
        "type": "Point",
        "coordinates": [
          77.2786095,
          28.6310064
        ]
      },
      "properties": {
        "id": 13846287141,
        "name": "Kotak Mahindra Bank",
        "operator": "Unknown Bank",
        "amenity": "bank"
      }
    },
    {
      "type": "Feature",
      "geometry": {
        "type": "Point",
        "coordinates": [
          77.2823406,
          28.6340036
        ]
      },
      "properties": {
        "id": 13846287152,
        "name": "Unknown",
        "operator": "Punjab National Bank",
        "amenity": "atm"
      }
    },
    {
      "type": "Feature",
      "geometry": {
        "type": "Point",
        "coordinates": [
          77.2666642,
          28.5604602
        ]
      },
      "properties": {
        "id": 13855678295,
        "name": "Kotak Mahindra Bank",
        "operator": "Unknown Bank",
        "amenity": "bank"
      }
    },
    {
      "type": "Feature",
      "geometry": {
        "type": "Point",
        "coordinates": [
          77.2088173,
          28.5576879
        ]
      },
      "properties": {
        "id": 13905935014,
        "name": "Unknown",
        "operator": "Canara Bank",
        "amenity": "atm"
      }
    },
    {
      "type": "Feature",
      "geometry": {
        "type": "Point",
        "coordinates": [
          77.0858344,
          28.4973199
        ]
      },
      "properties": {
        "id": 13952309701,
        "name": "Yes Bank",
        "operator": "Unknown Bank",
        "amenity": "bank"
      }
    },
    {
      "type": "Feature",
      "geometry": {
        "type": "Point",
        "coordinates": [
          77.1497547,
          28.5304288
        ]
      },
      "properties": {
        "id": 13957311823,
        "name": "Central Bank of India",
        "operator": "Unknown Bank",
        "amenity": "bank"
      }
    },
    {
      "type": "Feature",
      "geometry": {
        "type": "Point",
        "coordinates": [
          77.2171543,
          28.5736643
        ]
      },
      "properties": {
        "id": 13969467516,
        "name": "State Bank of India",
        "operator": "Unknown Bank",
        "amenity": "bank"
      }
    },
    {
      "type": "Feature",
      "geometry": {
        "type": "Point",
        "coordinates": [
          77.1895887,
          28.5743733
        ]
      },
      "properties": {
        "id": 13969467537,
        "name": "Canara Bank",
        "operator": "Unknown Bank",
        "amenity": "bank"
      }
    },
    {
      "type": "Feature",
      "geometry": {
        "type": "Point",
        "coordinates": [
          77.0559133,
          28.4180652
        ]
      },
      "properties": {
        "id": 13974268616,
        "name": "Bandhan Bank",
        "operator": "Unknown Bank",
        "amenity": "bank"
      }
    },
    {
      "type": "Feature",
      "geometry": {
        "type": "Point",
        "coordinates": [
          77.0562341,
          28.4177248
        ]
      },
      "properties": {
        "id": 13974268620,
        "name": "Utkarsh Small Finance Bank",
        "operator": "Utkarsh Small Finance Bank",
        "amenity": "bank"
      }
    },
    {
      "type": "Feature",
      "geometry": {
        "type": "Point",
        "coordinates": [
          77.2528047,
          28.5823128
        ]
      },
      "properties": {
        "id": 13979485981,
        "name": "Unknown",
        "operator": "Unknown Bank",
        "amenity": "atm"
      }
    },
    {
      "type": "Feature",
      "geometry": {
        "type": "Point",
        "coordinates": [
          77.2284265,
          28.5670286
        ]
      },
      "properties": {
        "id": 13982741902,
        "name": "State Bank of India",
        "operator": "Unknown Bank",
        "amenity": "bank"
      }
    },
    {
      "type": "Feature",
      "geometry": {
        "type": "Point",
        "coordinates": [
          77.2290489,
          28.5667669
        ]
      },
      "properties": {
        "id": 13982741950,
        "name": "ICICI Bank",
        "operator": "Unknown Bank",
        "amenity": "bank"
      }
    },
    {
      "type": "Feature",
      "geometry": {
        "type": "Point",
        "coordinates": [
          77.2667964,
          28.570433
        ]
      },
      "properties": {
        "id": 13983341132,
        "name": "HDFC bank",
        "operator": "Unknown Bank",
        "amenity": "bank"
      }
    },
    {
      "type": "Feature",
      "geometry": {
        "type": "Point",
        "coordinates": [
          77.058415,
          28.4271309
        ]
      },
      "properties": {
        "id": 13996916120,
        "name": "Yes Bank",
        "operator": "Unknown Bank",
        "amenity": "bank"
      }
    },
    {
      "type": "Feature",
      "geometry": {
        "type": "Point",
        "coordinates": [
          77.0582473,
          28.4269757
        ]
      },
      "properties": {
        "id": 13996916123,
        "name": "Axis Bank",
        "operator": "Unknown Bank",
        "amenity": "bank"
      }
    },
    {
      "type": "Feature",
      "geometry": {
        "type": "Point",
        "coordinates": [
          77.0584252,
          28.4268461
        ]
      },
      "properties": {
        "id": 13996916126,
        "name": "State Bank of India",
        "operator": "Unknown Bank",
        "amenity": "bank"
      }
    },
    {
      "type": "Feature",
      "geometry": {
        "type": "Point",
        "coordinates": [
          77.2172175,
          28.5683685
        ]
      },
      "properties": {
        "id": 13997784675,
        "name": "ICICI Bank",
        "operator": "Unknown Bank",
        "amenity": "bank"
      }
    },
    {
      "type": "Feature",
      "geometry": {
        "type": "Point",
        "coordinates": [
          77.2246827,
          28.5677546
        ]
      },
      "properties": {
        "id": 13997784681,
        "name": "Canara Bank",
        "operator": "Unknown Bank",
        "amenity": "bank"
      }
    },
    {
      "type": "Feature",
      "geometry": {
        "type": "Point",
        "coordinates": [
          77.2216162,
          28.5689509
        ]
      },
      "properties": {
        "id": 13997784688,
        "name": "Unknown",
        "operator": "Axis Bank",
        "amenity": "atm"
      }
    },
    {
      "type": "Feature",
      "geometry": {
        "type": "Point",
        "coordinates": [
          77.2246649,
          28.5676795
        ]
      },
      "properties": {
        "id": 13999844968,
        "name": "Central Bank of India",
        "operator": "Unknown Bank",
        "amenity": "bank"
      }
    },
    {
      "type": "Feature",
      "geometry": {
        "type": "Point",
        "coordinates": [
          77.2230455,
          28.5689793
        ]
      },
      "properties": {
        "id": 13999844969,
        "name": "Indian Bank",
        "operator": "Unknown Bank",
        "amenity": "bank"
      }
    },
    {
      "type": "Feature",
      "geometry": {
        "type": "Point",
        "coordinates": [
          77.2229109,
          28.5689236
        ]
      },
      "properties": {
        "id": 13999844981,
        "name": "HDFC Bank",
        "operator": "Unknown Bank",
        "amenity": "bank"
      }
    },
    {
      "type": "Feature",
      "geometry": {
        "type": "Point",
        "coordinates": [
          77.2230174,
          28.5689252
        ]
      },
      "properties": {
        "id": 13999844986,
        "name": "Bank of Maharashtra",
        "operator": "Unknown Bank",
        "amenity": "bank"
      }
    },
    {
      "type": "Feature",
      "geometry": {
        "type": "Point",
        "coordinates": [
          77.2176432,
          28.5683475
        ]
      },
      "properties": {
        "id": 13999858803,
        "name": "RBL Bank",
        "operator": "Unknown Bank",
        "amenity": "bank"
      }
    },
    {
      "type": "Feature",
      "geometry": {
        "type": "Point",
        "coordinates": [
          77.223304,
          28.5688401
        ]
      },
      "properties": {
        "id": 14002488858,
        "name": "Bandhan Bank",
        "operator": "Unknown Bank",
        "amenity": "bank"
      }
    },
    {
      "type": "Feature",
      "geometry": {
        "type": "Point",
        "coordinates": [
          77.2207102,
          28.5689869
        ]
      },
      "properties": {
        "id": 14002488871,
        "name": "IndusInd Bank",
        "operator": "IndusInd Bank",
        "amenity": "atm"
      }
    },
    {
      "type": "Feature",
      "geometry": {
        "type": "Point",
        "coordinates": [
          77.2234092,
          28.5688442
        ]
      },
      "properties": {
        "id": 14002488874,
        "name": "Punjab National Bank",
        "operator": "Unknown Bank",
        "amenity": "bank"
      }
    },
    {
      "type": "Feature",
      "geometry": {
        "type": "Point",
        "coordinates": [
          77.2239034,
          28.5836941
        ]
      },
      "properties": {
        "id": 14008764593,
        "name": "Unknown",
        "operator": "Punjab National Bank",
        "amenity": "atm"
      }
    },
    {
      "type": "Feature",
      "geometry": {
        "type": "Point",
        "coordinates": [
          77.220577,
          28.5822647
        ]
      },
      "properties": {
        "id": 14014304615,
        "name": "Unknown",
        "operator": "Axis Bank",
        "amenity": "atm"
      }
    },
    {
      "type": "Feature",
      "geometry": {
        "type": "Point",
        "coordinates": [
          77.2461193,
          28.5649003
        ]
      },
      "properties": {
        "id": 14017165269,
        "name": "AU Small Finance Bank",
        "operator": "Unknown Bank",
        "amenity": "bank"
      }
    },
    {
      "type": "Feature",
      "geometry": {
        "type": "Point",
        "coordinates": [
          77.2510298,
          28.582698
        ]
      },
      "properties": {
        "id": 14017165297,
        "name": "Punjab National Bank",
        "operator": "Unknown Bank",
        "amenity": "bank"
      }
    },
    {
      "type": "Feature",
      "geometry": {
        "type": "Point",
        "coordinates": [
          77.2377563,
          28.5646573
        ]
      },
      "properties": {
        "id": 14017179763,
        "name": "ICICI Bank",
        "operator": "Unknown Bank",
        "amenity": "bank"
      }
    },
    {
      "type": "Feature",
      "geometry": {
        "type": "Point",
        "coordinates": [
          77.2426298,
          28.5646029
        ]
      },
      "properties": {
        "id": 14017179770,
        "name": "HDFC Bank",
        "operator": "Unknown Bank",
        "amenity": "bank"
      }
    },
    {
      "type": "Feature",
      "geometry": {
        "type": "Point",
        "coordinates": [
          77.2507873,
          28.5829515
        ]
      },
      "properties": {
        "id": 14017793431,
        "name": "State Bank of India",
        "operator": "Unknown Bank",
        "amenity": "bank"
      }
    },
    {
      "type": "Feature",
      "geometry": {
        "type": "Point",
        "coordinates": [
          77.2324778,
          28.5661152
        ]
      },
      "properties": {
        "id": 14017793442,
        "name": "Punjab & Sind Bank",
        "operator": "Unknown Bank",
        "amenity": "bank"
      }
    },
    {
      "type": "Feature",
      "geometry": {
        "type": "Point",
        "coordinates": [
          77.2105653,
          28.5765257
        ]
      },
      "properties": {
        "id": 14019327160,
        "name": "Unknown",
        "operator": "Punjab National Bank",
        "amenity": "atm"
      }
    },
    {
      "type": "Feature",
      "geometry": {
        "type": "Point",
        "coordinates": [
          77.1262743,
          28.5469923
        ]
      },
      "properties": {
        "id": 14039654502,
        "name": "Unknown",
        "operator": "Unknown Bank",
        "amenity": "atm"
      }
    },
    {
      "type": "Feature",
      "geometry": {
        "type": "Point",
        "coordinates": [
          77.1519566,
          28.6987833
        ]
      },
      "properties": {
        "id": 14039743013,
        "name": "Punjab & Sind Bank",
        "operator": "Unknown Bank",
        "amenity": "bank"
      }
    },
    {
      "type": "Feature",
      "geometry": {
        "type": "Point",
        "coordinates": [
          77.2233598,
          28.5688579
        ]
      },
      "properties": {
        "id": 14041377331,
        "name": "Jana Small Finance Bank",
        "operator": "Unknown Bank",
        "amenity": "bank"
      }
    },
    {
      "type": "Feature",
      "geometry": {
        "type": "Point",
        "coordinates": [
          77.219886,
          28.5679258
        ]
      },
      "properties": {
        "id": 14041377449,
        "name": "Yes Bank",
        "operator": "Unknown Bank",
        "amenity": "bank"
      }
    },
    {
      "type": "Feature",
      "geometry": {
        "type": "Point",
        "coordinates": [
          77.155368,
          28.5415053
        ]
      },
      "properties": {
        "id": 14046155052,
        "name": "Unknown",
        "operator": "Yes Bank",
        "amenity": "atm"
      }
    },
    {
      "type": "Feature",
      "geometry": {
        "type": "Point",
        "coordinates": [
          77.1138601,
          28.7341152
        ]
      },
      "properties": {
        "id": 14051838263,
        "name": "HDFC Bank",
        "operator": "Bank",
        "amenity": "bank"
      }
    },
    {
      "type": "Feature",
      "geometry": {
        "type": "Point",
        "coordinates": [
          77.1785463,
          28.5750511
        ]
      },
      "properties": {
        "id": 14066036882,
        "name": "Canara Bank",
        "operator": "Unknown Bank",
        "amenity": "bank"
      }
    },
    {
      "type": "Feature",
      "geometry": {
        "type": "Point",
        "coordinates": [
          77.1855015,
          28.7100431
        ]
      },
      "properties": {
        "id": 14070593880,
        "name": "Indian Bank",
        "operator": "Unknown Bank",
        "amenity": "bank"
      }
    },
    {
      "type": "Feature",
      "geometry": {
        "type": "Point",
        "coordinates": [
          77.1861146,
          28.7108167
        ]
      },
      "properties": {
        "id": 14070593885,
        "name": "Canara Bank",
        "operator": "Unknown Bank",
        "amenity": "bank"
      }
    },
    {
      "type": "Feature",
      "geometry": {
        "type": "Point",
        "coordinates": [
          77.1850835,
          28.7083725
        ]
      },
      "properties": {
        "id": 14070731106,
        "name": "IDFC First Bank",
        "operator": "Unknown Bank",
        "amenity": "bank"
      }
    },
    {
      "type": "Feature",
      "geometry": {
        "type": "Point",
        "coordinates": [
          77.2270342,
          28.6205026
        ]
      },
      "properties": {
        "id": 14079933167,
        "name": "Unknown",
        "operator": "Unknown Bank",
        "amenity": "bank"
      }
    },
    {
      "type": "Feature",
      "geometry": {
        "type": "Point",
        "coordinates": [
          77.220014,
          28.5695219
        ]
      },
      "properties": {
        "id": 14080141456,
        "name": "Punjab National Bank",
        "operator": "Unknown Bank",
        "amenity": "bank"
      }
    },
    {
      "type": "Feature",
      "geometry": {
        "type": "Point",
        "coordinates": [
          77.2162872,
          28.6320205
        ]
      },
      "properties": {
        "id": 14081650255,
        "name": "Punjab National  Bank",
        "operator": "Unknown Bank",
        "amenity": "bank"
      }
    },
    {
      "type": "Feature",
      "geometry": {
        "type": "Point",
        "coordinates": [
          77.2162776,
          28.6320644
        ]
      },
      "properties": {
        "id": 14081653175,
        "name": "Axis Bank",
        "operator": "Unknown Bank",
        "amenity": "bank"
      }
    },
    {
      "type": "Feature",
      "geometry": {
        "type": "Point",
        "coordinates": [
          77.2162776,
          28.6320644
        ]
      },
      "properties": {
        "id": 14081679603,
        "name": "Axis Bank",
        "operator": "Unknown Bank",
        "amenity": "bank"
      }
    },
    {
      "type": "Feature",
      "geometry": {
        "type": "Point",
        "coordinates": [
          77.2198392,
          28.6282691
        ]
      },
      "properties": {
        "id": 14082118658,
        "name": "SBI",
        "operator": "Unknown Bank",
        "amenity": "bank"
      }
    },
    {
      "type": "Feature",
      "geometry": {
        "type": "Point",
        "coordinates": [
          77.2369472,
          28.5726997
        ]
      },
      "properties": {
        "id": 14087583627,
        "name": "Axis Bank",
        "operator": "Unknown Bank",
        "amenity": "bank"
      }
    },
    {
      "type": "Feature",
      "geometry": {
        "type": "Point",
        "coordinates": [
          77.1855407,
          28.7101475
        ]
      },
      "properties": {
        "id": 14089968895,
        "name": "Unknown",
        "operator": "CSB Bank",
        "amenity": "atm"
      }
    },
    {
      "type": "Feature",
      "geometry": {
        "type": "Point",
        "coordinates": [
          77.2291451,
          28.5743001
        ]
      },
      "properties": {
        "id": 14092074150,
        "name": "Bandhan Bank",
        "operator": "Unknown Bank",
        "amenity": "bank"
      }
    },
    {
      "type": "Feature",
      "geometry": {
        "type": "Point",
        "coordinates": [
          77.2288933,
          28.5737695
        ]
      },
      "properties": {
        "id": 14092074169,
        "name": "AU Small Finance Bank",
        "operator": "Unknown Bank",
        "amenity": "bank"
      }
    },
    {
      "type": "Feature",
      "geometry": {
        "type": "Point",
        "coordinates": [
          77.229632,
          28.5665289
        ]
      },
      "properties": {
        "id": 14094459858,
        "name": "RBL Bank",
        "operator": "Unknown Bank",
        "amenity": "bank"
      }
    },
    {
      "type": "Feature",
      "geometry": {
        "type": "Point",
        "coordinates": [
          77.2232858,
          28.5692771
        ]
      },
      "properties": {
        "id": 14100919732,
        "name": "Indian Bank",
        "operator": "Unknown Bank",
        "amenity": "bank"
      }
    },
    {
      "type": "Feature",
      "geometry": {
        "type": "Point",
        "coordinates": [
          77.2199456,
          28.5679222
        ]
      },
      "properties": {
        "id": 14100919746,
        "name": "ICICI Bank",
        "operator": "Unknown Bank",
        "amenity": "bank"
      }
    },
    {
      "type": "Feature",
      "geometry": {
        "type": "Point",
        "coordinates": [
          77.0809314,
          28.5943081
        ]
      },
      "properties": {
        "id": 14101196166,
        "name": "Unknown",
        "operator": "State Bank of India",
        "amenity": "atm"
      }
    },
    {
      "type": "Feature",
      "geometry": {
        "type": "Point",
        "coordinates": [
          77.0809293,
          28.5943445
        ]
      },
      "properties": {
        "id": 14101196184,
        "name": "State Bank of India",
        "operator": "State Bank of India",
        "amenity": "bank"
      }
    },
    {
      "type": "Feature",
      "geometry": {
        "type": "Point",
        "coordinates": [
          77.0864107,
          28.5875959
        ]
      },
      "properties": {
        "id": 14101585268,
        "name": "Unknown",
        "operator": "Punjab National Bank",
        "amenity": "atm"
      }
    },
    {
      "type": "Feature",
      "geometry": {
        "type": "Point",
        "coordinates": [
          77.2044333,
          28.6943439
        ]
      },
      "properties": {
        "id": 14105308768,
        "name": "Axis Bank",
        "operator": "Unknown Bank",
        "amenity": "bank"
      }
    },
    {
      "type": "Feature",
      "geometry": {
        "type": "Point",
        "coordinates": [
          77.2042578,
          28.6949711
        ]
      },
      "properties": {
        "id": 14107314075,
        "name": "HDFC Bank",
        "operator": "Unknown Bank",
        "amenity": "bank"
      }
    },
    {
      "type": "Feature",
      "geometry": {
        "type": "Point",
        "coordinates": [
          77.0743512,
          28.4652687
        ]
      },
      "properties": {
        "id": 14112503090,
        "name": "Canara Bank Millenium Plaza",
        "operator": "Unknown Bank",
        "amenity": "bank"
      }
    },
    {
      "type": "Feature",
      "geometry": {
        "type": "Point",
        "coordinates": [
          77.0743129,
          28.4655175
        ]
      },
      "properties": {
        "id": 14112503091,
        "name": "HDFC Bank Millenium Plaza",
        "operator": "Unknown Bank",
        "amenity": "bank"
      }
    },
    {
      "type": "Feature",
      "geometry": {
        "type": "Point",
        "coordinates": [
          77.0742802,
          28.4654327
        ]
      },
      "properties": {
        "id": 14112503092,
        "name": "State Bank of India Millenium Plaza",
        "operator": "Unknown Bank",
        "amenity": "bank"
      }
    },
    {
      "type": "Feature",
      "geometry": {
        "type": "Point",
        "coordinates": [
          77.0743534,
          28.4648106
        ]
      },
      "properties": {
        "id": 14112503093,
        "name": "Axis Bank Millenium Tower Sector 27",
        "operator": "Unknown Bank",
        "amenity": "bank"
      }
    },
    {
      "type": "Feature",
      "geometry": {
        "type": "Point",
        "coordinates": [
          77.0743316,
          28.4647304
        ]
      },
      "properties": {
        "id": 14112503094,
        "name": "Yes Bank Sector 27, Gurugram",
        "operator": "Unknown Bank",
        "amenity": "bank"
      }
    },
    {
      "type": "Feature",
      "geometry": {
        "type": "Point",
        "coordinates": [
          77.0743308,
          28.4647606
        ]
      },
      "properties": {
        "id": 14112503095,
        "name": "Kotak Mahindra Bank",
        "operator": "Unknown Bank",
        "amenity": "bank"
      }
    },
    {
      "type": "Feature",
      "geometry": {
        "type": "Point",
        "coordinates": [
          77.0743308,
          28.464698
        ]
      },
      "properties": {
        "id": 14112503096,
        "name": "Union Bank of India Sushant Lok Branch",
        "operator": "Unknown Bank",
        "amenity": "bank"
      }
    },
    {
      "type": "Feature",
      "geometry": {
        "type": "Point",
        "coordinates": [
          77.0744382,
          28.4682975
        ]
      },
      "properties": {
        "id": 14112503097,
        "name": "State Bank of India A-Block, Sushant Lok",
        "operator": "Unknown Bank",
        "amenity": "bank"
      }
    },
    {
      "type": "Feature",
      "geometry": {
        "type": "Point",
        "coordinates": [
          77.0744341,
          28.4683302
        ]
      },
      "properties": {
        "id": 14112503098,
        "name": "HDFC Bank Bestech Centre Sushant Lok",
        "operator": "Unknown Bank",
        "amenity": "bank"
      }
    },
    {
      "type": "Feature",
      "geometry": {
        "type": "Point",
        "coordinates": [
          77.0746336,
          28.468302
        ]
      },
      "properties": {
        "id": 14112503100,
        "name": "IndusInd Bank",
        "operator": "Unknown Bank",
        "amenity": "bank"
      }
    },
    {
      "type": "Feature",
      "geometry": {
        "type": "Point",
        "coordinates": [
          77.0569685,
          28.4268931
        ]
      },
      "properties": {
        "id": 14112525867,
        "name": "HDFC Bank SS Plaza",
        "operator": "Unknown Bank",
        "amenity": "bank"
      }
    },
    {
      "type": "Feature",
      "geometry": {
        "type": "Point",
        "coordinates": [
          77.0739565,
          28.4790529
        ]
      },
      "properties": {
        "id": 14112544402,
        "name": "State Bank of India Special NRI Branch, Gurugram",
        "operator": "Unknown Bank",
        "amenity": "bank"
      }
    },
    {
      "type": "Feature",
      "geometry": {
        "type": "Point",
        "coordinates": [
          77.0737098,
          28.4790194
        ]
      },
      "properties": {
        "id": 14112544403,
        "name": "Indian Overseas Bank DLF Phase 2",
        "operator": "Unknown Bank",
        "amenity": "bank"
      }
    },
    {
      "type": "Feature",
      "geometry": {
        "type": "Point",
        "coordinates": [
          77.0736393,
          28.479017
        ]
      },
      "properties": {
        "id": 14112544404,
        "name": "HDFC Bank Sewa Corporate Park Gurugram",
        "operator": "Unknown Bank",
        "amenity": "bank"
      }
    },
    {
      "type": "Feature",
      "geometry": {
        "type": "Point",
        "coordinates": [
          77.0735477,
          28.479012
        ]
      },
      "properties": {
        "id": 14112544405,
        "name": "Federal Bank Gurugram MG Road",
        "operator": "Unknown Bank",
        "amenity": "bank"
      }
    },
    {
      "type": "Feature",
      "geometry": {
        "type": "Point",
        "coordinates": [
          77.2569885,
          28.5597966
        ]
      },
      "properties": {
        "id": 14131315937,
        "name": "Unknown",
        "operator": "Indian Overseas Bank",
        "amenity": "atm"
      }
    },
    {
      "type": "Feature",
      "geometry": {
        "type": "Point",
        "coordinates": [
          77.2497025,
          28.5499617
        ]
      },
      "properties": {
        "id": 14131315958,
        "name": "Axis Bank",
        "operator": "Unknown Bank",
        "amenity": "bank"
      }
    },
    {
      "type": "Feature",
      "geometry": {
        "type": "Point",
        "coordinates": [
          77.2498008,
          28.5499968
        ]
      },
      "properties": {
        "id": 14131315959,
        "name": "ICICI Bank",
        "operator": "Unknown Bank",
        "amenity": "bank"
      }
    },
    {
      "type": "Feature",
      "geometry": {
        "type": "Point",
        "coordinates": [
          77.256311,
          28.5593986
        ]
      },
      "properties": {
        "id": 14131315973,
        "name": "Unknown",
        "operator": "Axis Bank",
        "amenity": "atm"
      }
    },
    {
      "type": "Feature",
      "geometry": {
        "type": "Point",
        "coordinates": [
          77.2480211,
          28.5557723
        ]
      },
      "properties": {
        "id": 14131315974,
        "name": "Punjab National Bank",
        "operator": "Unknown Bank",
        "amenity": "bank"
      }
    },
    {
      "type": "Feature",
      "geometry": {
        "type": "Point",
        "coordinates": [
          77.0530426,
          28.4214214
        ]
      },
      "properties": {
        "id": 14133355648,
        "name": "ICICI Bank Malibu Towne Sector 50",
        "operator": "Unknown Bank",
        "amenity": "bank"
      }
    },
    {
      "type": "Feature",
      "geometry": {
        "type": "Point",
        "coordinates": [
          77.0530426,
          28.4214214
        ]
      },
      "properties": {
        "id": 14135056527,
        "name": "ICICI Bank Malibu Towne Sector 50",
        "operator": "Unknown Bank",
        "amenity": "bank"
      }
    }
  ]
}